experiment,scenario,label_cs,description,repetition,seed,draws,tickets_sold_per_draw,prize_pool_share,jackpot_cap,total_ticket_sales,total_prize_pool,total_actual_payout,total_actual_upper_tier_payout,jackpot_hits,jackpot_cap_hits,cap_reach_count,total_overflow_to_class2,total_overflow_to_class3,max_jackpot_fund_observed,final_jackpot_carryover,average_jackpot_available,average_total_payout,payout_std_dev,upper_tier_payout_std_dev,average_rollover_length,longest_rollover_length,average_time_to_cap
h2_jackpot_cap,cap_90m,90 mil. €,Nižší strop jackpotu 90 mil. €.,1,250426,1000,25000000,0.5,90000000.0,50000000000.0,25000000000.0,22552650000.0,12165150000.0,190,148,29,1071000000.0,0.0,90000000.0,81000000.0,43110000.0,22552650.0,21234208.37887535,21234208.37887535,5.586206896551724,29,10
h2_jackpot_cap,cap_90m,90 mil. €,Nižší strop jackpotu 90 mil. €.,2,250427,1000,25000000,0.5,90000000.0,50000000000.0,25000000000.0,22622900000.0,12235400000.0,147,229,41,1692000000.0,0.0,90000000.0,18000000.0,49824000.0,22622900.0,22139993.464091178,22139993.464091178,6.511450381679389,34,10
h2_jackpot_cap,cap_90m,90 mil. €,Nižší strop jackpotu 90 mil. €.,3,250428,1000,25000000,0.5,90000000.0,50000000000.0,25000000000.0,22613500000.0,12226000000.0,167,169,30,1251000000.0,0.0,90000000.0,9000000.0,45288000.0,22613500.0,21511702.460521344,21511702.460521344,5.744827586206896,30,10
h2_jackpot_cap,cap_90m,90 mil. €,Nižší strop jackpotu 90 mil. €.,4,250429,1000,25000000,0.5,90000000.0,50000000000.0,25000000000.0,22622500000.0,12235000000.0,173,142,32,990000000.0,0.0,90000000.0,45000000.0,43677000.0,22622500.0,22050245.321764562,22050245.321764562,5.703448275862069,25,10
h2_jackpot_cap,cap_90m,90 mil. €,Nižší strop jackpotu 90 mil. €.,5,250430,1000,25000000,0.5,90000000.0,50000000000.0,25000000000.0,22589450000.0,12201950000.0,154,217,36,1629000000.0,0.0,90000000.0,18000000.0,48861000.0,22589450.0,21805530.403947987,21805530.403947987,6.409090909090909,29,10
h2_jackpot_cap,cap_90m,90 mil. €,Nižší strop jackpotu 90 mil. €.,6,250431,1000,25000000,0.5,90000000.0,50000000000.0,25000000000.0,22604500000.0,12217000000.0,166,165,31,1206000000.0,0.0,90000000.0,45000000.0,45243000.0,22604500.0,21626245.738685206,21626245.738685206,5.712328767123288,44,10
h2_jackpot_cap,cap_90m,90 mil. €,Nižší strop jackpotu 90 mil. €.,7,250432,1000,25000000,0.5,90000000.0,50000000000.0,25000000000.0,22547137500.0,12159637500.0,157,213,27,1674000000.0,0.0,90000000.0,90000000.0,47961000.0,22547137.5,20697219.969414823,20697219.969414823,6.021428571428571,52,10
h2_jackpot_cap,cap_90m,90 mil. €,Nižší strop jackpotu 90 mil. €.,8,250433,1000,25000000,0.5,90000000.0,50000000000.0,25000000000.0,22550900000.0,12163400000.0,151,195,28,1503000000.0,0.0,90000000.0,63000000.0,47088000.0,22550900.0,21384373.364445355,21384373.364445355,6.197080291970803,32,10
h2_jackpot_cap,cap_90m,90 mil. €,Nižší strop jackpotu 90 mil. €.,9,250434,1000,25000000,0.5,90000000.0,50000000000.0,25000000000.0,22635400000.0,12247900000.0,181,170,30,1260000000.0,0.0,90000000.0,36000000.0,44073000.0,22635400.0,21041352.305400904,21041352.305400904,5.533783783783784,25,10
h2_jackpot_cap,cap_90m,90 mil. €,Nižší strop jackpotu 90 mil. €.,10,250435,1000,25000000,0.5,90000000.0,50000000000.0,25000000000.0,22606650000.0,12219150000.0,156,229,32,1773000000.0,0.0,90000000.0,27000000.0,49752000.0,22606650.0,21325761.493496545,21325761.493496545,6.752,36,10
h2_jackpot_cap,cap_90m,90 mil. €,Nižší strop jackpotu 90 mil. €.,11,250436,1000,25000000,0.5,90000000.0,50000000000.0,25000000000.0,22635400000.0,12247900000.0,158,214,31,1647000000.0,0.0,90000000.0,54000000.0,48330000.0,22635400.0,21247301.166030474,21247301.166030474,6.427480916030534,45,10
h2_jackpot_cap,cap_90m,90 mil. €,Nižší strop jackpotu 90 mil. €.,12,250437,1000,25000000,0.5,90000000.0,50000000000.0,25000000000.0,22523487500.0,12135987500.0,166,183,28,1395000000.0,0.0,90000000.0,90000000.0,45900000.0,22523487.5,21052746.429945756,21052746.429945756,5.914893617021277,27,10
h2_jackpot_cap,cap_90m,90 mil. €,Nižší strop jackpotu 90 mil. €.,13,250438,1000,25000000,0.5,90000000.0,50000000000.0,25000000000.0,22664550000.0,12277050000.0,184,160,30,1170000000.0,0.0,90000000.0,27000000.0,43533000.0,22664550.0,21169608.305245046,21169608.305245046,5.403973509933775,25,10
h2_jackpot_cap,cap_90m,90 mil. €,Nižší strop jackpotu 90 mil. €.,14,250439,1000,25000000,0.5,90000000.0,50000000000.0,25000000000.0,22653800000.0,12266300000.0,162,213,36,1593000000.0,0.0,90000000.0,18000000.0,48195000.0,22653800.0,21602115.07144613,21602115.07144613,6.161764705882353,27,10
h2_jackpot_cap,cap_90m,90 mil. €,Nižší strop jackpotu 90 mil. €.,15,250440,1000,25000000,0.5,90000000.0,50000000000.0,25000000000.0,22571450000.0,12183950000.0,173,177,29,1332000000.0,0.0,90000000.0,45000000.0,45315000.0,22571450.0,21217755.59284016,21217755.59284016,5.9496402877697845,28,10
h2_jackpot_cap,cap_90m,90 mil. €,Nižší strop jackpotu 90 mil. €.,16,250441,1000,25000000,0.5,90000000.0,50000000000.0,25000000000.0,22624650000.0,12237150000.0,155,244,33,1899000000.0,0.0,90000000.0,36000000.0,50256000.0,22624650.0,21107179.8181922,21107179.8181922,6.450381679389313,32,10
h2_jackpot_cap,cap_90m,90 mil. €,Nižší strop jackpotu 90 mil. €.,17,250442,1000,25000000,0.5,90000000.0,50000000000.0,25000000000.0,22568900000.0,12181400000.0,175,181,25,1404000000.0,0.0,90000000.0,72000000.0,44874000.0,22568900.0,20573836.972961556,20573836.972961556,5.612244897959184,41,10
h2_jackpot_cap,cap_90m,90 mil. €,Nižší strop jackpotu 90 mil. €.,18,250443,1000,25000000,0.5,90000000.0,50000000000.0,25000000000.0,22518387500.0,12130887500.0,158,224,33,1719000000.0,0.0,90000000.0,90000000.0,48519000.0,22518387.5,21095173.015552487,21095173.015552487,5.929577464788732,25,10
h2_jackpot_cap,cap_90m,90 mil. €,Nižší strop jackpotu 90 mil. €.,19,250444,1000,25000000,0.5,90000000.0,50000000000.0,25000000000.0,22591200000.0,12203700000.0,166,207,33,1566000000.0,0.0,90000000.0,9000000.0,47655000.0,22591200.0,21410929.51181709,21410929.51181709,5.873239436619718,37,10
h2_jackpot_cap,cap_90m,90 mil. €,Nižší strop jackpotu 90 mil. €.,20,250445,1000,25000000,0.5,90000000.0,50000000000.0,25000000000.0,22683500000.0,12296000000.0,181,185,28,1413000000.0,0.0,90000000.0,9000000.0,44721000.0,22683500.0,20771061.66641465,20771061.66641465,5.352941176470588,31,10
h2_jackpot_cap,cap_90m,90 mil. €,Nižší strop jackpotu 90 mil. €.,21,250446,1000,25000000,0.5,90000000.0,50000000000.0,25000000000.0,22634050000.0,12246550000.0,162,194,30,1476000000.0,0.0,90000000.0,18000000.0,46503000.0,22634050.0,21281940.656281795,21281940.656281795,5.700680272108843,34,10
h2_jackpot_cap,cap_90m,90 mil. €,Nižší strop jackpotu 90 mil. €.,22,250447,1000,25000000,0.5,90000000.0,50000000000.0,25000000000.0,22625587500.0,12238087500.0,161,230,33,1773000000.0,0.0,90000000.0,27000000.0,49410000.0,22625587.5,21193200.482373912,21193200.482373912,6.606299212598425,31,10
h2_jackpot_cap,cap_90m,90 mil. €,Nižší strop jackpotu 90 mil. €.,23,250448,1000,25000000,0.5,90000000.0,50000000000.0,25000000000.0,22567287500.0,12179787500.0,179,155,30,1125000000.0,0.0,90000000.0,72000000.0,43542000.0,22567287.5,21368806.969472904,21368806.969472904,5.510067114093959,25,10
h2_jackpot_cap,cap_90m,90 mil. €,Nižší strop jackpotu 90 mil. €.,24,250449,1000,25000000,0.5,90000000.0,50000000000.0,25000000000.0,22613900000.0,12226400000.0,179,141,29,1008000000.0,0.0,90000000.0,9000000.0,43083000.0,22613900.0,21568457.102676585,21568457.102676585,5.662068965517242,24,10
h2_jackpot_cap,cap_90m,90 mil. €,Nižší strop jackpotu 90 mil. €.,25,250450,1000,25000000,0.5,90000000.0,50000000000.0,25000000000.0,22644400000.0,12256900000.0,164,231,32,1791000000.0,0.0,90000000.0,18000000.0,48717000.0,22644400.0,20990973.980261136,20990973.980261136,6.102189781021898,29,10
h2_jackpot_cap,cap_90m,90 mil. €,Nižší strop jackpotu 90 mil. €.,26,250451,1000,25000000,0.5,90000000.0,50000000000.0,25000000000.0,22646950000.0,12259450000.0,164,221,30,1719000000.0,0.0,90000000.0,0.0,47853000.0,22646950.0,20813274.326676715,20813274.326676715,6.014388489208633,40,10
h2_jackpot_cap,cap_90m,90 mil. €,Nižší strop jackpotu 90 mil. €.,27,250452,1000,25000000,0.5,90000000.0,50000000000.0,25000000000.0,22557750000.0,12170250000.0,139,233,36,1773000000.0,0.0,90000000.0,54000000.0,50481000.0,22557750.0,21612823.217652526,21612823.217652526,6.888,44,10
h2_jackpot_cap,cap_90m,90 mil. €,Nižší strop jackpotu 90 mil. €.,28,250453,1000,25000000,0.5,90000000.0,50000000000.0,25000000000.0,22606650000.0,12219150000.0,157,223,30,1737000000.0,0.0,90000000.0,18000000.0,48735000.0,22606650.0,21053441.60173106,21053441.60173106,6.338345864661654,35,10
h2_jackpot_cap,cap_90m,90 mil. €,Nižší strop jackpotu 90 mil. €.,29,250454,1000,25000000,0.5,90000000.0,50000000000.0,25000000000.0,22641437500.0,12253937500.0,167,204,27,1593000000.0,0.0,90000000.0,0.0,47025000.0,22641437.5,20918084.564315245,20918084.564315245,5.907801418439717,36,10
h2_jackpot_cap,cap_90m,90 mil. €,Nižší strop jackpotu 90 mil. €.,30,250455,1000,25000000,0.5,90000000.0,50000000000.0,25000000000.0,22622900000.0,12235400000.0,158,199,38,1449000000.0,0.0,90000000.0,9000000.0,47601000.0,22622900.0,22114531.66110465,22114531.66110465,6.330827067669173,24,10
h2_jackpot_cap,cap_90m,90 mil. €,Nižší strop jackpotu 90 mil. €.,31,250456,1000,25000000,0.5,90000000.0,50000000000.0,25000000000.0,22594287500.0,12206787500.0,162,215,37,1602000000.0,0.0,90000000.0,54000000.0,48465000.0,22594287.5,21513744.99648059,21513744.99648059,6.072463768115942,27,10
h2_jackpot_cap,cap_90m,90 mil. €,Nižší strop jackpotu 90 mil. €.,32,250457,1000,25000000,0.5,90000000.0,50000000000.0,25000000000.0,22616050000.0,12228550000.0,169,144,32,1008000000.0,0.0,90000000.0,0.0,43758000.0,22616050.0,22147184.920379836,22147184.920379836,5.577181208053691,20,10
h2_jackpot_cap,cap_90m,90 mil. €,Nižší strop jackpotu 90 mil. €.,33,250458,1000,25000000,0.5,90000000.0,50000000000.0,25000000000.0,22635800000.0,12248300000.0,154,214,33,1629000000.0,0.0,90000000.0,9000000.0,48501000.0,22635800.0,21480341.905100115,21480341.905100115,6.313432835820896,28,10
h2_jackpot_cap,cap_90m,90 mil. €,Nižší strop jackpotu 90 mil. €.,34,250459,1000,25000000,0.5,90000000.0,50000000000.0,25000000000.0,22552237500.0,12164737500.0,157,201,35,1494000000.0,0.0,90000000.0,27000000.0,47637000.0,22552237.5,21694194.906698976,21694194.906698976,6.338345864661654,47,10
h2_jackpot_cap,cap_90m,90 mil. €,Nižší strop jackpotu 90 mil. €.,35,250460,1000,25000000,0.5,90000000.0,50000000000.0,25000000000.0,22612687500.0,12225187500.0,172,181,30,1359000000.0,0.0,90000000.0,0.0,44775000.0,22612687.5,21002792.205647174,21002792.205647174,5.557046979865772,26,10
h2_jackpot_cap,cap_90m,90 mil. €,Nižší strop jackpotu 90 mil. €.,36,250461,1000,25000000,0.5,90000000.0,50000000000.0,25000000000.0,22550500000.0,12163000000.0,157,200,34,1494000000.0,0.0,90000000.0,90000000.0,48024000.0,22550500.0,21551943.642047692,21551943.642047692,6.386363636363637,41,10
h2_jackpot_cap,cap_90m,90 mil. €,Nižší strop jackpotu 90 mil. €.,37,250462,1000,25000000,0.5,90000000.0,50000000000.0,25000000000.0,22585287500.0,12197787500.0,170,204,29,1575000000.0,0.0,90000000.0,54000000.0,46215000.0,22585287.5,20573954.77171547,20573954.77171547,5.64625850340136,32,10
h2_jackpot_cap,cap_90m,90 mil. €,Nižší strop jackpotu 90 mil. €.,38,250463,1000,25000000,0.5,90000000.0,50000000000.0,25000000000.0,22622100000.0,12234600000.0,178,153,32,1089000000.0,0.0,90000000.0,9000000.0,43704000.0,22622100.0,21485118.724130895,21485118.724130895,5.748251748251748,24,10
h2_jackpot_cap,cap_90m,90 mil. €,Nižší strop jackpotu 90 mil. €.,39,250464,1000,25000000,0.5,90000000.0,50000000000.0,25000000000.0,22686450000.0,12298950000.0,178,136,26,990000000.0,0.0,90000000.0,9000000.0,42669000.0,22686450.0,21502861.295592733,21502861.295592733,5.48,22,10
h2_jackpot_cap,cap_90m,90 mil. €,Nižší strop jackpotu 90 mil. €.,40,250465,1000,25000000,0.5,90000000.0,50000000000.0,25000000000.0,22678375000.0,12290875000.0,170,198,34,1476000000.0,0.0,90000000.0,0.0,46800000.0,22678375.0,21369238.759765755,21369238.759765755,5.928571428571429,54,10
h2_jackpot_cap,cap_90m,90 mil. €,Nižší strop jackpotu 90 mil. €.,41,250466,1000,25000000,0.5,90000000.0,50000000000.0,25000000000.0,22601150000.0,12213650000.0,174,166,28,1242000000.0,0.0,90000000.0,45000000.0,44451000.0,22601150.0,21287678.858379558,21287678.858379558,5.696551724137931,25,10
h2_jackpot_cap,cap_90m,90 mil. €,Nižší strop jackpotu 90 mil. €.,42,250467,1000,25000000,0.5,90000000.0,50000000000.0,25000000000.0,22633650000.0,12246150000.0,166,200,33,1503000000.0,0.0,90000000.0,18000000.0,47700000.0,22633650.0,21704744.07076711,21704744.07076711,6.2706766917293235,39,10
h2_jackpot_cap,cap_90m,90 mil. €,Nižší strop jackpotu 90 mil. €.,43,250468,1000,25000000,0.5,90000000.0,50000000000.0,25000000000.0,22680400000.0,12292900000.0,150,183,39,1296000000.0,0.0,90000000.0,0.0,47367000.0,22680400.0,22501337.645571206,22501337.645571206,6.538461538461538,23,10
h2_jackpot_cap,cap_90m,90 mil. €,Nižší strop jackpotu 90 mil. €.,44,250469,1000,25000000,0.5,90000000.0,50000000000.0,25000000000.0,22611350000.0,12223850000.0,157,229,36,1737000000.0,0.0,90000000.0,18000000.0,49536000.0,22611350.0,21547788.13886706,21547788.13886706,6.690476190476191,26,10
h2_jackpot_cap,cap_90m,90 mil. €,Nižší strop jackpotu 90 mil. €.,45,250470,1000,25000000,0.5,90000000.0,50000000000.0,25000000000.0,22593487500.0,12205987500.0,163,200,29,1539000000.0,0.0,90000000.0,36000000.0,47241000.0,22593487.5,21198867.16297816,21198867.16297816,6.154411764705882,46,10
h2_jackpot_cap,cap_90m,90 mil. €,Nižší strop jackpotu 90 mil. €.,46,250471,1000,25000000,0.5,90000000.0,50000000000.0,25000000000.0,22647487500.0,12259987500.0,179,173,33,1260000000.0,0.0,90000000.0,18000000.0,45027000.0,22647487.5,21435964.670235716,21435964.670235716,5.701388888888889,32,10
h2_jackpot_cap,cap_90m,90 mil. €,Nižší strop jackpotu 90 mil. €.,47,250472,1000,25000000,0.5,90000000.0,50000000000.0,25000000000.0,22673550000.0,12286050000.0,180,154,29,1125000000.0,0.0,90000000.0,0.0,43983000.0,22673550.0,21515263.718985643,21515263.718985643,5.694444444444445,42,10
h2_jackpot_cap,cap_90m,90 mil. €,Nižší strop jackpotu 90 mil. €.,48,250473,1000,25000000,0.5,90000000.0,50000000000.0,25000000000.0,22628950000.0,12241450000.0,173,161,30,1179000000.0,0.0,90000000.0,27000000.0,44010000.0,22628950.0,21352148.706804663,21352148.706804663,5.405228758169935,28,10
h2_jackpot_cap,cap_90m,90 mil. €,Nižší strop jackpotu 90 mil. €.,49,250474,1000,25000000,0.5,90000000.0,50000000000.0,25000000000.0,22691687500.0,12304187500.0,188,143,31,1008000000.0,0.0,90000000.0,18000000.0,42498000.0,22691687.5,21380741.563579917,21380741.563579917,5.205128205128205,26,10
h2_jackpot_cap,cap_90m,90 mil. €,Nižší strop jackpotu 90 mil. €.,50,250475,1000,25000000,0.5,90000000.0,50000000000.0,25000000000.0,22566887500.0,12179387500.0,156,202,34,1512000000.0,0.0,90000000.0,90000000.0,47736000.0,22566887.5,21334159.228068814,21334159.228068814,6.2518518518518515,30,10
h2_jackpot_cap,cap_90m,90 mil. €,Nižší strop jackpotu 90 mil. €.,51,250476,1000,25000000,0.5,90000000.0,50000000000.0,25000000000.0,22587437500.0,12199937500.0,165,179,33,1314000000.0,0.0,90000000.0,9000000.0,45990000.0,22587437.5,21681481.063106455,21681481.063106455,5.964285714285714,26,10
h2_jackpot_cap,cap_90m,90 mil. €,Nižší strop jackpotu 90 mil. €.,52,250477,1000,25000000,0.5,90000000.0,50000000000.0,25000000000.0,22609737500.0,12222237500.0,156,187,39,1332000000.0,0.0,90000000.0,45000000.0,47205000.0,22609737.5,22354926.282306183,22354926.282306183,6.345864661654136,35,10
h2_jackpot_cap,cap_90m,90 mil. €,Nižší strop jackpotu 90 mil. €.,53,250478,1000,25000000,0.5,90000000.0,50000000000.0,25000000000.0,22653400000.0,12265900000.0,157,193,43,1350000000.0,0.0,90000000.0,18000000.0,47907000.0,22653400.0,22609053.682982843,22609053.682982843,6.386363636363637,20,10
h2_jackpot_cap,cap_90m,90 mil. €,Nižší strop jackpotu 90 mil. €.,54,250479,1000,25000000,0.5,90000000.0,50000000000.0,25000000000.0,22666700000.0,12279200000.0,166,197,31,1494000000.0,0.0,90000000.0,0.0,46449000.0,22666700.0,21174481.247718915,21174481.247718915,5.791666666666667,34,10
h2_jackpot_cap,cap_90m,90 mil. €,Nižší strop jackpotu 90 mil. €.,55,250480,1000,25000000,0.5,90000000.0,50000000000.0,25000000000.0,22654737500.0,12267237500.0,166,167,30,1233000000.0,0.0,90000000.0,0.0,45459000.0,22654737.5,21642967.16516346,21642967.16516346,6,30,10
h2_jackpot_cap,cap_90m,90 mil. €,Nižší strop jackpotu 90 mil. €.,56,250481,1000,25000000,0.5,90000000.0,50000000000.0,25000000000.0,22623850000.0,12236350000.0,162,178,32,1314000000.0,0.0,90000000.0,63000000.0,45603000.0,22623850.0,21413658.227344062,21413658.227344062,5.943262411347518,24,10
h2_jackpot_cap,cap_90m,90 mil. €,Nižší strop jackpotu 90 mil. €.,57,250482,1000,25000000,0.5,90000000.0,50000000000.0,25000000000.0,22583550000.0,12196050000.0,171,185,30,1395000000.0,0.0,90000000.0,90000000.0,45837000.0,22583550.0,20902086.304900285,20902086.304900285,5.9640287769784175,32,10
h2_jackpot_cap,cap_90m,90 mil. €,Nižší strop jackpotu 90 mil. €.,58,250483,1000,25000000,0.5,90000000.0,50000000000.0,25000000000.0,22652187500.0,12264687500.0,160,165,33,1188000000.0,0.0,90000000.0,0.0,45873000.0,22652187.5,22185406.07857097,22185406.07857097,6.043165467625899,26,10
h2_jackpot_cap,cap_90m,90 mil. €,Nižší strop jackpotu 90 mil. €.,59,250484,1000,25000000,0.5,90000000.0,50000000000.0,25000000000.0,22645200000.0,12257700000.0,165,182,32,1350000000.0,0.0,90000000.0,9000000.0,46017000.0,22645200.0,21471537.83407234,21471537.83407234,5.880281690140845,25,10
h2_jackpot_cap,cap_90m,90 mil. €,Nižší strop jackpotu 90 mil. €.,60,250485,1000,25000000,0.5,90000000.0,50000000000.0,25000000000.0,22582337500.0,12194837500.0,191,178,24,1386000000.0,0.0,90000000.0,81000000.0,43911000.0,22582337.5,20032875.52854916,20032875.52854916,5.322368421052632,41,10
h2_jackpot_cap,cap_90m,90 mil. €,Nižší strop jackpotu 90 mil. €.,61,250486,1000,25000000,0.5,90000000.0,50000000000.0,25000000000.0,22568500000.0,12181000000.0,161,193,31,1458000000.0,0.0,90000000.0,72000000.0,46872000.0,22568500.0,21317812.56953912,21317812.56953912,6.0359712230215825,38,10
h2_jackpot_cap,cap_90m,90 mil. €,Nižší strop jackpotu 90 mil. €.,62,250487,1000,25000000,0.5,90000000.0,50000000000.0,25000000000.0,22613500000.0,12226000000.0,181,174,33,1269000000.0,0.0,90000000.0,9000000.0,44820000.0,22613500.0,21333151.261592835,21333151.261592835,5.7272727272727275,24,10
h2_jackpot_cap,cap_90m,90 mil. €,Nižší strop jackpotu 90 mil. €.,63,250488,1000,25000000,0.5,90000000.0,50000000000.0,25000000000.0,22553450000.0,12165950000.0,167,183,32,1359000000.0,0.0,90000000.0,90000000.0,46566000.0,22553450.0,21666462.57692981,21666462.57692981,6.407692307692308,21,10
h2_jackpot_cap,cap_90m,90 mil. €,Nižší strop jackpotu 90 mil. €.,64,250489,1000,25000000,0.5,90000000.0,50000000000.0,25000000000.0,22546200000.0,12158700000.0,178,166,28,1242000000.0,0.0,90000000.0,90000000.0,44685000.0,22546200.0,21095210.0145981,21095210.0145981,5.591836734693878,30,10
h2_jackpot_cap,cap_90m,90 mil. €,Nižší strop jackpotu 90 mil. €.,65,250490,1000,25000000,0.5,90000000.0,50000000000.0,25000000000.0,22599525000.0,12212025000.0,154,254,33,1989000000.0,0.0,90000000.0,27000000.0,51012000.0,22599525.0,21151474.064160988,21151474.064160988,6.768,30,10
h2_jackpot_cap,cap_90m,90 mil. €,Nižší strop jackpotu 90 mil. €.,66,250491,1000,25000000,0.5,90000000.0,50000000000.0,25000000000.0,22618200000.0,12230700000.0,162,211,28,1647000000.0,0.0,90000000.0,18000000.0,47925000.0,22618200.0,20955489.704609625,20955489.704609625,6.496124031007752,34,10
h2_jackpot_cap,cap_90m,90 mil. €,Nižší strop jackpotu 90 mil. €.,67,250492,1000,25000000,0.5,90000000.0,50000000000.0,25000000000.0,22592937500.0,12205437500.0,162,173,32,1269000000.0,0.0,90000000.0,18000000.0,45594000.0,22592937.5,21647692.810721047,21647692.810721047,5.739726027397261,25,10
h2_jackpot_cap,cap_90m,90 mil. €,Nižší strop jackpotu 90 mil. €.,68,250493,1000,25000000,0.5,90000000.0,50000000000.0,25000000000.0,22558287500.0,12170787500.0,158,210,38,1548000000.0,0.0,90000000.0,90000000.0,47934000.0,22558287.5,21602565.04384592,21602565.04384592,6.330827067669173,25,10
h2_jackpot_cap,cap_90m,90 mil. €,Nižší strop jackpotu 90 mil. €.,69,250494,1000,25000000,0.5,90000000.0,50000000000.0,25000000000.0,22649100000.0,12261600000.0,149,202,35,1503000000.0,0.0,90000000.0,0.0,48681000.0,22649100.0,22220751.656728446,22220751.656728446,6.546153846153846,25,10
h2_jackpot_cap,cap_90m,90 mil. €,Nižší strop jackpotu 90 mil. €.,70,250495,1000,25000000,0.5,90000000.0,50000000000.0,25000000000.0,22613500000.0,12226000000.0,165,190,32,1422000000.0,0.0,90000000.0,27000000.0,46287000.0,22613500.0,21368370.14725269,21368370.14725269,5.964285714285714,27,10
h2_jackpot_cap,cap_90m,90 mil. €,Nižší strop jackpotu 90 mil. €.,71,250496,1000,25000000,0.5,90000000.0,50000000000.0,25000000000.0,22591737500.0,12204237500.0,147,219,36,1647000000.0,0.0,90000000.0,18000000.0,49608000.0,22591737.5,22078200.914869484,22078200.914869484,6.561538461538461,30,10
h2_jackpot_cap,cap_90m,90 mil. €,Nižší strop jackpotu 90 mil. €.,72,250497,1000,25000000,0.5,90000000.0,50000000000.0,25000000000.0,22628550000.0,12241050000.0,163,216,35,1629000000.0,0.0,90000000.0,9000000.0,48636000.0,22628550.0,21658789.610629216,21658789.610629216,6.5390625,31,10
h2_jackpot_cap,cap_90m,90 mil. €,Nižší strop jackpotu 90 mil. €.,73,250498,1000,25000000,0.5,90000000.0,50000000000.0,25000000000.0,22698937500.0,12311437500.0,160,198,32,1494000000.0,0.0,90000000.0,0.0,46737000.0,22698937.5,21436476.279401515,21436476.279401515,5.957446808510638,30,10
h2_jackpot_cap,cap_90m,90 mil. €,Nižší strop jackpotu 90 mil. €.,74,250499,1000,25000000,0.5,90000000.0,50000000000.0,25000000000.0,22609200000.0,12221700000.0,148,240,30,1890000000.0,0.0,90000000.0,18000000.0,50049000.0,22609200.0,20905960.76146705,20905960.76146705,6.5038167938931295,31,10
h2_jackpot_cap,cap_90m,90 mil. €,Nižší strop jackpotu 90 mil. €.,75,250500,1000,25000000,0.5,90000000.0,50000000000.0,25000000000.0,22633250000.0,12245750000.0,168,221,34,1683000000.0,0.0,90000000.0,18000000.0,48150000.0,22633250.0,21237272.233916953,21237272.233916953,6.117647058823529,37,10
h2_jackpot_cap,cap_90m,90 mil. €,Nižší strop jackpotu 90 mil. €.,76,250501,1000,25000000,0.5,90000000.0,50000000000.0,25000000000.0,22556550000.0,12169050000.0,164,179,35,1296000000.0,0.0,90000000.0,90000000.0,46224000.0,22556550.0,21708281.705319285,21708281.705319285,6.014388489208633,25,10
h2_jackpot_cap,cap_90m,90 mil. €,Nižší strop jackpotu 90 mil. €.,77,250502,1000,25000000,0.5,90000000.0,50000000000.0,25000000000.0,22658900000.0,12271400000.0,151,225,34,1719000000.0,0.0,90000000.0,0.0,49266000.0,22658900.0,21473617.90174166,21473617.90174166,6.383458646616542,35,10
h2_jackpot_cap,cap_90m,90 mil. €,Nižší strop jackpotu 90 mil. €.,78,250503,1000,25000000,0.5,90000000.0,50000000000.0,25000000000.0,22652187500.0,12264687500.0,167,189,33,1404000000.0,0.0,90000000.0,18000000.0,46224000.0,22652187.5,21534536.630052984,21534536.630052984,5.784722222222222,28,10
h2_jackpot_cap,cap_90m,90 mil. €,Nižší strop jackpotu 90 mil. €.,79,250504,1000,25000000,0.5,90000000.0,50000000000.0,25000000000.0,22581525000.0,12194025000.0,167,200,36,1476000000.0,0.0,90000000.0,45000000.0,47448000.0,22581525.0,21777214.64597516,21777214.64597516,6.17037037037037,27,10
h2_jackpot_cap,cap_90m,90 mil. €,Nižší strop jackpotu 90 mil. €.,80,250505,1000,25000000,0.5,90000000.0,50000000000.0,25000000000.0,22642250000.0,12254750000.0,151,225,36,1701000000.0,0.0,90000000.0,18000000.0,50031000.0,22642250.0,21991933.80395412,21991933.80395412,6.959016393442623,30,10
h2_jackpot_cap,cap_90m,90 mil. €,Nižší strop jackpotu 90 mil. €.,81,250506,1000,25000000,0.5,90000000.0,50000000000.0,25000000000.0,22631500000.0,12244000000.0,165,174,34,1260000000.0,0.0,90000000.0,9000000.0,45459000.0,22631500.0,21747796.04350749,21747796.04350749,5.719178082191781,21,10
h2_jackpot_cap,cap_90m,90 mil. €,Nižší strop jackpotu 90 mil. €.,82,250507,1000,25000000,0.5,90000000.0,50000000000.0,25000000000.0,22586100000.0,12198600000.0,169,184,31,1377000000.0,0.0,90000000.0,63000000.0,45567000.0,22586100.0,21125106.43263129,21125106.43263129,5.653061224489796,27,10
h2_jackpot_cap,cap_90m,90 mil. €,Nižší strop jackpotu 90 mil. €.,83,250508,1000,25000000,0.5,90000000.0,50000000000.0,25000000000.0,22611350000.0,12223850000.0,182,160,30,1170000000.0,0.0,90000000.0,45000000.0,44010000.0,22611350.0,21347626.88631924,21347626.88631924,5.602739726027397,20,10
h2_jackpot_cap,cap_90m,90 mil. €,Nižší strop jackpotu 90 mil. €.,84,250509,1000,25000000,0.5,90000000.0,50000000000.0,25000000000.0,22615650000.0,12228150000.0,178,189,30,1431000000.0,0.0,90000000.0,36000000.0,45468000.0,22615650.0,20959265.315785762,20959265.315785762,5.554054054054054,27,10
h2_jackpot_cap,cap_90m,90 mil. €,Nižší strop jackpotu 90 mil. €.,85,250510,1000,25000000,0.5,90000000.0,50000000000.0,25000000000.0,22591200000.0,12203700000.0,162,201,27,1566000000.0,0.0,90000000.0,36000000.0,47088000.0,22591200.0,20963289.402190678,20963289.402190678,5.901408450704225,43,10
h2_jackpot_cap,cap_90m,90 mil. €,Nižší strop jackpotu 90 mil. €.,86,250511,1000,25000000,0.5,90000000.0,50000000000.0,25000000000.0,22666700000.0,12279200000.0,169,182,31,1359000000.0,0.0,90000000.0,9000000.0,45792000.0,22666700.0,21293751.574346874,21293751.574346874,5.691780821917808,38,10
h2_jackpot_cap,cap_90m,90 mil. €,Nižší strop jackpotu 90 mil. €.,87,250512,1000,25000000,0.5,90000000.0,50000000000.0,25000000000.0,22646137500.0,12258637500.0,168,151,32,1071000000.0,0.0,90000000.0,0.0,44388000.0,22646137.5,22082040.33230045,22082040.33230045,5.777777777777778,26,10
h2_jackpot_cap,cap_90m,90 mil. €,Nižší strop jackpotu 90 mil. €.,88,250513,1000,25000000,0.5,90000000.0,50000000000.0,25000000000.0,22655550000.0,12268050000.0,146,247,36,1899000000.0,0.0,90000000.0,9000000.0,51048000.0,22655550.0,21484047.493372843,21484047.493372843,6.777777777777778,33,10
h2_jackpot_cap,cap_90m,90 mil. €,Nižší strop jackpotu 90 mil. €.,89,250514,1000,25000000,0.5,90000000.0,50000000000.0,25000000000.0,22664150000.0,12276650000.0,173,189,28,1449000000.0,0.0,90000000.0,36000000.0,45999000.0,22664150.0,21145773.981519334,21145773.981519334,5.865248226950355,29,10
h2_jackpot_cap,cap_90m,90 mil. €,Nižší strop jackpotu 90 mil. €.,90,250515,1000,25000000,0.5,90000000.0,50000000000.0,25000000000.0,22645200000.0,12257700000.0,179,157,29,1152000000.0,0.0,90000000.0,0.0,44028000.0,22645200.0,21391265.436154075,21391265.436154075,5.473333333333334,29,10
h2_jackpot_cap,cap_90m,90 mil. €,Nižší strop jackpotu 90 mil. €.,91,250516,1000,25000000,0.5,90000000.0,50000000000.0,25000000000.0,22611487500.0,12223987500.0,154,231,36,1755000000.0,0.0,90000000.0,72000000.0,49968000.0,22611487.5,21533450.825253107,21533450.825253107,6.558139534883721,34,10
h2_jackpot_cap,cap_90m,90 mil. €,Nižší strop jackpotu 90 mil. €.,92,250517,1000,25000000,0.5,90000000.0,50000000000.0,25000000000.0,22664950000.0,12277450000.0,177,133,26,963000000.0,0.0,90000000.0,9000000.0,42120000.0,22664950.0,21357927.661585055,21357927.661585055,5.2756410256410255,22,10
h2_jackpot_cap,cap_90m,90 mil. €,Nižší strop jackpotu 90 mil. €.,93,250518,1000,25000000,0.5,90000000.0,50000000000.0,25000000000.0,22630287500.0,12242787500.0,175,173,32,1269000000.0,0.0,90000000.0,18000000.0,44883000.0,22630287.5,21373479.807312466,21373479.807312466,5.689655172413793,24,10
h2_jackpot_cap,cap_90m,90 mil. €,Nižší strop jackpotu 90 mil. €.,94,250519,1000,25000000,0.5,90000000.0,50000000000.0,25000000000.0,22554800000.0,12167300000.0,146,238,38,1800000000.0,0.0,90000000.0,45000000.0,50274000.0,22554800.0,21621499.183914144,21621499.183914144,6.777777777777778,33,10
h2_jackpot_cap,cap_90m,90 mil. €,Nižší strop jackpotu 90 mil. €.,95,250520,1000,25000000,0.5,90000000.0,50000000000.0,25000000000.0,22649100000.0,12261600000.0,168,149,33,1044000000.0,0.0,90000000.0,36000000.0,43938000.0,22649100.0,22010888.309879728,22010888.309879728,5.659863945578231,20,10
h2_jackpot_cap,cap_90m,90 mil. €,Nižší strop jackpotu 90 mil. €.,96,250521,1000,25000000,0.5,90000000.0,50000000000.0,25000000000.0,22618600000.0,12231100000.0,177,156,32,1116000000.0,0.0,90000000.0,27000000.0,44037000.0,22618600.0,21702894.83087452,21702894.83087452,5.878571428571429,24,10
h2_jackpot_cap,cap_90m,90 mil. €,Nižší strop jackpotu 90 mil. €.,97,250522,1000,25000000,0.5,90000000.0,50000000000.0,25000000000.0,22643187500.0,12255687500.0,167,188,37,1359000000.0,0.0,90000000.0,9000000.0,46710000.0,22643187.5,21760807.113847908,21760807.113847908,5.9928057553956835,27,10
h2_jackpot_cap,cap_90m,90 mil. €,Nižší strop jackpotu 90 mil. €.,98,250523,1000,25000000,0.5,90000000.0,50000000000.0,25000000000.0,22561650000.0,12174150000.0,144,225,36,1701000000.0,0.0,90000000.0,63000000.0,50130000.0,22561650.0,21925023.985790756,21925023.985790756,7.074380165289257,24,10
h2_jackpot_cap,cap_90m,90 mil. €,Nižší strop jackpotu 90 mil. €.,99,250524,1000,25000000,0.5,90000000.0,50000000000.0,25000000000.0,22641575000.0,12254075000.0,162,210,33,1593000000.0,0.0,90000000.0,45000000.0,47070000.0,22641575.0,21097897.954106115,21097897.954106115,5.86013986013986,21,10
h2_jackpot_cap,cap_90m,90 mil. €,Nižší strop jackpotu 90 mil. €.,100,250525,1000,25000000,0.5,90000000.0,50000000000.0,25000000000.0,22636200000.0,12248700000.0,186,153,27,1134000000.0,0.0,90000000.0,9000000.0,43200000.0,22636200.0,21214475.47218644,21214475.47218644,5.251612903225807,30,10
h2_jackpot_cap,cap_90m,90 mil. €,Nižší strop jackpotu 90 mil. €.,101,250526,1000,25000000,0.5,90000000.0,50000000000.0,25000000000.0,22633250000.0,12245750000.0,151,194,38,1404000000.0,0.0,90000000.0,27000000.0,48267000.0,22633250.0,22499445.1473253,22499445.1473253,6.846774193548387,27,10
h2_jackpot_cap,cap_90m,90 mil. €,Nižší strop jackpotu 90 mil. €.,102,250527,1000,25000000,0.5,90000000.0,50000000000.0,25000000000.0,22560300000.0,12172800000.0,156,168,38,1170000000.0,0.0,90000000.0,63000000.0,45756000.0,22560300.0,22155729.93403738,22155729.93403738,6.205882352941177,27,10
h2_jackpot_cap,cap_90m,90 mil. €,Nižší strop jackpotu 90 mil. €.,103,250528,1000,25000000,0.5,90000000.0,50000000000.0,25000000000.0,22564600000.0,12177100000.0,149,240,32,1872000000.0,0.0,90000000.0,90000000.0,50157000.0,22564600.0,20960334.845607787,20960334.845607787,6.91869918699187,38,10
h2_jackpot_cap,cap_90m,90 mil. €,Nižší strop jackpotu 90 mil. €.,104,250529,1000,25000000,0.5,90000000.0,50000000000.0,25000000000.0,22618600000.0,12231100000.0,157,213,33,1620000000.0,0.0,90000000.0,18000000.0,48519000.0,22618600.0,21605743.311443835,21605743.311443835,6.0647482014388485,50,10
h2_jackpot_cap,cap_90m,90 mil. €,Nižší strop jackpotu 90 mil. €.,105,250530,1000,25000000,0.5,90000000.0,50000000000.0,25000000000.0,22623450000.0,12235950000.0,177,165,28,1233000000.0,0.0,90000000.0,81000000.0,44280000.0,22623450.0,21101764.561228048,21101764.561228048,5.5608108108108105,28,10
h2_jackpot_cap,cap_90m,90 mil. €,Nižší strop jackpotu 90 mil. €.,106,250531,1000,25000000,0.5,90000000.0,50000000000.0,25000000000.0,22579250000.0,12191750000.0,149,216,36,1620000000.0,0.0,90000000.0,90000000.0,49311000.0,22579250.0,21773780.26291025,21773780.26291025,6.546153846153846,30,10
h2_jackpot_cap,cap_90m,90 mil. €,Nižší strop jackpotu 90 mil. €.,107,250532,1000,25000000,0.5,90000000.0,50000000000.0,25000000000.0,22586900000.0,12199400000.0,161,174,37,1233000000.0,0.0,90000000.0,9000000.0,45846000.0,22586900.0,22014074.21151296,22014074.21151296,5.950354609929078,39,10
h2_jackpot_cap,cap_90m,90 mil. €,Nižší strop jackpotu 90 mil. €.,108,250533,1000,25000000,0.5,90000000.0,50000000000.0,25000000000.0,22629350000.0,12241850000.0,170,184,30,1386000000.0,0.0,90000000.0,18000000.0,45522000.0,22629350.0,21347061.649732966,21347061.649732966,5.763888888888889,20,10
h2_jackpot_cap,cap_90m,90 mil. €,Nižší strop jackpotu 90 mil. €.,109,250534,1000,25000000,0.5,90000000.0,50000000000.0,25000000000.0,22604100000.0,12216600000.0,153,222,37,1665000000.0,0.0,90000000.0,27000000.0,49635000.0,22604100.0,21862691.924600683,21862691.924600683,6.8861788617886175,37,10
h2_jackpot_cap,cap_90m,90 mil. €,Nižší strop jackpotu 90 mil. €.,110,250535,1000,25000000,0.5,90000000.0,50000000000.0,25000000000.0,22604500000.0,12217000000.0,169,210,29,1629000000.0,0.0,90000000.0,0.0,46953000.0,22604500.0,20820206.64522809,20820206.64522809,5.8936170212765955,32,10
h2_jackpot_cap,cap_90m,90 mil. €,Nižší strop jackpotu 90 mil. €.,111,250536,1000,25000000,0.5,90000000.0,50000000000.0,25000000000.0,22604900000.0,12217400000.0,172,192,31,1449000000.0,0.0,90000000.0,27000000.0,46116000.0,22604900.0,21232249.315369297,21232249.315369297,5.830985915492958,31,10
h2_jackpot_cap,cap_90m,90 mil. €,Nižší strop jackpotu 90 mil. €.,112,250537,1000,25000000,0.5,90000000.0,50000000000.0,25000000000.0,22657287500.0,12269787500.0,186,136,30,954000000.0,0.0,90000000.0,0.0,41823000.0,22657287.5,21337180.566996045,21337180.566996045,5.0875,26,10
h2_jackpot_cap,cap_90m,90 mil. €,Nižší strop jackpotu 90 mil. €.,113,250538,1000,25000000,0.5,90000000.0,50000000000.0,25000000000.0,22595500000.0,12208000000.0,161,197,37,1440000000.0,0.0,90000000.0,18000000.0,47709000.0,22595500.0,21955092.911440846,21955092.911440846,6.2611940298507465,26,10
h2_jackpot_cap,cap_90m,90 mil. €,Nižší strop jackpotu 90 mil. €.,114,250539,1000,25000000,0.5,90000000.0,50000000000.0,25000000000.0,22674087500.0,12286587500.0,161,159,37,1098000000.0,0.0,90000000.0,18000000.0,45828000.0,22674087.5,22673509.59707371,22673509.59707371,6.214814814814815,23,10
h2_jackpot_cap,cap_90m,90 mil. €,Nižší strop jackpotu 90 mil. €.,115,250540,1000,25000000,0.5,90000000.0,50000000000.0,25000000000.0,22670587500.0,12283087500.0,176,168,32,1224000000.0,0.0,90000000.0,9000000.0,44397000.0,22670587.5,21381534.52891288,21381534.52891288,5.456953642384106,30,10
h2_jackpot_cap,cap_90m,90 mil. €,Nižší strop jackpotu 90 mil. €.,116,250541,1000,25000000,0.5,90000000.0,50000000000.0,25000000000.0,22581800000.0,12194300000.0,164,154,31,1107000000.0,0.0,90000000.0,54000000.0,44433000.0,22581800.0,21769261.32784482,21769261.32784482,5.846153846153846,25,10
h2_jackpot_cap,cap_90m,90 mil. €,Nižší strop jackpotu 90 mil. €.,117,250542,1000,25000000,0.5,90000000.0,50000000000.0,25000000000.0,22562987500.0,12175487500.0,164,215,37,1602000000.0,0.0,90000000.0,63000000.0,48231000.0,22562987.5,21567665.995213617,21567665.995213617,6.285714285714286,35,10
h2_jackpot_cap,cap_90m,90 mil. €,Nižší strop jackpotu 90 mil. €.,118,250543,1000,25000000,0.5,90000000.0,50000000000.0,25000000000.0,22649500000.0,12262000000.0,154,189,36,1377000000.0,0.0,90000000.0,18000000.0,47403000.0,22649500.0,22139590.663560156,22139590.663560156,6.360902255639098,20,10
h2_jackpot_cap,cap_90m,90 mil. €,Nižší strop jackpotu 90 mil. €.,119,250544,1000,25000000,0.5,90000000.0,50000000000.0,25000000000.0,22566350000.0,12178850000.0,170,204,28,1584000000.0,0.0,90000000.0,81000000.0,46818000.0,22566350.0,20648996.832231343,20648996.832231343,5.928571428571429,35,10
h2_jackpot_cap,cap_90m,90 mil. €,Nižší strop jackpotu 90 mil. €.,120,250545,1000,25000000,0.5,90000000.0,50000000000.0,25000000000.0,22564200000.0,12176700000.0,196,145,30,1035000000.0,0.0,90000000.0,90000000.0,42165000.0,22564200.0,20949367.493077207,20949367.493077207,5.2894736842105265,27,10
h2_jackpot_cap,cap_90m,90 mil. €,Nižší strop jackpotu 90 mil. €.,121,250546,1000,25000000,0.5,90000000.0,50000000000.0,25000000000.0,22522287500.0,12134787500.0,157,243,33,1890000000.0,0.0,90000000.0,90000000.0,49581000.0,22522287.5,20708853.59390021,20708853.59390021,6.291044776119403,39,10
h2_jackpot_cap,cap_90m,90 mil. €,Nižší strop jackpotu 90 mil. €.,122,250547,1000,25000000,0.5,90000000.0,50000000000.0,25000000000.0,22646550000.0,12259050000.0,173,163,31,1188000000.0,0.0,90000000.0,9000000.0,44244000.0,22646550.0,21446123.556426227,21446123.556426227,5.625850340136054,35,10
h2_jackpot_cap,cap_90m,90 mil. €,Nižší strop jackpotu 90 mil. €.,123,250548,1000,25000000,0.5,90000000.0,50000000000.0,25000000000.0,22571050000.0,12183550000.0,171,207,32,1575000000.0,0.0,90000000.0,90000000.0,47214000.0,22571050.0,21058865.57717438,21058865.57717438,5.921428571428572,28,10
h2_jackpot_cap,cap_90m,90 mil. €,Nižší strop jackpotu 90 mil. €.,124,250549,1000,25000000,0.5,90000000.0,50000000000.0,25000000000.0,22595500000.0,12208000000.0,179,188,31,1413000000.0,0.0,90000000.0,9000000.0,45594000.0,22595500.0,21110677.505707864,21110677.505707864,5.741258741258742,30,10
h2_jackpot_cap,cap_90m,90 mil. €,Nižší strop jackpotu 90 mil. €.,125,250550,1000,25000000,0.5,90000000.0,50000000000.0,25000000000.0,22614837500.0,12227337500.0,174,171,32,1251000000.0,0.0,90000000.0,18000000.0,44658000.0,22614837.5,21392226.245878287,21392226.245878287,5.736111111111111,23,10
h2_jackpot_cap,cap_90m,90 mil. €,Nižší strop jackpotu 90 mil. €.,126,250551,1000,25000000,0.5,90000000.0,50000000000.0,25000000000.0,22609200000.0,12221700000.0,174,173,34,1251000000.0,0.0,90000000.0,45000000.0,45396000.0,22609200.0,21713935.51063464,21713935.51063464,5.858156028368795,29,10
h2_jackpot_cap,cap_90m,90 mil. €,Nižší strop jackpotu 90 mil. €.,127,250552,1000,25000000,0.5,90000000.0,50000000000.0,25000000000.0,22622500000.0,12235000000.0,168,169,31,1242000000.0,0.0,90000000.0,36000000.0,44604000.0,22622500.0,21300570.855026398,21300570.855026398,5.698630136986301,35,10
h2_jackpot_cap,cap_90m,90 mil. €,Nižší strop jackpotu 90 mil. €.,128,250553,1000,25000000,0.5,90000000.0,50000000000.0,25000000000.0,22614850000.0,12227350000.0,153,251,30,1989000000.0,0.0,90000000.0,72000000.0,50580000.0,22614850.0,20796180.10543042,20796180.10543042,6.669291338582677,42,10
h2_jackpot_cap,cap_90m,90 mil. €,Nižší strop jackpotu 90 mil. €.,129,250554,1000,25000000,0.5,90000000.0,50000000000.0,25000000000.0,22605700000.0,12218200000.0,161,173,34,1251000000.0,0.0,90000000.0,9000000.0,45981000.0,22605700.0,22045399.123399876,22045399.123399876,6.169117647058823,31,10
h2_jackpot_cap,cap_90m,90 mil. €,Nižší strop jackpotu 90 mil. €.,130,250555,1000,25000000,0.5,90000000.0,50000000000.0,25000000000.0,22593750000.0,12206250000.0,161,218,42,1584000000.0,0.0,90000000.0,27000000.0,49113000.0,22593750.0,22325637.133965515,22325637.133965515,6.404580152671755,26,10
h2_jackpot_cap,cap_90m,90 mil. €,Nižší strop jackpotu 90 mil. €.,131,250556,1000,25000000,0.5,90000000.0,50000000000.0,25000000000.0,22533300000.0,12145800000.0,176,159,33,1134000000.0,0.0,90000000.0,90000000.0,43920000.0,22533300.0,21394438.438762538,21394438.438762538,5.682758620689655,23,10
h2_jackpot_cap,cap_90m,90 mil. €,Nižší strop jackpotu 90 mil. €.,132,250557,1000,25000000,0.5,90000000.0,50000000000.0,25000000000.0,22662400000.0,12274900000.0,168,157,32,1125000000.0,0.0,90000000.0,0.0,44973000.0,22662400.0,22007300.29422055,22007300.29422055,5.942857142857143,28,10
h2_jackpot_cap,cap_90m,90 mil. €,Nižší strop jackpotu 90 mil. €.,133,250558,1000,25000000,0.5,90000000.0,50000000000.0,25000000000.0,22627600000.0,12240100000.0,173,190,35,1395000000.0,0.0,90000000.0,0.0,46098000.0,22627600.0,21418681.75775531,21418681.75775531,5.865248226950355,23,10
h2_jackpot_cap,cap_90m,90 mil. €,Nižší strop jackpotu 90 mil. €.,134,250559,1000,25000000,0.5,90000000.0,50000000000.0,25000000000.0,22653000000.0,12265500000.0,170,244,30,1926000000.0,0.0,90000000.0,0.0,49014000.0,22653000.0,20300055.196969293,20300055.196969293,6.148148148148148,38,10
h2_jackpot_cap,cap_90m,90 mil. €,Nižší strop jackpotu 90 mil. €.,135,250560,1000,25000000,0.5,90000000.0,50000000000.0,25000000000.0,22555200000.0,12167700000.0,149,221,36,1665000000.0,0.0,90000000.0,63000000.0,49428000.0,22555200.0,21833121.008229677,21833121.008229677,6.596899224806202,33,10
h2_jackpot_cap,cap_90m,90 mil. €,Nižší strop jackpotu 90 mil. €.,136,250561,1000,25000000,0.5,90000000.0,50000000000.0,25000000000.0,22598587500.0,12211087500.0,163,154,35,1071000000.0,0.0,90000000.0,63000000.0,45144000.0,22598587.5,22307500.967412144,22307500.967412144,5.978571428571429,26,10
h2_jackpot_cap,cap_90m,90 mil. €,Nižší strop jackpotu 90 mil. €.,137,250562,1000,25000000,0.5,90000000.0,50000000000.0,25000000000.0,22505900000.0,12118400000.0,149,228,39,1701000000.0,0.0,90000000.0,90000000.0,49905000.0,22505900.0,21699218.423482444,21699218.423482444,6.862903225806452,34,10
h2_jackpot_cap,cap_90m,90 mil. €,Nižší strop jackpotu 90 mil. €.,138,250563,1000,25000000,0.5,90000000.0,50000000000.0,25000000000.0,22653000000.0,12265500000.0,174,166,37,1161000000.0,0.0,90000000.0,18000000.0,45243000.0,22653000.0,22070689.635804314,22070689.635804314,5.858156028368795,42,10
h2_jackpot_cap,cap_90m,90 mil. €,Nižší strop jackpotu 90 mil. €.,139,250564,1000,25000000,0.5,90000000.0,50000000000.0,25000000000.0,22501200000.0,12113700000.0,178,206,32,1566000000.0,0.0,90000000.0,90000000.0,46575000.0,22501200.0,20762548.46014814,20762548.46014814,6,25,10
h2_jackpot_cap,cap_90m,90 mil. €,Nižší strop jackpotu 90 mil. €.,140,250565,1000,25000000,0.5,90000000.0,50000000000.0,25000000000.0,22586100000.0,12198600000.0,185,164,27,1233000000.0,0.0,90000000.0,63000000.0,43614000.0,22586100.0,20922987.87912472,20922987.87912472,5.292207792207792,30,10
h2_jackpot_cap,cap_90m,90 mil. €,Nižší strop jackpotu 90 mil. €.,141,250566,1000,25000000,0.5,90000000.0,50000000000.0,25000000000.0,22637150000.0,12249650000.0,168,191,38,1377000000.0,0.0,90000000.0,9000000.0,46683000.0,22637150.0,21898940.43960803,21898940.43960803,6.028985507246377,26,10
h2_jackpot_cap,cap_90m,90 mil. €,Nižší strop jackpotu 90 mil. €.,142,250567,1000,25000000,0.5,90000000.0,50000000000.0,25000000000.0,22626800000.0,12239300000.0,180,168,27,1269000000.0,0.0,90000000.0,36000000.0,44271000.0,22626800.0,21043004.817753572,21043004.817753572,5.54054054054054,23,10
h2_jackpot_cap,cap_90m,90 mil. €,Nižší strop jackpotu 90 mil. €.,143,250568,1000,25000000,0.5,90000000.0,50000000000.0,25000000000.0,22486537500.0,12099037500.0,173,182,32,1350000000.0,0.0,90000000.0,90000000.0,45450000.0,22486537.5,21214460.166767,21214460.166767,5.550335570469799,26,10
h2_jackpot_cap,cap_90m,90 mil. €,Nižší strop jackpotu 90 mil. €.,144,250569,1000,25000000,0.5,90000000.0,50000000000.0,25000000000.0,22636600000.0,12249100000.0,192,119,30,801000000.0,0.0,90000000.0,18000000.0,40725000.0,22636600.0,21706168.48824315,21706168.48824315,5.212903225806452,21,10
h2_jackpot_cap,cap_90m,90 mil. €,Nižší strop jackpotu 90 mil. €.,145,250570,1000,25000000,0.5,90000000.0,50000000000.0,25000000000.0,22611750000.0,12224250000.0,173,197,36,1449000000.0,0.0,90000000.0,36000000.0,46476000.0,22611750.0,21320557.55456456,21320557.55456456,5.703448275862069,44,10
h2_jackpot_cap,cap_90m,90 mil. €,Nižší strop jackpotu 90 mil. €.,146,250571,1000,25000000,0.5,90000000.0,50000000000.0,25000000000.0,22524837500.0,12137337500.0,174,206,37,1521000000.0,0.0,90000000.0,90000000.0,46899000.0,22524837.5,21104313.291477732,21104313.291477732,5.9,32,10
h2_jackpot_cap,cap_90m,90 mil. €,Nižší strop jackpotu 90 mil. €.,147,250572,1000,25000000,0.5,90000000.0,50000000000.0,25000000000.0,22610550000.0,12223050000.0,162,202,35,1503000000.0,0.0,90000000.0,90000000.0,47556000.0,22610550.0,21474710.037565116,21474710.037565116,6.207407407407407,23,10
h2_jackpot_cap,cap_90m,90 mil. €,Nižší strop jackpotu 90 mil. €.,148,250573,1000,25000000,0.5,90000000.0,50000000000.0,25000000000.0,22611350000.0,12223850000.0,169,176,29,1323000000.0,0.0,90000000.0,18000000.0,45054000.0,22611350.0,21207238.709400617,21207238.709400617,5.614864864864865,28,10
h2_jackpot_cap,cap_90m,90 mil. €,Nižší strop jackpotu 90 mil. €.,149,250574,1000,25000000,0.5,90000000.0,50000000000.0,25000000000.0,22610137500.0,12222637500.0,166,201,31,1530000000.0,0.0,90000000.0,18000000.0,46953000.0,22610137.5,21041105.15484735,21041105.15484735,6,35,10
h2_jackpot_cap,cap_90m,90 mil. €,Nižší strop jackpotu 90 mil. €.,150,250575,1000,25000000,0.5,90000000.0,50000000000.0,25000000000.0,22591200000.0,12203700000.0,173,165,23,1278000000.0,0.0,90000000.0,36000000.0,44136000.0,22591200.0,20750901.24693383,20750901.24693383,5.783216783216783,33,10
h2_jackpot_cap,cap_90m,90 mil. €,Nižší strop jackpotu 90 mil. €.,151,250576,1000,25000000,0.5,90000000.0,50000000000.0,25000000000.0,22634450000.0,12246950000.0,149,221,35,1674000000.0,0.0,90000000.0,0.0,49635000.0,22634450.0,21940651.3280144,21940651.3280144,6.753968253968254,31,10
h2_jackpot_cap,cap_90m,90 mil. €,Nižší strop jackpotu 90 mil. €.,152,250577,1000,25000000,0.5,90000000.0,50000000000.0,25000000000.0,22669250000.0,12281750000.0,162,194,35,1431000000.0,0.0,90000000.0,0.0,47142000.0,22669250.0,21823595.990063142,21823595.990063142,5.819444444444445,30,10
h2_jackpot_cap,cap_90m,90 mil. €,Nižší strop jackpotu 90 mil. €.,153,250578,1000,25000000,0.5,90000000.0,50000000000.0,25000000000.0,22603700000.0,12216200000.0,182,147,28,1071000000.0,0.0,90000000.0,90000000.0,43605000.0,22603700.0,21345947.88970497,21345947.88970497,5.641379310344828,23,10
h2_jackpot_cap,cap_90m,90 mil. €,Nižší strop jackpotu 90 mil. €.,154,250579,1000,25000000,0.5,90000000.0,50000000000.0,25000000000.0,22596437500.0,12208937500.0,139,237,35,1818000000.0,0.0,90000000.0,36000000.0,51120000.0,22596437.5,21908785.137812726,21908785.137812726,7.235294117647059,35,10
h2_jackpot_cap,cap_90m,90 mil. €,Nižší strop jackpotu 90 mil. €.,155,250580,1000,25000000,0.5,90000000.0,50000000000.0,25000000000.0,22637550000.0,12250050000.0,172,212,37,1575000000.0,0.0,90000000.0,54000000.0,47457000.0,22637550.0,21352837.574840024,21352837.574840024,6.043795620437956,34,10
h2_jackpot_cap,cap_90m,90 mil. €,Nižší strop jackpotu 90 mil. €.,156,250581,1000,25000000,0.5,90000000.0,50000000000.0,25000000000.0,22626387500.0,12238887500.0,172,143,37,954000000.0,0.0,90000000.0,0.0,44082000.0,22626387.5,22387997.344695523,22387997.344695523,5.79020979020979,23,10
h2_jackpot_cap,cap_90m,90 mil. €,Nižší strop jackpotu 90 mil. €.,157,250582,1000,25000000,0.5,90000000.0,50000000000.0,25000000000.0,22577100000.0,12189600000.0,160,241,34,1863000000.0,0.0,90000000.0,54000000.0,49554000.0,22577100.0,21040895.669861585,21040895.669861585,6.363636363636363,53,10
h2_jackpot_cap,cap_90m,90 mil. €,Nižší strop jackpotu 90 mil. €.,158,250583,1000,25000000,0.5,90000000.0,50000000000.0,25000000000.0,22640225000.0,12252725000.0,157,222,35,1683000000.0,0.0,90000000.0,9000000.0,48879000.0,22640225.0,21502515.951903746,21502515.951903746,6.484615384615385,36,10
h2_jackpot_cap,cap_90m,90 mil. €,Nižší strop jackpotu 90 mil. €.,159,250584,1000,25000000,0.5,90000000.0,50000000000.0,25000000000.0,22590937500.0,12203437500.0,171,174,29,1305000000.0,0.0,90000000.0,90000000.0,45144000.0,22590937.5,21338381.42356031,21338381.42356031,5.921428571428572,32,10
h2_jackpot_cap,cap_90m,90 mil. €,Nižší strop jackpotu 90 mil. €.,160,250585,1000,25000000,0.5,90000000.0,50000000000.0,25000000000.0,22623437500.0,12235937500.0,154,234,37,1773000000.0,0.0,90000000.0,18000000.0,49653000.0,22623437.5,21514707.28571141,21514707.28571141,6.768,33,10
h2_jackpot_cap,cap_90m,90 mil. €,Nižší strop jackpotu 90 mil. €.,161,250586,1000,25000000,0.5,90000000.0,50000000000.0,25000000000.0,22548750000.0,12161250000.0,172,179,30,1341000000.0,0.0,90000000.0,36000000.0,45576000.0,22548750.0,21299889.34096842,21299889.34096842,5.830985915492958,24,10
h2_jackpot_cap,cap_90m,90 mil. €,Nižší strop jackpotu 90 mil. €.,162,250587,1000,25000000,0.5,90000000.0,50000000000.0,25000000000.0,22588787500.0,12201287500.0,161,192,37,1395000000.0,0.0,90000000.0,81000000.0,47403000.0,22588787.5,21939185.392491076,21939185.392491076,6.079710144927536,30,10
h2_jackpot_cap,cap_90m,90 mil. €,Nižší strop jackpotu 90 mil. €.,163,250588,1000,25000000,0.5,90000000.0,50000000000.0,25000000000.0,22624250000.0,12236750000.0,166,208,31,1593000000.0,0.0,90000000.0,18000000.0,47511000.0,22624250.0,21234402.49777469,21234402.49777469,6,31,10
h2_jackpot_cap,cap_90m,90 mil. €,Nižší strop jackpotu 90 mil. €.,164,250589,1000,25000000,0.5,90000000.0,50000000000.0,25000000000.0,22689400000.0,12301900000.0,169,187,31,1404000000.0,0.0,90000000.0,0.0,46287000.0,22689400.0,21519980.66077198,21519980.66077198,5.935714285714286,33,10
h2_jackpot_cap,cap_90m,90 mil. €,Nižší strop jackpotu 90 mil. €.,165,250590,1000,25000000,0.5,90000000.0,50000000000.0,25000000000.0,22628950000.0,12241450000.0,162,226,29,1773000000.0,0.0,90000000.0,9000000.0,47853000.0,22628950.0,20451583.1758204,20451583.1758204,5.901408450704225,38,10
h2_jackpot_cap,cap_90m,90 mil. €,Nižší strop jackpotu 90 mil. €.,166,250591,1000,25000000,0.5,90000000.0,50000000000.0,25000000000.0,22627337500.0,12239837500.0,163,152,35,1053000000.0,0.0,90000000.0,54000000.0,44631000.0,22627337.5,22112285.421623513,22112285.421623513,5.732876712328767,23,10
h2_jackpot_cap,cap_90m,90 mil. €,Nižší strop jackpotu 90 mil. €.,167,250592,1000,25000000,0.5,90000000.0,50000000000.0,25000000000.0,22638350000.0,12250850000.0,166,178,32,1314000000.0,0.0,90000000.0,27000000.0,46008000.0,22638350.0,21712796.498320986,21712796.498320986,6.087591240875913,25,10
h2_jackpot_cap,cap_90m,90 mil. €,Nižší strop jackpotu 90 mil. €.,168,250593,1000,25000000,0.5,90000000.0,50000000000.0,25000000000.0,22611750000.0,12224250000.0,167,197,40,1413000000.0,0.0,90000000.0,18000000.0,47133000.0,22611750.0,22012673.041625362,22012673.041625362,6.036231884057971,30,10
h2_jackpot_cap,cap_90m,90 mil. €,Nižší strop jackpotu 90 mil. €.,169,250594,1000,25000000,0.5,90000000.0,50000000000.0,25000000000.0,22628537500.0,12241037500.0,153,264,29,2115000000.0,0.0,90000000.0,0.0,51210000.0,22628537.5,20582213.911951836,20582213.911951836,6.830645161290323,35,10
h2_jackpot_cap,cap_90m,90 mil. €,Nižší strop jackpotu 90 mil. €.,170,250595,1000,25000000,0.5,90000000.0,50000000000.0,25000000000.0,22574950000.0,12187450000.0,186,165,27,1242000000.0,0.0,90000000.0,63000000.0,43596000.0,22574950.0,20764521.785909254,20764521.785909254,5.5,32,10
h2_jackpot_cap,cap_90m,90 mil. €,Nižší strop jackpotu 90 mil. €.,171,250596,1000,25000000,0.5,90000000.0,50000000000.0,25000000000.0,22611750000.0,12224250000.0,150,206,31,1575000000.0,0.0,90000000.0,9000000.0,47844000.0,22611750.0,21458128.400154103,21458128.400154103,6.159420289855072,30,10
h2_jackpot_cap,cap_90m,90 mil. €,Nižší strop jackpotu 90 mil. €.,172,250597,1000,25000000,0.5,90000000.0,50000000000.0,25000000000.0,22616050000.0,12228550000.0,155,235,36,1791000000.0,0.0,90000000.0,0.0,49950000.0,22616050.0,21343256.543871183,21343256.543871183,6.7063492063492065,33,10
h2_jackpot_cap,cap_90m,90 mil. €,Nižší strop jackpotu 90 mil. €.,173,250598,1000,25000000,0.5,90000000.0,50000000000.0,25000000000.0,22555200000.0,12167700000.0,168,177,37,1260000000.0,0.0,90000000.0,90000000.0,45639000.0,22555200.0,21653915.88050531,21653915.88050531,5.621621621621622,41,10
h2_jackpot_cap,cap_90m,90 mil. €,Nižší strop jackpotu 90 mil. €.,174,250599,1000,25000000,0.5,90000000.0,50000000000.0,25000000000.0,22612287500.0,12224787500.0,151,205,35,1530000000.0,0.0,90000000.0,36000000.0,48006000.0,22612287.5,21674930.344146293,21674930.344146293,6.288888888888889,26,10
h2_jackpot_cap,cap_90m,90 mil. €,Nižší strop jackpotu 90 mil. €.,175,250600,1000,25000000,0.5,90000000.0,50000000000.0,25000000000.0,22671400000.0,12283900000.0,161,239,30,1881000000.0,0.0,90000000.0,9000000.0,49347000.0,22671400.0,20676386.580831766,20676386.580831766,6.30827067669173,44,10
h2_jackpot_cap,cap_90m,90 mil. €,Nižší strop jackpotu 90 mil. €.,176,250601,1000,25000000,0.5,90000000.0,50000000000.0,25000000000.0,22653800000.0,12266300000.0,173,156,30,1134000000.0,0.0,90000000.0,0.0,44334000.0,22653800.0,21606926.56441448,21606926.56441448,5.743055555555555,36,10
h2_jackpot_cap,cap_90m,90 mil. €,Nižší strop jackpotu 90 mil. €.,177,250602,1000,25000000,0.5,90000000.0,50000000000.0,25000000000.0,22616450000.0,12228950000.0,166,190,30,1440000000.0,0.0,90000000.0,18000000.0,46323000.0,22616450.0,21386280.576516807,21386280.576516807,5.751724137931035,30,10
h2_jackpot_cap,cap_90m,90 mil. €,Nižší strop jackpotu 90 mil. €.,178,250603,1000,25000000,0.5,90000000.0,50000000000.0,25000000000.0,22653400000.0,12265900000.0,150,252,36,1944000000.0,0.0,90000000.0,9000000.0,50949000.0,22653400.0,21329913.465365957,21329913.465365957,6.8,37,10
h2_jackpot_cap,cap_90m,90 mil. €,Nižší strop jackpotu 90 mil. €.,179,250604,1000,25000000,0.5,90000000.0,50000000000.0,25000000000.0,22602750000.0,12215250000.0,155,224,29,1755000000.0,0.0,90000000.0,0.0,48510000.0,22602750.0,20944956.551339515,20944956.551339515,5.909090909090909,35,10
h2_jackpot_cap,cap_90m,90 mil. €,Nižší strop jackpotu 90 mil. €.,180,250605,1000,25000000,0.5,90000000.0,50000000000.0,25000000000.0,22537200000.0,12149700000.0,166,179,31,1332000000.0,0.0,90000000.0,90000000.0,45918000.0,22537200.0,21518325.589134485,21518325.589134485,5.8321678321678325,23,10
h2_jackpot_cap,cap_90m,90 mil. €,Nižší strop jackpotu 90 mil. €.,181,250606,1000,25000000,0.5,90000000.0,50000000000.0,25000000000.0,22602350000.0,12214850000.0,166,172,28,1296000000.0,0.0,90000000.0,54000000.0,44937000.0,22602350.0,21254126.587030105,21254126.587030105,5.873239436619718,33,10
h2_jackpot_cap,cap_90m,90 mil. €,Nižší strop jackpotu 90 mil. €.,182,250607,1000,25000000,0.5,90000000.0,50000000000.0,25000000000.0,22591337500.0,12203837500.0,158,201,32,1521000000.0,0.0,90000000.0,63000000.0,47592000.0,22591337.5,21472641.05477814,21472641.05477814,6.237037037037037,32,10
h2_jackpot_cap,cap_90m,90 mil. €,Nižší strop jackpotu 90 mil. €.,183,250608,1000,25000000,0.5,90000000.0,50000000000.0,25000000000.0,22614850000.0,12227350000.0,175,140,29,999000000.0,0.0,90000000.0,72000000.0,42759000.0,22614850.0,21379848.15141352,21379848.15141352,5.392156862745098,24,10
h2_jackpot_cap,cap_90m,90 mil. €,Nižší strop jackpotu 90 mil. €.,184,250609,1000,25000000,0.5,90000000.0,50000000000.0,25000000000.0,22584750000.0,12197250000.0,182,178,31,1323000000.0,0.0,90000000.0,63000000.0,44775000.0,22584750.0,21198357.953801516,21198357.953801516,5.489932885906041,39,10
h2_jackpot_cap,cap_90m,90 mil. €,Nižší strop jackpotu 90 mil. €.,185,250610,1000,25000000,0.5,90000000.0,50000000000.0,25000000000.0,22572400000.0,12184900000.0,163,195,36,1431000000.0,0.0,90000000.0,90000000.0,47349000.0,22572400.0,21730568.290774174,21730568.290774174,6.246268656716418,38,10
h2_jackpot_cap,cap_90m,90 mil. €,Nižší strop jackpotu 90 mil. €.,186,250611,1000,25000000,0.5,90000000.0,50000000000.0,25000000000.0,22538550000.0,12151050000.0,154,237,33,1836000000.0,0.0,90000000.0,90000000.0,49707000.0,22538550.0,20951911.759968348,20951911.759968348,6.609375,38,10
h2_jackpot_cap,cap_90m,90 mil. €,Nižší strop jackpotu 90 mil. €.,187,250612,1000,25000000,0.5,90000000.0,50000000000.0,25000000000.0,22616600000.0,12229100000.0,129,233,39,1746000000.0,0.0,90000000.0,90000000.0,51318000.0,22616600.0,22083798.686820164,22083798.686820164,7.319327731092437,45,10
h2_jackpot_cap,cap_90m,90 mil. €,Nižší strop jackpotu 90 mil. €.,188,250613,1000,25000000,0.5,90000000.0,50000000000.0,25000000000.0,22549287500.0,12161787500.0,145,264,38,2034000000.0,0.0,90000000.0,90000000.0,52146000.0,22549287.5,21264820.353075963,21264820.353075963,6.895161290322581,29,10
h2_jackpot_cap,cap_90m,90 mil. €,Nižší strop jackpotu 90 mil. €.,189,250614,1000,25000000,0.5,90000000.0,50000000000.0,25000000000.0,22586100000.0,12198600000.0,160,188,35,1377000000.0,0.0,90000000.0,63000000.0,47142000.0,22586100.0,21999057.293211453,21999057.293211453,6.222222222222222,31,10
h2_jackpot_cap,cap_90m,90 mil. €,Nižší strop jackpotu 90 mil. €.,190,250615,1000,25000000,0.5,90000000.0,50000000000.0,25000000000.0,22537600000.0,12150100000.0,161,191,36,1395000000.0,0.0,90000000.0,90000000.0,47268000.0,22537600.0,21769910.34065138,21769910.34065138,6.169117647058823,29,10
h2_jackpot_cap,cap_90m,90 mil. €,Nižší strop jackpotu 90 mil. €.,191,250616,1000,25000000,0.5,90000000.0,50000000000.0,25000000000.0,22611337500.0,12223837500.0,180,158,36,1098000000.0,0.0,90000000.0,9000000.0,44271000.0,22611337.5,21909550.095046308,21909550.095046308,5.774647887323944,28,10
h2_jackpot_cap,cap_90m,90 mil. €,Nižší strop jackpotu 90 mil. €.,192,250617,1000,25000000,0.5,90000000.0,50000000000.0,25000000000.0,22533700000.0,12146200000.0,147,235,33,1818000000.0,0.0,90000000.0,36000000.0,50103000.0,22533700.0,21461592.655485753,21461592.655485753,6.824,39,10
h2_jackpot_cap,cap_90m,90 mil. €,Nižší strop jackpotu 90 mil. €.,193,250618,1000,25000000,0.5,90000000.0,50000000000.0,25000000000.0,22602350000.0,12214850000.0,154,218,37,1629000000.0,0.0,90000000.0,36000000.0,49122000.0,22602350.0,21926511.28149437,21926511.28149437,6.714285714285714,25,10
h2_jackpot_cap,cap_90m,90 mil. €,Nižší strop jackpotu 90 mil. €.,194,250619,1000,25000000,0.5,90000000.0,50000000000.0,25000000000.0,22530750000.0,12143250000.0,163,240,34,1854000000.0,0.0,90000000.0,63000000.0,48978000.0,22530750.0,20778879.106859926,20778879.106859926,6.109489051094891,32,10
h2_jackpot_cap,cap_90m,90 mil. €,Nižší strop jackpotu 90 mil. €.,195,250620,1000,25000000,0.5,90000000.0,50000000000.0,25000000000.0,22622100000.0,12234600000.0,141,279,36,2187000000.0,0.0,90000000.0,9000000.0,53145000.0,22622100.0,21377886.392017335,21377886.392017335,7.279661016949152,39,10
h2_jackpot_cap,cap_90m,90 mil. €,Nižší strop jackpotu 90 mil. €.,196,250621,1000,25000000,0.5,90000000.0,50000000000.0,25000000000.0,22619550000.0,12232050000.0,169,187,31,1404000000.0,0.0,90000000.0,36000000.0,46521000.0,22619550.0,21573988.975094523,21573988.975094523,5.852112676056338,30,10
h2_jackpot_cap,cap_90m,90 mil. €,Nižší strop jackpotu 90 mil. €.,197,250622,1000,25000000,0.5,90000000.0,50000000000.0,25000000000.0,22628950000.0,12241450000.0,168,237,29,1872000000.0,0.0,90000000.0,18000000.0,49131000.0,22628950.0,20569291.53854114,20569291.53854114,6.2556390977443606,29,10
h2_jackpot_cap,cap_90m,90 mil. €,Nižší strop jackpotu 90 mil. €.,198,250623,1000,25000000,0.5,90000000.0,50000000000.0,25000000000.0,22618200000.0,12230700000.0,153,203,30,1557000000.0,0.0,90000000.0,0.0,48492000.0,22618200.0,21661289.1758547,21661289.1758547,6.722222222222222,45,10
h2_jackpot_cap,cap_90m,90 mil. €,Nižší strop jackpotu 90 mil. €.,199,250624,1000,25000000,0.5,90000000.0,50000000000.0,25000000000.0,22693700000.0,12306200000.0,162,207,34,1557000000.0,0.0,90000000.0,0.0,47502000.0,22693700.0,21382203.47181272,21382203.47181272,6.072463768115942,34,10
h2_jackpot_cap,cap_90m,90 mil. €,Nižší strop jackpotu 90 mil. €.,200,250625,1000,25000000,0.5,90000000.0,50000000000.0,25000000000.0,22608800000.0,12221300000.0,165,179,38,1269000000.0,0.0,90000000.0,45000000.0,46422000.0,22608800.0,22097268.893689103,22097268.893689103,6.185185185185185,26,10
h2_jackpot_cap,cap_120m,120 mil. €,Výchozí strop jackpotu 120 mil. €.,1,260426,1000,25000000,0.5,120000000.0,50000000000.0,25000000000.0,22685500000.0,12298000000.0,175,30,12,234000000.0,0.0,120000000.0,0.0,43218000.0,22685500.0,24157740.26580301,24157740.26580301,5.427631578947368,20,14
h2_jackpot_cap,cap_120m,120 mil. €,Výchozí strop jackpotu 120 mil. €.,2,260427,1000,25000000,0.5,120000000.0,50000000000.0,25000000000.0,22587300000.0,12199800000.0,161,142,21,1215000000.0,0.0,120000000.0,27000000.0,55380000.0,22587300.0,24051159.716529265,24051159.716529265,6.658730158730159,33,14
h2_jackpot_cap,cap_120m,120 mil. €,Výchozí strop jackpotu 120 mil. €.,3,260428,1000,25000000,0.5,120000000.0,50000000000.0,25000000000.0,22607500000.0,12220000000.0,159,84,15,711000000.0,0.0,120000000.0,36000000.0,49536000.0,22607500.0,24234062.159489483,24234062.159489483,6.1838235294117645,25,14
h2_jackpot_cap,cap_120m,120 mil. €,Výchozí strop jackpotu 120 mil. €.,4,260429,1000,25000000,0.5,120000000.0,50000000000.0,25000000000.0,22622000000.0,12234500000.0,187,85,15,720000000.0,0.0,120000000.0,18000000.0,47964000.0,22622000.0,23659565.00022771,23659565.00022771,5.685314685314685,29,14
h2_jackpot_cap,cap_120m,120 mil. €,Výchozí strop jackpotu 120 mil. €.,5,260430,1000,25000000,0.5,120000000.0,50000000000.0,25000000000.0,22680937500.0,12293437500.0,164,87,17,732000000.0,0.0,120000000.0,9000000.0,50151000.0,22680937.5,24450562.938863877,24450562.938863877,5.846153846153846,26,14
h2_jackpot_cap,cap_120m,120 mil. €,Výchozí strop jackpotu 120 mil. €.,6,260431,1000,25000000,0.5,120000000.0,50000000000.0,25000000000.0,22632887500.0,12245387500.0,164,99,18,837000000.0,0.0,120000000.0,27000000.0,51057000.0,22632887.5,24325786.006182693,24325786.006182693,6.057971014492754,32,14
h2_jackpot_cap,cap_120m,120 mil. €,Výchozí strop jackpotu 120 mil. €.,7,260432,1000,25000000,0.5,120000000.0,50000000000.0,25000000000.0,22634500000.0,12247000000.0,148,85,16,717000000.0,0.0,120000000.0,0.0,50832000.0,22634500.0,24687550.197417323,24687550.197417323,6.5038167938931295,27,14
h2_jackpot_cap,cap_120m,120 mil. €,Výchozí strop jackpotu 120 mil. €.,8,260433,1000,25000000,0.5,120000000.0,50000000000.0,25000000000.0,22659850000.0,12272350000.0,151,104,23,867000000.0,0.0,120000000.0,36000000.0,52434000.0,22659850.0,24923877.015374232,24923877.015374232,6.383458646616542,27,14
h2_jackpot_cap,cap_120m,120 mil. €,Výchozí strop jackpotu 120 mil. €.,9,260434,1000,25000000,0.5,120000000.0,50000000000.0,25000000000.0,22589187500.0,12201687500.0,157,101,20,849000000.0,0.0,120000000.0,72000000.0,51705000.0,22589187.5,24414558.65863837,24414558.65863837,6.534883720930233,31,14
h2_jackpot_cap,cap_120m,120 mil. €,Výchozí strop jackpotu 120 mil. €.,10,260435,1000,25000000,0.5,120000000.0,50000000000.0,25000000000.0,22602800000.0,12215300000.0,159,131,18,1125000000.0,0.0,120000000.0,72000000.0,53871000.0,22602800.0,23886759.13890371,23886759.13890371,6.469230769230769,32,14
h2_jackpot_cap,cap_120m,120 mil. €,Výchozí strop jackpotu 120 mil. €.,11,260436,1000,25000000,0.5,120000000.0,50000000000.0,25000000000.0,22573200000.0,12185700000.0,156,91,16,771000000.0,0.0,120000000.0,81000000.0,51516000.0,22573200.0,24618693.339818016,24618693.339818016,6.393939393939394,27,14
h2_jackpot_cap,cap_120m,120 mil. €,Výchozí strop jackpotu 120 mil. €.,12,260437,1000,25000000,0.5,120000000.0,50000000000.0,25000000000.0,22542800000.0,12155300000.0,172,96,14,822000000.0,0.0,120000000.0,120000000.0,49872000.0,22542800.0,23523981.34160117,23523981.34160117,5.75,34,14
h2_jackpot_cap,cap_120m,120 mil. €,Výchozí strop jackpotu 120 mil. €.,13,260438,1000,25000000,0.5,120000000.0,50000000000.0,25000000000.0,22651650000.0,12264150000.0,172,63,16,519000000.0,0.0,120000000.0,18000000.0,47751000.0,22651650.0,24510603.415205836,24510603.415205836,5.671232876712328,31,14
h2_jackpot_cap,cap_120m,120 mil. €,Výchozí strop jackpotu 120 mil. €.,14,260439,1000,25000000,0.5,120000000.0,50000000000.0,25000000000.0,22635800000.0,12248300000.0,180,89,11,768000000.0,0.0,120000000.0,45000000.0,46692000.0,22635800.0,22629725.768554952,22629725.768554952,5.430463576158941,31,14
h2_jackpot_cap,cap_120m,120 mil. €,Výchozí strop jackpotu 120 mil. €.,15,260440,1000,25000000,0.5,120000000.0,50000000000.0,25000000000.0,22625900000.0,12238400000.0,138,106,19,897000000.0,0.0,120000000.0,9000000.0,54522000.0,22625900.0,25400975.65429328,25400975.65429328,6.682170542635659,26,14
h2_jackpot_cap,cap_120m,120 mil. €,Výchozí strop jackpotu 120 mil. €.,16,260441,1000,25000000,0.5,120000000.0,50000000000.0,25000000000.0,22659437500.0,12271937500.0,163,63,16,519000000.0,0.0,120000000.0,27000000.0,48165000.0,22659437.5,24760919.7343282,24760919.7343282,6.065217391304348,19,14
h2_jackpot_cap,cap_120m,120 mil. €,Výchozí strop jackpotu 120 mil. €.,17,260442,1000,25000000,0.5,120000000.0,50000000000.0,25000000000.0,22634587500.0,12247087500.0,160,131,21,1116000000.0,0.0,120000000.0,0.0,54123000.0,22634587.5,24199436.56598421,24199436.56598421,6.222222222222222,29,14
h2_jackpot_cap,cap_120m,120 mil. €,Výchozí strop jackpotu 120 mil. €.,18,260443,1000,25000000,0.5,120000000.0,50000000000.0,25000000000.0,22546200000.0,12158700000.0,169,83,14,705000000.0,0.0,120000000.0,99000000.0,48537000.0,22546200.0,23709419.76430465,23709419.76430465,5.8936170212765955,39,14
h2_jackpot_cap,cap_120m,120 mil. €,Výchozí strop jackpotu 120 mil. €.,19,260444,1000,25000000,0.5,120000000.0,50000000000.0,25000000000.0,22670987500.0,12283487500.0,180,48,11,399000000.0,0.0,120000000.0,0.0,44544000.0,22670987.5,23815509.068275105,23815509.068275105,5.222929936305732,26,14
h2_jackpot_cap,cap_120m,120 mil. €,Výchozí strop jackpotu 120 mil. €.,20,260445,1000,25000000,0.5,120000000.0,50000000000.0,25000000000.0,22553950000.0,12166450000.0,162,69,16,573000000.0,0.0,120000000.0,120000000.0,49227000.0,22553950.0,24583054.56808612,24583054.56808612,6.072463768115942,24,14
h2_jackpot_cap,cap_120m,120 mil. €,Výchozí strop jackpotu 120 mil. €.,21,260446,1000,25000000,0.5,120000000.0,50000000000.0,25000000000.0,22524800000.0,12137300000.0,148,143,22,1221000000.0,0.0,120000000.0,120000000.0,56064000.0,22524800.0,24199374.267943375,24199374.267943375,6.454545454545454,32,14
h2_jackpot_cap,cap_120m,120 mil. €,Výchozí strop jackpotu 120 mil. €.,22,260447,1000,25000000,0.5,120000000.0,50000000000.0,25000000000.0,22625900000.0,12238400000.0,156,115,24,963000000.0,0.0,120000000.0,0.0,54660000.0,22625900.0,25291752.888837103,25291752.888837103,6.752,40,14
h2_jackpot_cap,cap_120m,120 mil. €,Výchozí strop jackpotu 120 mil. €.,23,260448,1000,25000000,0.5,120000000.0,50000000000.0,25000000000.0,22539400000.0,12151900000.0,145,100,23,831000000.0,0.0,120000000.0,120000000.0,53826000.0,22539400.0,25245791.48373051,25245791.48373051,6.732283464566929,25,14
h2_jackpot_cap,cap_120m,120 mil. €,Výchozí strop jackpotu 120 mil. €.,24,260449,1000,25000000,0.5,120000000.0,50000000000.0,25000000000.0,22628900000.0,12241400000.0,177,67,10,573000000.0,0.0,120000000.0,27000000.0,45657000.0,22628900.0,23338560.3624131,23338560.3624131,5.5608108108108105,36,14
h2_jackpot_cap,cap_120m,120 mil. €,Výchozí strop jackpotu 120 mil. €.,25,260450,1000,25000000,0.5,120000000.0,50000000000.0,25000000000.0,22663250000.0,12275750000.0,160,105,17,894000000.0,0.0,120000000.0,0.0,51267000.0,22663250.0,24076130.02410271,24076130.02410271,6.222222222222222,29,14
h2_jackpot_cap,cap_120m,120 mil. €,Výchozí strop jackpotu 120 mil. €.,26,260451,1000,25000000,0.5,120000000.0,50000000000.0,25000000000.0,22642250000.0,12254750000.0,180,76,11,651000000.0,0.0,120000000.0,36000000.0,46122000.0,22642250.0,23123063.214840285,23123063.214840285,5.430463576158941,35,14
h2_jackpot_cap,cap_120m,120 mil. €,Výchozí strop jackpotu 120 mil. €.,27,260452,1000,25000000,0.5,120000000.0,50000000000.0,25000000000.0,22677087500.0,12289587500.0,164,56,11,471000000.0,0.0,120000000.0,27000000.0,47502000.0,22677087.5,24566399.490433957,24566399.490433957,6.2388059701492535,23,14
h2_jackpot_cap,cap_120m,120 mil. €,Výchozí strop jackpotu 120 mil. €.,28,260453,1000,25000000,0.5,120000000.0,50000000000.0,25000000000.0,22568950000.0,12181450000.0,159,120,16,1032000000.0,0.0,120000000.0,90000000.0,51963000.0,22568950.0,23451288.41657746,23451288.41657746,6.229629629629629,29,14
h2_jackpot_cap,cap_120m,120 mil. €,Výchozí strop jackpotu 120 mil. €.,29,260454,1000,25000000,0.5,120000000.0,50000000000.0,25000000000.0,22560400000.0,12172900000.0,152,112,23,939000000.0,0.0,120000000.0,120000000.0,54231000.0,22560400.0,24896589.96408946,24896589.96408946,6.625,37,14
h2_jackpot_cap,cap_120m,120 mil. €,Výchozí strop jackpotu 120 mil. €.,30,260455,1000,25000000,0.5,120000000.0,50000000000.0,25000000000.0,22573737500.0,12186237500.0,165,102,13,879000000.0,0.0,120000000.0,99000000.0,50361000.0,22573737.5,23475545.450262573,23475545.450262573,6.231343283582089,26,14
h2_jackpot_cap,cap_120m,120 mil. €,Výchozí strop jackpotu 120 mil. €.,31,260456,1000,25000000,0.5,120000000.0,50000000000.0,25000000000.0,22641437500.0,12253937500.0,155,109,19,924000000.0,0.0,120000000.0,27000000.0,53739000.0,22641437.5,24974954.691447265,24974954.691447265,6.653543307086614,28,14
h2_jackpot_cap,cap_120m,120 mil. €,Výchozí strop jackpotu 120 mil. €.,32,260457,1000,25000000,0.5,120000000.0,50000000000.0,25000000000.0,22640150000.0,12252650000.0,154,96,17,813000000.0,0.0,120000000.0,63000000.0,52392000.0,22640150.0,24887819.520349707,24887819.520349707,6.82258064516129,25,14
h2_jackpot_cap,cap_120m,120 mil. €,Výchozí strop jackpotu 120 mil. €.,33,260458,1000,25000000,0.5,120000000.0,50000000000.0,25000000000.0,22649550000.0,12262050000.0,174,98,18,828000000.0,0.0,120000000.0,18000000.0,49740000.0,22649550.0,23869154.306290366,23869154.306290366,5.363636363636363,27,14
h2_jackpot_cap,cap_120m,120 mil. €,Výchozí strop jackpotu 120 mil. €.,34,260459,1000,25000000,0.5,120000000.0,50000000000.0,25000000000.0,22670500000.0,12283000000.0,175,80,14,678000000.0,0.0,120000000.0,0.0,48294000.0,22670500.0,23900074.36703911,23900074.36703911,5.769230769230769,27,14
h2_jackpot_cap,cap_120m,120 mil. €,Výchozí strop jackpotu 120 mil. €.,35,260460,1000,25000000,0.5,120000000.0,50000000000.0,25000000000.0,22682150000.0,12294650000.0,178,47,9,396000000.0,0.0,120000000.0,27000000.0,42873000.0,22682150.0,23093540.73929548,23093540.73929548,5.235668789808917,28,14
h2_jackpot_cap,cap_120m,120 mil. €,Výchozí strop jackpotu 120 mil. €.,36,260461,1000,25000000,0.5,120000000.0,50000000000.0,25000000000.0,22659850000.0,12272350000.0,173,57,11,480000000.0,0.0,120000000.0,45000000.0,45102000.0,22659850.0,23587533.68789327,23587533.68789327,5.587837837837838,22,14
h2_jackpot_cap,cap_120m,120 mil. €,Výchozí strop jackpotu 120 mil. €.,37,260462,1000,25000000,0.5,120000000.0,50000000000.0,25000000000.0,22661587500.0,12274087500.0,146,131,17,1128000000.0,0.0,120000000.0,18000000.0,54513000.0,22661587.5,24092123.36814864,24092123.36814864,6.777777777777778,40,14
h2_jackpot_cap,cap_120m,120 mil. €,Výchozí strop jackpotu 120 mil. €.,38,260463,1000,25000000,0.5,120000000.0,50000000000.0,25000000000.0,22581387500.0,12193887500.0,170,50,14,408000000.0,0.0,120000000.0,36000000.0,46809000.0,22581387.5,24641450.342483774,24641450.342483774,5.971223021582734,23,14
h2_jackpot_cap,cap_120m,120 mil. €,Výchozí strop jackpotu 120 mil. €.,39,260464,1000,25000000,0.5,120000000.0,50000000000.0,25000000000.0,22660250000.0,12272750000.0,174,100,16,852000000.0,0.0,120000000.0,36000000.0,49689000.0,22660250.0,23687663.612891417,23687663.612891417,5.816901408450704,43,14
h2_jackpot_cap,cap_120m,120 mil. €,Výchozí strop jackpotu 120 mil. €.,40,260465,1000,25000000,0.5,120000000.0,50000000000.0,25000000000.0,22669650000.0,12282150000.0,156,116,16,996000000.0,0.0,120000000.0,0.0,52815000.0,22669650.0,24118515.63379264,24118515.63379264,6.298507462686567,29,14
h2_jackpot_cap,cap_120m,120 mil. €,Výchozí strop jackpotu 120 mil. €.,41,260466,1000,25000000,0.5,120000000.0,50000000000.0,25000000000.0,22670050000.0,12282550000.0,163,107,17,912000000.0,0.0,120000000.0,9000000.0,51264000.0,22670050.0,23999051.033270046,23999051.033270046,5.978571428571429,28,14
h2_jackpot_cap,cap_120m,120 mil. €,Výchozí strop jackpotu 120 mil. €.,42,260467,1000,25000000,0.5,120000000.0,50000000000.0,25000000000.0,22592137500.0,12204637500.0,159,90,14,768000000.0,0.0,120000000.0,72000000.0,50322000.0,22592137.5,24162302.70664085,24162302.70664085,6.276119402985074,32,14
h2_jackpot_cap,cap_120m,120 mil. €,Výchozí strop jackpotu 120 mil. €.,43,260468,1000,25000000,0.5,120000000.0,50000000000.0,25000000000.0,22649137500.0,12261637500.0,185,82,16,690000000.0,0.0,120000000.0,0.0,47808000.0,22649137.5,23764730.577314436,23764730.577314436,5.326797385620915,27,14
h2_jackpot_cap,cap_120m,120 mil. €,Výchozí strop jackpotu 120 mil. €.,44,260469,1000,25000000,0.5,120000000.0,50000000000.0,25000000000.0,22569037500.0,12181537500.0,172,91,19,762000000.0,0.0,120000000.0,108000000.0,49851000.0,22569037.5,24124307.455963243,24124307.455963243,6,30,14
h2_jackpot_cap,cap_120m,120 mil. €,Výchozí strop jackpotu 120 mil. €.,45,260470,1000,25000000,0.5,120000000.0,50000000000.0,25000000000.0,22614850000.0,12227350000.0,157,117,21,990000000.0,0.0,120000000.0,81000000.0,53550000.0,22614850.0,24543402.51427051,24543402.51427051,6.338345864661654,28,14
h2_jackpot_cap,cap_120m,120 mil. €,Výchozí strop jackpotu 120 mil. €.,46,260471,1000,25000000,0.5,120000000.0,50000000000.0,25000000000.0,22643050000.0,12255550000.0,140,106,17,903000000.0,0.0,120000000.0,18000000.0,53889000.0,22643050.0,24940511.30585538,24940511.30585538,6.825396825396825,28,14
h2_jackpot_cap,cap_120m,120 mil. €,Výchozí strop jackpotu 120 mil. €.,47,260472,1000,25000000,0.5,120000000.0,50000000000.0,25000000000.0,22584350000.0,12196850000.0,166,111,14,957000000.0,0.0,120000000.0,72000000.0,51969000.0,22584350.0,23790764.12344715,23790764.12344715,6.366412213740458,48,14
h2_jackpot_cap,cap_120m,120 mil. €,Výchozí strop jackpotu 120 mil. €.,48,260473,1000,25000000,0.5,120000000.0,50000000000.0,25000000000.0,22657300000.0,12269800000.0,170,90,18,756000000.0,0.0,120000000.0,54000000.0,49374000.0,22657300.0,24085664.02883674,24085664.02883674,5.971223021582734,24,14
h2_jackpot_cap,cap_120m,120 mil. €,Výchozí strop jackpotu 120 mil. €.,49,260474,1000,25000000,0.5,120000000.0,50000000000.0,25000000000.0,22651650000.0,12264150000.0,181,32,11,255000000.0,0.0,120000000.0,9000000.0,43713000.0,22651650.0,24106592.039886102,24106592.039886102,5.46,18,14
h2_jackpot_cap,cap_120m,120 mil. €,Výchozí strop jackpotu 120 mil. €.,50,260475,1000,25000000,0.5,120000000.0,50000000000.0,25000000000.0,22542437500.0,12154937500.0,184,72,9,621000000.0,0.0,120000000.0,117000000.0,45333000.0,22542437.5,22642418.49858013,22642418.49858013,5.403973509933775,36,14
h2_jackpot_cap,cap_120m,120 mil. €,Výchozí strop jackpotu 120 mil. €.,51,260476,1000,25000000,0.5,120000000.0,50000000000.0,25000000000.0,22560937500.0,12173437500.0,176,107,16,915000000.0,0.0,120000000.0,120000000.0,50493000.0,22560937.5,23404437.143997796,23404437.143997796,5.7622377622377625,29,14
h2_jackpot_cap,cap_120m,120 mil. €,Výchozí strop jackpotu 120 mil. €.,52,260477,1000,25000000,0.5,120000000.0,50000000000.0,25000000000.0,22657337500.0,12269837500.0,172,64,15,531000000.0,0.0,120000000.0,27000000.0,47388000.0,22657337.5,24398955.43496368,24398955.43496368,5.75,23,14
h2_jackpot_cap,cap_120m,120 mil. €,Výchozí strop jackpotu 120 mil. €.,53,260478,1000,25000000,0.5,120000000.0,50000000000.0,25000000000.0,22612700000.0,12225200000.0,159,92,13,789000000.0,0.0,120000000.0,72000000.0,49413000.0,22612700.0,23613825.266356148,23613825.266356148,6.007142857142857,34,14
h2_jackpot_cap,cap_120m,120 mil. €,Výchozí strop jackpotu 120 mil. €.,54,260479,1000,25000000,0.5,120000000.0,50000000000.0,25000000000.0,22643187500.0,12255687500.0,150,117,18,999000000.0,0.0,120000000.0,27000000.0,53487000.0,22643187.5,24466733.052168895,24466733.052168895,6.4393939393939394,40,14
h2_jackpot_cap,cap_120m,120 mil. €,Výchozí strop jackpotu 120 mil. €.,55,260480,1000,25000000,0.5,120000000.0,50000000000.0,25000000000.0,22669250000.0,12281750000.0,162,61,10,519000000.0,0.0,120000000.0,18000000.0,46296000.0,22669250.0,23805622.06575371,23805622.06575371,6.028776978417266,36,14
h2_jackpot_cap,cap_120m,120 mil. €,Výchozí strop jackpotu 120 mil. €.,56,260481,1000,25000000,0.5,120000000.0,50000000000.0,25000000000.0,22681787500.0,12294287500.0,151,138,24,1170000000.0,0.0,120000000.0,0.0,55584000.0,22681787.5,24662526.071169063,24662526.071169063,6.5813953488372094,32,14
h2_jackpot_cap,cap_120m,120 mil. €,Výchozí strop jackpotu 120 mil. €.,57,260482,1000,25000000,0.5,120000000.0,50000000000.0,25000000000.0,22624650000.0,12237150000.0,168,92,16,780000000.0,0.0,120000000.0,63000000.0,51114000.0,22624650.0,24481479.52795133,24481479.52795133,6.208955223880597,36,14
h2_jackpot_cap,cap_120m,120 mil. €,Výchozí strop jackpotu 120 mil. €.,58,260483,1000,25000000,0.5,120000000.0,50000000000.0,25000000000.0,22536475000.0,12148975000.0,164,77,15,648000000.0,0.0,120000000.0,120000000.0,47760000.0,22536475.0,23605909.48018896,23605909.48018896,5.9714285714285715,24,14
h2_jackpot_cap,cap_120m,120 mil. €,Výchozí strop jackpotu 120 mil. €.,59,260484,1000,25000000,0.5,120000000.0,50000000000.0,25000000000.0,22533837500.0,12146337500.0,164,81,13,690000000.0,0.0,120000000.0,117000000.0,48714000.0,22533837.5,23680887.04904957,23680887.04904957,5.9714285714285715,41,14
h2_jackpot_cap,cap_120m,120 mil. €,Výchozí strop jackpotu 120 mil. €.,60,260485,1000,25000000,0.5,120000000.0,50000000000.0,25000000000.0,22596575000.0,12209075000.0,167,124,17,1065000000.0,0.0,120000000.0,108000000.0,52260000.0,22596575.0,23388657.530561153,23388657.530561153,5.95,31,14
h2_jackpot_cap,cap_120m,120 mil. €,Výchozí strop jackpotu 120 mil. €.,61,260486,1000,25000000,0.5,120000000.0,50000000000.0,25000000000.0,22673137500.0,12285637500.0,171,75,18,621000000.0,0.0,120000000.0,9000000.0,48474000.0,22673137.5,24456818.77948037,24456818.77948037,6.0510948905109485,26,14
h2_jackpot_cap,cap_120m,120 mil. €,Výchozí strop jackpotu 120 mil. €.,62,260487,1000,25000000,0.5,120000000.0,50000000000.0,25000000000.0,22680400000.0,12292900000.0,158,166,19,1437000000.0,0.0,120000000.0,0.0,56538000.0,22680400.0,23485035.57246614,23485035.57246614,6.6299212598425195,34,14
h2_jackpot_cap,cap_120m,120 mil. €,Výchozí strop jackpotu 120 mil. €.,63,260488,1000,25000000,0.5,120000000.0,50000000000.0,25000000000.0,22635800000.0,12248300000.0,161,112,16,960000000.0,0.0,120000000.0,18000000.0,52074000.0,22635800.0,23969380.224778447,23969380.224778447,6.079710144927536,39,14
h2_jackpot_cap,cap_120m,120 mil. €,Výchozí strop jackpotu 120 mil. €.,64,260489,1000,25000000,0.5,120000000.0,50000000000.0,25000000000.0,22530750000.0,12143250000.0,171,85,14,723000000.0,0.0,120000000.0,117000000.0,49362000.0,22530750.0,23893890.786925014,23893890.786925014,5.7972027972027975,35,14
h2_jackpot_cap,cap_120m,120 mil. €,Výchozí strop jackpotu 120 mil. €.,65,260490,1000,25000000,0.5,120000000.0,50000000000.0,25000000000.0,22601137500.0,12213637500.0,166,114,20,966000000.0,0.0,120000000.0,36000000.0,52464000.0,22601137.5,24322998.01859022,24322998.01859022,6.672,28,14
h2_jackpot_cap,cap_120m,120 mil. €,Výchozí strop jackpotu 120 mil. €.,66,260491,1000,25000000,0.5,120000000.0,50000000000.0,25000000000.0,22709150000.0,12321650000.0,165,75,18,621000000.0,0.0,120000000.0,0.0,48159000.0,22709150.0,24321208.004075374,24321208.004075374,5.758620689655173,28,14
h2_jackpot_cap,cap_120m,120 mil. €,Výchozí strop jackpotu 120 mil. €.,67,260492,1000,25000000,0.5,120000000.0,50000000000.0,25000000000.0,22619137500.0,12231637500.0,169,53,14,435000000.0,0.0,120000000.0,9000000.0,45729000.0,22619137.5,24045966.764976278,24045966.764976278,5.852112676056338,23,14
h2_jackpot_cap,cap_120m,120 mil. €,Výchozí strop jackpotu 120 mil. €.,68,260493,1000,25000000,0.5,120000000.0,50000000000.0,25000000000.0,22640900000.0,12253400000.0,184,86,16,726000000.0,0.0,120000000.0,0.0,47811000.0,22640900.0,23608120.683146298,23608120.683146298,5.627586206896551,24,14
h2_jackpot_cap,cap_120m,120 mil. €,Výchozí strop jackpotu 120 mil. €.,69,260494,1000,25000000,0.5,120000000.0,50000000000.0,25000000000.0,22683000000.0,12295500000.0,165,76,15,639000000.0,0.0,120000000.0,9000000.0,48513000.0,22683000.0,24200879.343527995,24200879.343527995,6.094890510948905,25,14
h2_jackpot_cap,cap_120m,120 mil. €,Výchozí strop jackpotu 120 mil. €.,70,260495,1000,25000000,0.5,120000000.0,50000000000.0,25000000000.0,22625050000.0,12237550000.0,188,37,11,300000000.0,0.0,120000000.0,54000000.0,43611000.0,22625050.0,23886691.482863422,23886691.482863422,5.342105263157895,26,14
h2_jackpot_cap,cap_120m,120 mil. €,Výchozí strop jackpotu 120 mil. €.,71,260496,1000,25000000,0.5,120000000.0,50000000000.0,25000000000.0,22650800000.0,12263300000.0,167,101,11,876000000.0,0.0,120000000.0,27000000.0,49158000.0,22650800.0,23105815.05508949,23105815.05508949,6.036231884057971,45,14
h2_jackpot_cap,cap_120m,120 mil. €,Výchozí strop jackpotu 120 mil. €.,72,260497,1000,25000000,0.5,120000000.0,50000000000.0,25000000000.0,22660650000.0,12273150000.0,157,125,16,1077000000.0,0.0,120000000.0,9000000.0,52275000.0,22660650.0,23527117.73842049,23527117.73842049,6.0647482014388485,44,14
h2_jackpot_cap,cap_120m,120 mil. €,Výchozí strop jackpotu 120 mil. €.,73,260498,1000,25000000,0.5,120000000.0,50000000000.0,25000000000.0,22671487500.0,12283987500.0,165,139,17,1200000000.0,0.0,120000000.0,0.0,53493000.0,22671487.5,23406469.211386703,23406469.211386703,6.374045801526718,42,14
h2_jackpot_cap,cap_120m,120 mil. €,Výchozí strop jackpotu 120 mil. €.,74,260499,1000,25000000,0.5,120000000.0,50000000000.0,25000000000.0,22518350000.0,12130850000.0,172,93,12,801000000.0,0.0,120000000.0,120000000.0,48978000.0,22518350.0,23140761.348268125,23140761.348268125,5.914285714285715,32,14
h2_jackpot_cap,cap_120m,120 mil. €,Výchozí strop jackpotu 120 mil. €.,75,260500,1000,25000000,0.5,120000000.0,50000000000.0,25000000000.0,22559950000.0,12172450000.0,169,81,15,684000000.0,0.0,120000000.0,117000000.0,48474000.0,22559950.0,23741044.38514658,23741044.38514658,5.811188811188811,40,14
h2_jackpot_cap,cap_120m,120 mil. €,Výchozí strop jackpotu 120 mil. €.,76,260501,1000,25000000,0.5,120000000.0,50000000000.0,25000000000.0,22642737500.0,12255237500.0,160,76,19,627000000.0,0.0,120000000.0,27000000.0,49140000.0,22642737.5,24704153.444559556,24704153.444559556,6.086956521739131,24,14
h2_jackpot_cap,cap_120m,120 mil. €,Výchozí strop jackpotu 120 mil. €.,77,260502,1000,25000000,0.5,120000000.0,50000000000.0,25000000000.0,22625900000.0,12238400000.0,163,104,16,888000000.0,0.0,120000000.0,0.0,52014000.0,22625900.0,24350949.9648371,24350949.9648371,6.488372093023256,35,14
h2_jackpot_cap,cap_120m,120 mil. €,Výchozí strop jackpotu 120 mil. €.,78,260503,1000,25000000,0.5,120000000.0,50000000000.0,25000000000.0,22613100000.0,12225600000.0,177,95,13,816000000.0,0.0,120000000.0,63000000.0,48855000.0,22613100.0,23304446.858700596,23304446.858700596,5.836879432624113,33,14
h2_jackpot_cap,cap_120m,120 mil. €,Výchozí strop jackpotu 120 mil. €.,79,260504,1000,25000000,0.5,120000000.0,50000000000.0,25000000000.0,22654250000.0,12266750000.0,150,112,15,963000000.0,0.0,120000000.0,36000000.0,53193000.0,22654250.0,24339595.198718898,24339595.198718898,6.4393939393939394,37,14
h2_jackpot_cap,cap_120m,120 mil. €,Výchozí strop jackpotu 120 mil. €.,80,260505,1000,25000000,0.5,120000000.0,50000000000.0,25000000000.0,22518750000.0,12131250000.0,172,102,17,867000000.0,0.0,120000000.0,99000000.0,49872000.0,22518750.0,23554547.56384635,23554547.56384635,5.79020979020979,27,14
h2_jackpot_cap,cap_120m,120 mil. €,Výchozí strop jackpotu 120 mil. €.,81,260506,1000,25000000,0.5,120000000.0,50000000000.0,25000000000.0,22661987500.0,12274487500.0,174,81,15,684000000.0,0.0,120000000.0,0.0,47961000.0,22661987.5,23837083.902107105,23837083.902107105,5.736111111111111,26,14
h2_jackpot_cap,cap_120m,120 mil. €,Výchozí strop jackpotu 120 mil. €.,82,260507,1000,25000000,0.5,120000000.0,50000000000.0,25000000000.0,22649137500.0,12261637500.0,190,57,11,480000000.0,0.0,120000000.0,27000000.0,44472000.0,22649137.5,23342695.20454619,23342695.20454619,5.294117647058823,32,14
h2_jackpot_cap,cap_120m,120 mil. €,Výchozí strop jackpotu 120 mil. €.,83,260508,1000,25000000,0.5,120000000.0,50000000000.0,25000000000.0,22518750000.0,12131250000.0,159,95,20,795000000.0,0.0,120000000.0,120000000.0,53226000.0,22518750.0,25160993.838429753,25160993.838429753,6.622047244094488,25,14
h2_jackpot_cap,cap_120m,120 mil. €,Výchozí strop jackpotu 120 mil. €.,84,260509,1000,25000000,0.5,120000000.0,50000000000.0,25000000000.0,22704850000.0,12317350000.0,176,69,12,585000000.0,0.0,120000000.0,0.0,47223000.0,22704850.0,23926623.95695431,23926623.95695431,5.5675675675675675,26,14
h2_jackpot_cap,cap_120m,120 mil. €,Výchozí strop jackpotu 120 mil. €.,85,260510,1000,25000000,0.5,120000000.0,50000000000.0,25000000000.0,22663250000.0,12275750000.0,174,81,15,684000000.0,0.0,120000000.0,9000000.0,48465000.0,22663250.0,24033165.35409974,24033165.35409974,5.696551724137931,29,14
h2_jackpot_cap,cap_120m,120 mil. €,Výchozí strop jackpotu 120 mil. €.,86,260511,1000,25000000,0.5,120000000.0,50000000000.0,25000000000.0,22659487500.0,12271987500.0,164,106,18,900000000.0,0.0,120000000.0,18000000.0,52176000.0,22659487.5,24478378.166120276,24478378.166120276,5.726027397260274,24,14
h2_jackpot_cap,cap_120m,120 mil. €,Výchozí strop jackpotu 120 mil. €.,87,260512,1000,25000000,0.5,120000000.0,50000000000.0,25000000000.0,22679187500.0,12291687500.0,160,91,14,777000000.0,0.0,120000000.0,18000000.0,48633000.0,22679187.5,23575506.797226943,23575506.797226943,5.675675675675675,34,14
h2_jackpot_cap,cap_120m,120 mil. €,Výchozí strop jackpotu 120 mil. €.,88,260513,1000,25000000,0.5,120000000.0,50000000000.0,25000000000.0,22616950000.0,12229450000.0,159,60,14,498000000.0,0.0,120000000.0,63000000.0,49377000.0,22616950.0,25196428.421454895,25196428.421454895,6.371212121212121,21,14
h2_jackpot_cap,cap_120m,120 mil. €,Výchozí strop jackpotu 120 mil. €.,89,260514,1000,25000000,0.5,120000000.0,50000000000.0,25000000000.0,22517950000.0,12130450000.0,141,149,24,1269000000.0,0.0,120000000.0,120000000.0,57381000.0,22517950.0,24429454.768731534,24429454.768731534,6.983739837398374,53,14
h2_jackpot_cap,cap_120m,120 mil. €,Výchozí strop jackpotu 120 mil. €.,90,260515,1000,25000000,0.5,120000000.0,50000000000.0,25000000000.0,22698400000.0,12310900000.0,172,89,18,747000000.0,0.0,120000000.0,0.0,49551000.0,22698400.0,24226840.02176099,24226840.02176099,5.914285714285715,36,14
h2_jackpot_cap,cap_120m,120 mil. €,Výchozí strop jackpotu 120 mil. €.,91,260516,1000,25000000,0.5,120000000.0,50000000000.0,25000000000.0,22523987500.0,12136487500.0,141,138,18,1188000000.0,0.0,120000000.0,120000000.0,56277000.0,22523987.5,24279722.681820188,24279722.681820188,6.872,33,14
h2_jackpot_cap,cap_120m,120 mil. €,Výchozí strop jackpotu 120 mil. €.,92,260517,1000,25000000,0.5,120000000.0,50000000000.0,25000000000.0,22563000000.0,12175500000.0,178,98,15,837000000.0,0.0,120000000.0,108000000.0,48624000.0,22563000.0,22991769.853580214,22991769.853580214,5.554054054054054,37,14
h2_jackpot_cap,cap_120m,120 mil. €,Výchozí strop jackpotu 120 mil. €.,93,260518,1000,25000000,0.5,120000000.0,50000000000.0,25000000000.0,22616450000.0,12228950000.0,140,123,21,1044000000.0,0.0,120000000.0,0.0,55764000.0,22616450.0,25255977.448863465,25255977.448863465,7.107438016528926,25,14
h2_jackpot_cap,cap_120m,120 mil. €,Výchozí strop jackpotu 120 mil. €.,94,260519,1000,25000000,0.5,120000000.0,50000000000.0,25000000000.0,22498687500.0,12111187500.0,128,158,22,1356000000.0,0.0,120000000.0,117000000.0,59772000.0,22498687.5,24798649.200784985,24798649.200784985,7.3277310924369745,38,14
h2_jackpot_cap,cap_120m,120 mil. €,Výchozí strop jackpotu 120 mil. €.,95,260520,1000,25000000,0.5,120000000.0,50000000000.0,25000000000.0,22609200000.0,12221700000.0,152,158,21,1359000000.0,0.0,120000000.0,45000000.0,55563000.0,22609200.0,23587905.70101551,23587905.70101551,6.37593984962406,36,14
h2_jackpot_cap,cap_120m,120 mil. €,Výchozí strop jackpotu 120 mil. €.,96,260521,1000,25000000,0.5,120000000.0,50000000000.0,25000000000.0,22696250000.0,12308750000.0,170,62,10,528000000.0,0.0,120000000.0,0.0,46605000.0,22696250.0,23901438.731538735,23901438.731538735,5.845070422535211,29,14
h2_jackpot_cap,cap_120m,120 mil. €,Výchozí strop jackpotu 120 mil. €.,97,260522,1000,25000000,0.5,120000000.0,50000000000.0,25000000000.0,22554300000.0,12166800000.0,173,44,11,363000000.0,0.0,120000000.0,108000000.0,46008000.0,22554300.0,24305177.56590147,24305177.56590147,5.703448275862069,28,14
h2_jackpot_cap,cap_120m,120 mil. €,Výchozí strop jackpotu 120 mil. €.,98,260523,1000,25000000,0.5,120000000.0,50000000000.0,25000000000.0,22570650000.0,12183150000.0,176,93,14,795000000.0,0.0,120000000.0,99000000.0,48144000.0,22570650.0,23142432.587727245,23142432.587727245,5.6438356164383565,32,14
h2_jackpot_cap,cap_120m,120 mil. €,Výchozí strop jackpotu 120 mil. €.,99,260524,1000,25000000,0.5,120000000.0,50000000000.0,25000000000.0,22648300000.0,12260800000.0,147,136,21,1161000000.0,0.0,120000000.0,54000000.0,55731000.0,22648300.0,24542474.653343335,24542474.653343335,6.879032258064516,38,14
h2_jackpot_cap,cap_120m,120 mil. €,Výchozí strop jackpotu 120 mil. €.,100,260525,1000,25000000,0.5,120000000.0,50000000000.0,25000000000.0,22631500000.0,12244000000.0,146,131,19,1122000000.0,0.0,120000000.0,9000000.0,55209000.0,22631500.0,24537233.600184027,24537233.600184027,6.519083969465649,29,14
h2_jackpot_cap,cap_120m,120 mil. €,Výchozí strop jackpotu 120 mil. €.,101,260526,1000,25000000,0.5,120000000.0,50000000000.0,25000000000.0,22637587500.0,12250087500.0,162,82,18,684000000.0,0.0,120000000.0,36000000.0,50736000.0,22637587.5,24852605.267578967,24852605.267578967,6.253731343283582,25,14
h2_jackpot_cap,cap_120m,120 mil. €,Výchozí strop jackpotu 120 mil. €.,102,260527,1000,25000000,0.5,120000000.0,50000000000.0,25000000000.0,22543250000.0,12155750000.0,174,72,14,606000000.0,0.0,120000000.0,117000000.0,46758000.0,22543250.0,23385711.81164901,23385711.81164901,5.398692810457517,26,14
h2_jackpot_cap,cap_120m,120 mil. €,Výchozí strop jackpotu 120 mil. €.,103,260528,1000,25000000,0.5,120000000.0,50000000000.0,25000000000.0,22640900000.0,12253400000.0,154,124,19,1059000000.0,0.0,120000000.0,0.0,54270000.0,22640900.0,24483309.869991027,24483309.869991027,6.409090909090909,40,14
h2_jackpot_cap,cap_120m,120 mil. €,Výchozí strop jackpotu 120 mil. €.,104,260529,1000,25000000,0.5,120000000.0,50000000000.0,25000000000.0,22586900000.0,12199400000.0,176,137,16,1185000000.0,0.0,120000000.0,81000000.0,51528000.0,22586900.0,22569254.825757984,22569254.825757984,5.605442176870748,44,14
h2_jackpot_cap,cap_120m,120 mil. €,Výchozí strop jackpotu 120 mil. €.,105,260530,1000,25000000,0.5,120000000.0,50000000000.0,25000000000.0,22600600000.0,12213100000.0,168,104,16,888000000.0,0.0,120000000.0,27000000.0,50349000.0,22600600.0,23686225.73649082,23686225.73649082,5.942857142857143,31,14
h2_jackpot_cap,cap_120m,120 mil. €,Výchozí strop jackpotu 120 mil. €.,106,260531,1000,25000000,0.5,120000000.0,50000000000.0,25000000000.0,22665800000.0,12278300000.0,161,99,13,852000000.0,0.0,120000000.0,18000000.0,49416000.0,22665800.0,23467363.302254472,23467363.302254472,5.992857142857143,27,14
h2_jackpot_cap,cap_120m,120 mil. €,Výchozí strop jackpotu 120 mil. €.,107,260532,1000,25000000,0.5,120000000.0,50000000000.0,25000000000.0,22649550000.0,12262050000.0,180,74,9,639000000.0,0.0,120000000.0,36000000.0,46464000.0,22649550.0,23206777.615548007,23206777.615548007,5.222929936305732,34,14
h2_jackpot_cap,cap_120m,120 mil. €,Výchozí strop jackpotu 120 mil. €.,108,260533,1000,25000000,0.5,120000000.0,50000000000.0,25000000000.0,22605350000.0,12217850000.0,162,102,17,867000000.0,0.0,120000000.0,54000000.0,51258000.0,22605350.0,24161729.529930178,24161729.529930178,6.161764705882353,27,14
h2_jackpot_cap,cap_120m,120 mil. €,Výchozí strop jackpotu 120 mil. €.,109,260534,1000,25000000,0.5,120000000.0,50000000000.0,25000000000.0,22695087500.0,12307587500.0,160,93,19,780000000.0,0.0,120000000.0,9000000.0,51261000.0,22695087.5,24722347.881493654,24722347.881493654,6.268656716417911,25,14
h2_jackpot_cap,cap_120m,120 mil. €,Výchozí strop jackpotu 120 mil. €.,110,260535,1000,25000000,0.5,120000000.0,50000000000.0,25000000000.0,22579650000.0,12192150000.0,170,57,14,471000000.0,0.0,120000000.0,63000000.0,46218000.0,22579650.0,24154745.566399578,24154745.566399578,5.845070422535211,21,14
h2_jackpot_cap,cap_120m,120 mil. €,Výchozí strop jackpotu 120 mil. €.,111,260536,1000,25000000,0.5,120000000.0,50000000000.0,25000000000.0,22652100000.0,12264600000.0,156,123,18,1053000000.0,0.0,120000000.0,18000000.0,53154000.0,22652100.0,23977287.181622528,23977287.181622528,6.393939393939394,30,14
h2_jackpot_cap,cap_120m,120 mil. €,Výchozí strop jackpotu 120 mil. €.,112,260537,1000,25000000,0.5,120000000.0,50000000000.0,25000000000.0,22633700000.0,12246200000.0,150,63,18,513000000.0,0.0,120000000.0,54000000.0,49338000.0,22633700.0,25262885.21349056,25262885.21349056,6.296296296296297,20,14
h2_jackpot_cap,cap_120m,120 mil. €,Výchozí strop jackpotu 120 mil. €.,113,260538,1000,25000000,0.5,120000000.0,50000000000.0,25000000000.0,22539350000.0,12151850000.0,180,72,14,606000000.0,0.0,120000000.0,108000000.0,46380000.0,22539350.0,23409938.57483398,23409938.57483398,5.503355704697986,25,14
h2_jackpot_cap,cap_120m,120 mil. €,Výchozí strop jackpotu 120 mil. €.,114,260539,1000,25000000,0.5,120000000.0,50000000000.0,25000000000.0,22516650000.0,12129150000.0,152,156,18,1350000000.0,0.0,120000000.0,120000000.0,56421000.0,22516650.0,23499961.708000716,23499961.708000716,6.625,29,14
h2_jackpot_cap,cap_120m,120 mil. €,Výchozí strop jackpotu 120 mil. €.,115,260540,1000,25000000,0.5,120000000.0,50000000000.0,25000000000.0,22529137500.0,12141637500.0,174,85,14,723000000.0,0.0,120000000.0,120000000.0,48588000.0,22529137.5,23548985.37967918,23548985.37967918,5.776223776223776,28,14
h2_jackpot_cap,cap_120m,120 mil. €,Výchozí strop jackpotu 120 mil. €.,116,260541,1000,25000000,0.5,120000000.0,50000000000.0,25000000000.0,22621150000.0,12233650000.0,154,106,20,894000000.0,0.0,120000000.0,0.0,53277000.0,22621150.0,24969112.422701374,24969112.422701374,6.768,35,14
h2_jackpot_cap,cap_120m,120 mil. €,Výchozí strop jackpotu 120 mil. €.,117,260542,1000,25000000,0.5,120000000.0,50000000000.0,25000000000.0,22629487500.0,12241987500.0,167,124,13,1077000000.0,0.0,120000000.0,45000000.0,51894000.0,22629487.5,23268239.445510134,23268239.445510134,6.036231884057971,48,14
h2_jackpot_cap,cap_120m,120 mil. €,Výchozí strop jackpotu 120 mil. €.,118,260543,1000,25000000,0.5,120000000.0,50000000000.0,25000000000.0,22636250000.0,12248750000.0,165,85,16,717000000.0,0.0,120000000.0,36000000.0,50211000.0,22636250.0,24496587.995831173,24496587.995831173,6.185185185185185,26,14
h2_jackpot_cap,cap_120m,120 mil. €,Výchozí strop jackpotu 120 mil. €.,119,260544,1000,25000000,0.5,120000000.0,50000000000.0,25000000000.0,22651250000.0,12263750000.0,169,74,18,612000000.0,0.0,120000000.0,45000000.0,50091000.0,22651250.0,25030349.796546992,25030349.796546992,6.065693430656935,29,14
h2_jackpot_cap,cap_120m,120 mil. €,Výchozí strop jackpotu 120 mil. €.,120,260545,1000,25000000,0.5,120000000.0,50000000000.0,25000000000.0,22629437500.0,12241937500.0,158,120,21,1017000000.0,0.0,120000000.0,9000000.0,53541000.0,22629437.5,24426365.388445407,24426365.388445407,6.427480916030534,29,14
h2_jackpot_cap,cap_120m,120 mil. €,Výchozí strop jackpotu 120 mil. €.,121,260546,1000,25000000,0.5,120000000.0,50000000000.0,25000000000.0,22626350000.0,12238850000.0,157,120,16,1032000000.0,0.0,120000000.0,9000000.0,52161000.0,22626350.0,23729075.164816264,23729075.164816264,6.198529411764706,34,14
h2_jackpot_cap,cap_120m,120 mil. €,Výchozí strop jackpotu 120 mil. €.,122,260547,1000,25000000,0.5,120000000.0,50000000000.0,25000000000.0,22632887500.0,12245387500.0,154,112,19,951000000.0,0.0,120000000.0,27000000.0,53334000.0,22632887.5,24676840.657154508,24676840.657154508,6.82258064516129,30,14
h2_jackpot_cap,cap_120m,120 mil. €,Výchozí strop jackpotu 120 mil. €.,123,260548,1000,25000000,0.5,120000000.0,50000000000.0,25000000000.0,22637550000.0,12250050000.0,159,83,17,696000000.0,0.0,120000000.0,45000000.0,50472000.0,22637550.0,24656375.899501126,24656375.899501126,6.229629629629629,39,14
h2_jackpot_cap,cap_120m,120 mil. €,Výchozí strop jackpotu 120 mil. €.,124,260549,1000,25000000,0.5,120000000.0,50000000000.0,25000000000.0,22667500000.0,12280000000.0,168,68,10,582000000.0,0.0,120000000.0,0.0,47892000.0,22667500.0,24114057.49246692,24114057.49246692,5.777777777777778,34,14
h2_jackpot_cap,cap_120m,120 mil. €,Výchozí strop jackpotu 120 mil. €.,125,260550,1000,25000000,0.5,120000000.0,50000000000.0,25000000000.0,22589950000.0,12202450000.0,166,102,18,864000000.0,0.0,120000000.0,72000000.0,51246000.0,22589950.0,24151208.90343794,24151208.90343794,6.087591240875913,30,14
h2_jackpot_cap,cap_120m,120 mil. €,Výchozí strop jackpotu 120 mil. €.,126,260551,1000,25000000,0.5,120000000.0,50000000000.0,25000000000.0,22667550000.0,12280050000.0,179,76,16,636000000.0,0.0,120000000.0,9000000.0,47619000.0,22667550.0,23961592.591009054,23961592.591009054,5.473333333333334,27,14
h2_jackpot_cap,cap_120m,120 mil. €,Výchozí strop jackpotu 120 mil. €.,127,260552,1000,25000000,0.5,120000000.0,50000000000.0,25000000000.0,22664550000.0,12277050000.0,164,90,20,750000000.0,0.0,120000000.0,18000000.0,49863000.0,22664550.0,24468361.526622497,24468361.526622497,5.929078014184397,25,14
h2_jackpot_cap,cap_120m,120 mil. €,Výchozí strop jackpotu 120 mil. €.,128,260553,1000,25000000,0.5,120000000.0,50000000000.0,25000000000.0,22556950000.0,12169450000.0,155,105,20,885000000.0,0.0,120000000.0,99000000.0,53787000.0,22556950.0,25058302.799621128,25058302.799621128,6.814516129032258,27,14
h2_jackpot_cap,cap_120m,120 mil. €,Výchozí strop jackpotu 120 mil. €.,129,260554,1000,25000000,0.5,120000000.0,50000000000.0,25000000000.0,22677850000.0,12290350000.0,164,129,17,1110000000.0,0.0,120000000.0,18000000.0,53571000.0,22677850.0,23904467.508762877,23904467.508762877,6.430769230769231,33,14
h2_jackpot_cap,cap_120m,120 mil. €,Výchozí strop jackpotu 120 mil. €.,130,260555,1000,25000000,0.5,120000000.0,50000000000.0,25000000000.0,22670450000.0,12282950000.0,182,39,12,315000000.0,0.0,120000000.0,0.0,43830000.0,22670450.0,23971276.651390515,23971276.651390515,5.453333333333333,22,14
h2_jackpot_cap,cap_120m,120 mil. €,Výchozí strop jackpotu 120 mil. €.,131,260556,1000,25000000,0.5,120000000.0,50000000000.0,25000000000.0,22659975000.0,12272475000.0,170,64,12,540000000.0,0.0,120000000.0,9000000.0,47397000.0,22659975.0,24207677.00156037,24207677.00156037,5.928571428571429,31,14
h2_jackpot_cap,cap_120m,120 mil. €,Výchozí strop jackpotu 120 mil. €.,132,260557,1000,25000000,0.5,120000000.0,50000000000.0,25000000000.0,22660250000.0,12272750000.0,153,96,14,822000000.0,0.0,120000000.0,18000000.0,50997000.0,22660250.0,24259697.1835491,24259697.1835491,6.13768115942029,27,14
h2_jackpot_cap,cap_120m,120 mil. €,Výchozí strop jackpotu 120 mil. €.,133,260558,1000,25000000,0.5,120000000.0,50000000000.0,25000000000.0,22655550000.0,12268050000.0,187,79,13,672000000.0,0.0,120000000.0,45000000.0,45144000.0,22655550.0,22689109.649730638,22689109.649730638,5.178343949044586,31,14
h2_jackpot_cap,cap_120m,120 mil. €,Výchozí strop jackpotu 120 mil. €.,134,260559,1000,25000000,0.5,120000000.0,50000000000.0,25000000000.0,22543600000.0,12156100000.0,175,52,9,441000000.0,0.0,120000000.0,120000000.0,46092000.0,22543600.0,23812226.041258723,23812226.041258723,5.689655172413793,31,14
h2_jackpot_cap,cap_120m,120 mil. €,Výchozí strop jackpotu 120 mil. €.,135,260560,1000,25000000,0.5,120000000.0,50000000000.0,25000000000.0,22610950000.0,12223450000.0,168,68,15,567000000.0,0.0,120000000.0,81000000.0,48345000.0,22610950.0,24430431.281446915,24430431.281446915,5.942857142857143,27,14
h2_jackpot_cap,cap_120m,120 mil. €,Výchozí strop jackpotu 120 mil. €.,136,260561,1000,25000000,0.5,120000000.0,50000000000.0,25000000000.0,22554800000.0,12167300000.0,179,70,11,597000000.0,0.0,120000000.0,120000000.0,45915000.0,22554800.0,23049050.456797563,23049050.456797563,5.401315789473684,28,14
h2_jackpot_cap,cap_120m,120 mil. €,Výchozí strop jackpotu 120 mil. €.,137,260562,1000,25000000,0.5,120000000.0,50000000000.0,25000000000.0,22646187500.0,12258687500.0,149,104,21,873000000.0,0.0,120000000.0,36000000.0,53997000.0,22646187.5,25324428.090701155,25324428.090701155,6.975409836065574,35,14
h2_jackpot_cap,cap_120m,120 mil. €,Výchozí strop jackpotu 120 mil. €.,138,260563,1000,25000000,0.5,120000000.0,50000000000.0,25000000000.0,22578000000.0,12190500000.0,176,53,17,426000000.0,0.0,120000000.0,120000000.0,45270000.0,22578000.0,23821218.81852396,23821218.81852396,5.5675675675675675,21,14
h2_jackpot_cap,cap_120m,120 mil. €,Výchozí strop jackpotu 120 mil. €.,139,260564,1000,25000000,0.5,120000000.0,50000000000.0,25000000000.0,22541050000.0,12153550000.0,168,71,18,585000000.0,0.0,120000000.0,120000000.0,48543000.0,22541050.0,24307196.10316048,24307196.10316048,5.942857142857143,26,14
h2_jackpot_cap,cap_120m,120 mil. €,Výchozí strop jackpotu 120 mil. €.,140,260565,1000,25000000,0.5,120000000.0,50000000000.0,25000000000.0,22528600000.0,12141100000.0,161,104,15,891000000.0,0.0,120000000.0,99000000.0,50514000.0,22528600.0,23593287.01219904,23593287.01219904,5.950354609929078,34,14
h2_jackpot_cap,cap_120m,120 mil. €,Výchozí strop jackpotu 120 mil. €.,141,260566,1000,25000000,0.5,120000000.0,50000000000.0,25000000000.0,22659525000.0,12272025000.0,166,79,14,669000000.0,0.0,120000000.0,9000000.0,48606000.0,22659525.0,24078565.407575157,24078565.407575157,5.751724137931035,29,14
h2_jackpot_cap,cap_120m,120 mil. €,Výchozí strop jackpotu 120 mil. €.,142,260567,1000,25000000,0.5,120000000.0,50000000000.0,25000000000.0,22666700000.0,12279200000.0,156,132,18,1134000000.0,0.0,120000000.0,36000000.0,54198000.0,22666700.0,24079523.585611075,24079523.585611075,6.442748091603053,43,14
h2_jackpot_cap,cap_120m,120 mil. €,Výchozí strop jackpotu 120 mil. €.,143,260568,1000,25000000,0.5,120000000.0,50000000000.0,25000000000.0,22670725000.0,12283225000.0,169,101,13,870000000.0,0.0,120000000.0,9000000.0,50493000.0,22670725.0,23732863.992507838,23732863.992507838,5.9784172661870505,39,14
h2_jackpot_cap,cap_120m,120 mil. €,Výchozí strop jackpotu 120 mil. €.,144,260569,1000,25000000,0.5,120000000.0,50000000000.0,25000000000.0,22636200000.0,12248700000.0,142,104,18,882000000.0,0.0,120000000.0,27000000.0,53925000.0,22636200.0,25166119.47758335,25166119.47758335,7.032786885245901,26,14
h2_jackpot_cap,cap_120m,120 mil. €,Výchozí strop jackpotu 120 mil. €.,145,260570,1000,25000000,0.5,120000000.0,50000000000.0,25000000000.0,22671400000.0,12283900000.0,148,90,19,753000000.0,0.0,120000000.0,9000000.0,52080000.0,22671400.0,25150780.545342922,25150780.545342922,6.65625,28,14
h2_jackpot_cap,cap_120m,120 mil. €,Výchozí strop jackpotu 120 mil. €.,146,260571,1000,25000000,0.5,120000000.0,50000000000.0,25000000000.0,22662800000.0,12275300000.0,182,40,12,324000000.0,0.0,120000000.0,9000000.0,43248000.0,22662800.0,23705892.224508233,23705892.224508233,5.243589743589744,21,14
h2_jackpot_cap,cap_120m,120 mil. €,Výchozí strop jackpotu 120 mil. €.,147,260572,1000,25000000,0.5,120000000.0,50000000000.0,25000000000.0,22605400000.0,12217900000.0,176,91,12,783000000.0,0.0,120000000.0,72000000.0,47496000.0,22605400.0,22916008.178563736,22916008.178563736,5.682758620689655,26,14
h2_jackpot_cap,cap_120m,120 mil. €,Výchozí strop jackpotu 120 mil. €.,148,260573,1000,25000000,0.5,120000000.0,50000000000.0,25000000000.0,22642287500.0,12254787500.0,146,96,15,819000000.0,0.0,120000000.0,18000000.0,52137000.0,22642287.5,24670868.816756207,24670868.816756207,6.569230769230769,35,14
h2_jackpot_cap,cap_120m,120 mil. €,Výchozí strop jackpotu 120 mil. €.,149,260574,1000,25000000,0.5,120000000.0,50000000000.0,25000000000.0,22671800000.0,12284300000.0,171,69,16,573000000.0,0.0,120000000.0,0.0,47004000.0,22671800.0,23969311.937558826,23969311.937558826,5.7172413793103445,22,14
h2_jackpot_cap,cap_120m,120 mil. €,Výchozí strop jackpotu 120 mil. €.,150,260575,1000,25000000,0.5,120000000.0,50000000000.0,25000000000.0,22672200000.0,12284700000.0,144,103,20,867000000.0,0.0,120000000.0,0.0,54195000.0,22672200.0,25482764.119302284,25482764.119302284,6.959349593495935,30,14
h2_jackpot_cap,cap_120m,120 mil. €,Výchozí strop jackpotu 120 mil. €.,151,260576,1000,25000000,0.5,120000000.0,50000000000.0,25000000000.0,22607050000.0,12219550000.0,159,65,16,537000000.0,0.0,120000000.0,45000000.0,48981000.0,22607050.0,24918344.80453106,24918344.80453106,5.964539007092198,24,14
h2_jackpot_cap,cap_120m,120 mil. €,Výchozí strop jackpotu 120 mil. €.,152,260577,1000,25000000,0.5,120000000.0,50000000000.0,25000000000.0,22533800000.0,12146300000.0,153,95,20,795000000.0,0.0,120000000.0,120000000.0,51588000.0,22533800.0,24377300.661886252,24377300.661886252,6.227941176470588,32,14
h2_jackpot_cap,cap_120m,120 mil. €,Výchozí strop jackpotu 120 mil. €.,153,260578,1000,25000000,0.5,120000000.0,50000000000.0,25000000000.0,22661587500.0,12274087500.0,156,89,15,756000000.0,0.0,120000000.0,18000000.0,50154000.0,22661587.5,24289636.851671822,24289636.851671822,6.442748091603053,33,14
h2_jackpot_cap,cap_120m,120 mil. €,Výchozí strop jackpotu 120 mil. €.,154,260579,1000,25000000,0.5,120000000.0,50000000000.0,25000000000.0,22637900000.0,12250400000.0,168,107,14,921000000.0,0.0,120000000.0,0.0,50220000.0,22637900.0,23509525.69895871,23509525.69895871,5.985611510791367,30,14
h2_jackpot_cap,cap_120m,120 mil. €,Výchozí strop jackpotu 120 mil. €.,155,260580,1000,25000000,0.5,120000000.0,50000000000.0,25000000000.0,22593487500.0,12205987500.0,167,76,12,648000000.0,0.0,120000000.0,90000000.0,48063000.0,22593487.5,23811093.926856738,23811093.926856738,5.825174825174825,24,14
h2_jackpot_cap,cap_120m,120 mil. €,Výchozí strop jackpotu 120 mil. €.,156,260581,1000,25000000,0.5,120000000.0,50000000000.0,25000000000.0,22619950000.0,12232450000.0,162,117,17,1002000000.0,0.0,120000000.0,45000000.0,52023000.0,22619950.0,23792034.265642356,23792034.265642356,5.943262411347518,31,14
h2_jackpot_cap,cap_120m,120 mil. €,Výchozí strop jackpotu 120 mil. €.,157,260582,1000,25000000,0.5,120000000.0,50000000000.0,25000000000.0,22585650000.0,12198150000.0,181,56,17,453000000.0,0.0,120000000.0,72000000.0,46395000.0,22585650.0,24344599.844267312,24344599.844267312,5.533783783783784,21,14
h2_jackpot_cap,cap_120m,120 mil. €,Výchozí strop jackpotu 120 mil. €.,158,260583,1000,25000000,0.5,120000000.0,50000000000.0,25000000000.0,22649950000.0,12262450000.0,179,74,12,630000000.0,0.0,120000000.0,0.0,45267000.0,22649950.0,22847395.85811696,22847395.85811696,5.3311688311688314,25,14
h2_jackpot_cap,cap_120m,120 mil. €,Výchozí strop jackpotu 120 mil. €.,159,260584,1000,25000000,0.5,120000000.0,50000000000.0,25000000000.0,22601537500.0,12214037500.0,161,70,14,588000000.0,0.0,120000000.0,72000000.0,47562000.0,22601537.5,24041189.478525054,24041189.478525054,5.8671328671328675,26,14
h2_jackpot_cap,cap_120m,120 mil. €,Výchozí strop jackpotu 120 mil. €.,160,260585,1000,25000000,0.5,120000000.0,50000000000.0,25000000000.0,22613100000.0,12225600000.0,178,69,14,579000000.0,0.0,120000000.0,54000000.0,45786000.0,22613100.0,23388421.139315926,23388421.139315926,5.235668789808917,22,14
h2_jackpot_cap,cap_120m,120 mil. €,Výchozí strop jackpotu 120 mil. €.,161,260586,1000,25000000,0.5,120000000.0,50000000000.0,25000000000.0,22623887500.0,12236387500.0,146,129,21,1098000000.0,0.0,120000000.0,18000000.0,56790000.0,22623887.5,25199702.394940972,25199702.394940972,7.116666666666666,46,14
h2_jackpot_cap,cap_120m,120 mil. €,Výchozí strop jackpotu 120 mil. €.,162,260587,1000,25000000,0.5,120000000.0,50000000000.0,25000000000.0,22677350000.0,12289850000.0,157,59,16,483000000.0,0.0,120000000.0,0.0,49782000.0,22677350.0,25479344.957779035,25479344.957779035,6.386363636363637,26,14
h2_jackpot_cap,cap_120m,120 mil. €,Výchozí strop jackpotu 120 mil. €.,163,260588,1000,25000000,0.5,120000000.0,50000000000.0,25000000000.0,22667100000.0,12279600000.0,159,120,19,1023000000.0,0.0,120000000.0,9000000.0,53214000.0,22667100.0,24313364.89649263,24313364.89649263,6.229629629629629,41,14
h2_jackpot_cap,cap_120m,120 mil. €,Výchozí strop jackpotu 120 mil. €.,164,260589,1000,25000000,0.5,120000000.0,50000000000.0,25000000000.0,22642687500.0,12255187500.0,174,79,20,651000000.0,0.0,120000000.0,9000000.0,49614000.0,22642687.5,24666824.768980578,24666824.768980578,6.118518518518519,32,14
h2_jackpot_cap,cap_120m,120 mil. €,Výchozí strop jackpotu 120 mil. €.,165,260590,1000,25000000,0.5,120000000.0,50000000000.0,25000000000.0,22666025000.0,12278525000.0,171,76,14,642000000.0,0.0,120000000.0,45000000.0,48201000.0,22666025.0,24074663.466222636,24074663.466222636,5.7972027972027975,26,14
h2_jackpot_cap,cap_120m,120 mil. €,Výchozí strop jackpotu 120 mil. €.,166,260591,1000,25000000,0.5,120000000.0,50000000000.0,25000000000.0,22560300000.0,12172800000.0,171,63,14,525000000.0,0.0,120000000.0,81000000.0,47919000.0,22560300.0,24424677.457645167,24424677.457645167,5.9640287769784175,24,14
h2_jackpot_cap,cap_120m,120 mil. €,Výchozí strop jackpotu 120 mil. €.,167,260592,1000,25000000,0.5,120000000.0,50000000000.0,25000000000.0,22543650000.0,12156150000.0,165,88,19,735000000.0,0.0,120000000.0,120000000.0,50148000.0,22543650.0,24280849.906407725,24280849.906407725,6.139705882352941,25,14
h2_jackpot_cap,cap_120m,120 mil. €,Výchozí strop jackpotu 120 mil. €.,168,260593,1000,25000000,0.5,120000000.0,50000000000.0,25000000000.0,22627250000.0,12239750000.0,157,98,22,816000000.0,0.0,120000000.0,18000000.0,53004000.0,22627250.0,25278099.11637938,25278099.11637938,6.853658536585366,28,14
h2_jackpot_cap,cap_120m,120 mil. €,Výchozí strop jackpotu 120 mil. €.,169,260594,1000,25000000,0.5,120000000.0,50000000000.0,25000000000.0,22650437500.0,12262937500.0,190,76,13,645000000.0,0.0,120000000.0,0.0,45522000.0,22650437.5,23000059.455680624,23000059.455680624,4.969325153374233,32,14
h2_jackpot_cap,cap_120m,120 mil. €,Výchozí strop jackpotu 120 mil. €.,170,260595,1000,25000000,0.5,120000000.0,50000000000.0,25000000000.0,22648200000.0,12260700000.0,161,111,16,951000000.0,0.0,120000000.0,18000000.0,51927000.0,22648200.0,24033330.122144952,24033330.122144952,6.169117647058823,36,14
h2_jackpot_cap,cap_120m,120 mil. €,Výchozí strop jackpotu 120 mil. €.,171,260596,1000,25000000,0.5,120000000.0,50000000000.0,25000000000.0,22652050000.0,12264550000.0,184,55,11,462000000.0,0.0,120000000.0,27000000.0,43449000.0,22652050.0,23048393.616421513,23048393.616421513,5.068322981366459,30,14
h2_jackpot_cap,cap_120m,120 mil. €,Výchozí strop jackpotu 120 mil. €.,172,260597,1000,25000000,0.5,120000000.0,50000000000.0,25000000000.0,22604550000.0,12217050000.0,163,81,17,678000000.0,0.0,120000000.0,63000000.0,50331000.0,22604550.0,24782571.73494107,24782571.73494107,6.438461538461539,24,14
h2_jackpot_cap,cap_120m,120 mil. €,Výchozí strop jackpotu 120 mil. €.,173,260598,1000,25000000,0.5,120000000.0,50000000000.0,25000000000.0,22593475000.0,12205975000.0,167,77,14,651000000.0,0.0,120000000.0,63000000.0,48015000.0,22593475.0,23855222.80836788,23855222.80836788,5.784722222222222,36,14
h2_jackpot_cap,cap_120m,120 mil. €,Výchozí strop jackpotu 120 mil. €.,174,260599,1000,25000000,0.5,120000000.0,50000000000.0,25000000000.0,22606287500.0,12218787500.0,170,87,18,729000000.0,0.0,120000000.0,63000000.0,49059000.0,22606287.5,24088225.68961014,24088225.68961014,5.804195804195804,30,14
h2_jackpot_cap,cap_120m,120 mil. €,Výchozí strop jackpotu 120 mil. €.,175,260600,1000,25000000,0.5,120000000.0,50000000000.0,25000000000.0,22707937500.0,12320437500.0,154,108,19,915000000.0,0.0,120000000.0,0.0,52566000.0,22707937.5,24560588.926211517,24560588.926211517,6.507692307692308,25,14
h2_jackpot_cap,cap_120m,120 mil. €,Výchozí strop jackpotu 120 mil. €.,176,260601,1000,25000000,0.5,120000000.0,50000000000.0,25000000000.0,22598500000.0,12211000000.0,166,68,14,570000000.0,0.0,120000000.0,63000000.0,47394000.0,22598500.0,24125159.538332593,24125159.538332593,5.8321678321678325,27,14
h2_jackpot_cap,cap_120m,120 mil. €,Výchozí strop jackpotu 120 mil. €.,177,260602,1000,25000000,0.5,120000000.0,50000000000.0,25000000000.0,22618787500.0,12231287500.0,172,130,13,1131000000.0,0.0,120000000.0,54000000.0,51084000.0,22618787.5,22600354.055547312,22600354.055547312,5.671232876712328,35,14
h2_jackpot_cap,cap_120m,120 mil. €,Výchozí strop jackpotu 120 mil. €.,178,260603,1000,25000000,0.5,120000000.0,50000000000.0,25000000000.0,22713450000.0,12325950000.0,161,111,19,942000000.0,0.0,120000000.0,0.0,52665000.0,22713450.0,24492383.440520853,24492383.440520853,6.404580152671755,31,14
h2_jackpot_cap,cap_120m,120 mil. €,Výchozí strop jackpotu 120 mil. €.,179,260604,1000,25000000,0.5,120000000.0,50000000000.0,25000000000.0,22604900000.0,12217400000.0,174,76,10,654000000.0,0.0,120000000.0,54000000.0,47367000.0,22604900.0,23512579.845478464,23512579.845478464,5.816901408450704,51,14
h2_jackpot_cap,cap_120m,120 mil. €,Výchozí strop jackpotu 120 mil. €.,180,260605,1000,25000000,0.5,120000000.0,50000000000.0,25000000000.0,22630700000.0,12243200000.0,167,78,19,645000000.0,0.0,120000000.0,72000000.0,48453000.0,22630700.0,24274768.021754604,24274768.021754604,5.666666666666667,29,14
h2_jackpot_cap,cap_120m,120 mil. €,Výchozí strop jackpotu 120 mil. €.,181,260606,1000,25000000,0.5,120000000.0,50000000000.0,25000000000.0,22669250000.0,12281750000.0,172,97,16,825000000.0,0.0,120000000.0,9000000.0,49887000.0,22669250.0,23903151.29721393,23903151.29721393,5.830985915492958,42,14
h2_jackpot_cap,cap_120m,120 mil. €,Výchozí strop jackpotu 120 mil. €.,182,260607,1000,25000000,0.5,120000000.0,50000000000.0,25000000000.0,22609287500.0,12221787500.0,151,130,19,1113000000.0,0.0,120000000.0,54000000.0,54477000.0,22609287.5,24296128.707030546,24296128.707030546,6.5813953488372094,40,14
h2_jackpot_cap,cap_120m,120 mil. €,Výchozí strop jackpotu 120 mil. €.,183,260608,1000,25000000,0.5,120000000.0,50000000000.0,25000000000.0,22622100000.0,12234600000.0,155,78,17,651000000.0,0.0,120000000.0,54000000.0,50412000.0,22622100.0,24929753.84134388,24929753.84134388,6.401515151515151,21,14
h2_jackpot_cap,cap_120m,120 mil. €,Výchozí strop jackpotu 120 mil. €.,184,260609,1000,25000000,0.5,120000000.0,50000000000.0,25000000000.0,22624650000.0,12237150000.0,151,154,17,1335000000.0,0.0,120000000.0,18000000.0,55392000.0,22624650.0,23495832.39379912,23495832.39379912,6.5813953488372094,34,14
h2_jackpot_cap,cap_120m,120 mil. €,Výchozí strop jackpotu 120 mil. €.,185,260610,1000,25000000,0.5,120000000.0,50000000000.0,25000000000.0,22667100000.0,12279600000.0,144,161,16,1401000000.0,0.0,120000000.0,0.0,56379000.0,22667100.0,23413237.977477614,23413237.977477614,6.6875,48,14
h2_jackpot_cap,cap_120m,120 mil. €,Výchozí strop jackpotu 120 mil. €.,186,260611,1000,25000000,0.5,120000000.0,50000000000.0,25000000000.0,22581800000.0,12194300000.0,158,88,13,753000000.0,0.0,120000000.0,90000000.0,50166000.0,22581800.0,24089016.973716468,24089016.973716468,6.237037037037037,42,14
h2_jackpot_cap,cap_120m,120 mil. €,Výchozí strop jackpotu 120 mil. €.,187,260612,1000,25000000,0.5,120000000.0,50000000000.0,25000000000.0,22622100000.0,12234600000.0,175,69,12,585000000.0,0.0,120000000.0,63000000.0,45630000.0,22622100.0,23228196.800225366,23228196.800225366,5.392156862745098,36,14
h2_jackpot_cap,cap_120m,120 mil. €,Výchozí strop jackpotu 120 mil. €.,188,260613,1000,25000000,0.5,120000000.0,50000000000.0,25000000000.0,22677850000.0,12290350000.0,158,132,15,1143000000.0,0.0,120000000.0,9000000.0,53235000.0,22677850.0,23536755.65742866,23536755.65742866,6.476923076923077,53,14
h2_jackpot_cap,cap_120m,120 mil. €,Výchozí strop jackpotu 120 mil. €.,189,260614,1000,25000000,0.5,120000000.0,50000000000.0,25000000000.0,22671400000.0,12283900000.0,179,107,20,903000000.0,0.0,120000000.0,9000000.0,50886000.0,22671400.0,23994225.59783916,23994225.59783916,5.623287671232877,23,14
h2_jackpot_cap,cap_120m,120 mil. €,Výchozí strop jackpotu 120 mil. €.,190,260615,1000,25000000,0.5,120000000.0,50000000000.0,25000000000.0,22649100000.0,12261600000.0,190,79,13,672000000.0,0.0,120000000.0,45000000.0,45756000.0,22649100.0,22959198.68353423,22959198.68353423,5.09433962264151,26,14
h2_jackpot_cap,cap_120m,120 mil. €,Výchozí strop jackpotu 120 mil. €.,191,260616,1000,25000000,0.5,120000000.0,50000000000.0,25000000000.0,22612687500.0,12225187500.0,161,95,15,810000000.0,0.0,120000000.0,18000000.0,50154000.0,22612687.5,23990083.481171835,23990083.481171835,6.079710144927536,29,14
h2_jackpot_cap,cap_120m,120 mil. €,Výchozí strop jackpotu 120 mil. €.,192,260617,1000,25000000,0.5,120000000.0,50000000000.0,25000000000.0,22600687500.0,12213187500.0,194,68,12,576000000.0,0.0,120000000.0,45000000.0,45582000.0,22600687.5,23318912.19447412,23318912.19447412,5.302631578947368,29,14
h2_jackpot_cap,cap_120m,120 mil. €,Výchozí strop jackpotu 120 mil. €.,193,260618,1000,25000000,0.5,120000000.0,50000000000.0,25000000000.0,22672200000.0,12284700000.0,178,66,16,546000000.0,0.0,120000000.0,0.0,46437000.0,22672200.0,23960416.67333855,23960416.67333855,5.554054054054054,27,14
h2_jackpot_cap,cap_120m,120 mil. €,Výchozí strop jackpotu 120 mil. €.,194,260619,1000,25000000,0.5,120000000.0,50000000000.0,25000000000.0,22653800000.0,12266300000.0,163,62,13,519000000.0,0.0,120000000.0,0.0,47181000.0,22653800.0,24214129.667613495,24214129.667613495,5.732876712328767,24,14
h2_jackpot_cap,cap_120m,120 mil. €,Výchozí strop jackpotu 120 mil. €.,195,260620,1000,25000000,0.5,120000000.0,50000000000.0,25000000000.0,22606250000.0,12218750000.0,152,111,15,954000000.0,0.0,120000000.0,81000000.0,52911000.0,22606250.0,24247377.145528544,24247377.145528544,6.784,32,14
h2_jackpot_cap,cap_120m,120 mil. €,Výchozí strop jackpotu 120 mil. €.,196,260621,1000,25000000,0.5,120000000.0,50000000000.0,25000000000.0,22664500000.0,12277000000.0,178,44,16,348000000.0,0.0,120000000.0,0.0,45696000.0,22664500.0,24630833.618657734,24630833.618657734,5.48,20,14
h2_jackpot_cap,cap_120m,120 mil. €,Výchozí strop jackpotu 120 mil. €.,197,260622,1000,25000000,0.5,120000000.0,50000000000.0,25000000000.0,22628137500.0,12240637500.0,170,93,17,786000000.0,0.0,120000000.0,0.0,49323000.0,22628137.5,23950648.053598545,23950648.053598545,5.804195804195804,26,14
h2_jackpot_cap,cap_120m,120 mil. €,Výchozí strop jackpotu 120 mil. €.,198,260623,1000,25000000,0.5,120000000.0,50000000000.0,25000000000.0,22671400000.0,12283900000.0,162,77,19,636000000.0,0.0,120000000.0,27000000.0,49053000.0,22671400.0,24620267.30236697,24620267.30236697,6.072463768115942,25,14
h2_jackpot_cap,cap_120m,120 mil. €,Výchozí strop jackpotu 120 mil. €.,199,260624,1000,25000000,0.5,120000000.0,50000000000.0,25000000000.0,22682550000.0,12295050000.0,163,120,21,1017000000.0,0.0,120000000.0,18000000.0,53172000.0,22682550.0,24378633.431706134,24378633.431706134,6.293233082706767,34,14
h2_jackpot_cap,cap_120m,120 mil. €,Výchozí strop jackpotu 120 mil. €.,200,260625,1000,25000000,0.5,120000000.0,50000000000.0,25000000000.0,22589987500.0,12202487500.0,154,70,19,573000000.0,0.0,120000000.0,81000000.0,50589000.0,22589987.5,25383732.707308706,25383732.707308706,6.266666666666667,26,14
h2_jackpot_cap,cap_150m,150 mil. €,Vyšší strop jackpotu 150 mil. €.,1,270426,1000,25000000,0.5,150000000.0,50000000000.0,25000000000.0,22617400000.0,12229900000.0,168,42,7,336000000.0,0.0,150000000.0,63000000.0,49206000.0,22617400.0,25252707.91895396,25252707.91895396,5.777777777777778,26,17
h2_jackpot_cap,cap_150m,150 mil. €,Vyšší strop jackpotu 150 mil. €.,2,270427,1000,25000000,0.5,150000000.0,50000000000.0,25000000000.0,22645600000.0,12258100000.0,152,58,7,480000000.0,0.0,150000000.0,9000000.0,51957000.0,22645600.0,25466904.221754164,25466904.221754164,6.235294117647059,31,17
h2_jackpot_cap,cap_150m,150 mil. €,Vyšší strop jackpotu 150 mil. €.,3,270428,1000,25000000,0.5,150000000.0,50000000000.0,25000000000.0,22585700000.0,12198200000.0,156,51,9,405000000.0,0.0,150000000.0,117000000.0,52551000.0,22585700.0,25948647.373418137,25948647.373418137,6.345864661654136,28,17
h2_jackpot_cap,cap_150m,150 mil. €,Vyšší strop jackpotu 150 mil. €.,4,270429,1000,25000000,0.5,150000000.0,50000000000.0,25000000000.0,22650300000.0,12262800000.0,169,47,11,357000000.0,0.0,150000000.0,0.0,50787000.0,22650300.0,25924394.205265433,25924394.205265433,5.653061224489796,25,17
h2_jackpot_cap,cap_150m,150 mil. €,Vyšší strop jackpotu 150 mil. €.,5,270430,1000,25000000,0.5,150000000.0,50000000000.0,25000000000.0,22586100000.0,12198600000.0,171,26,6,198000000.0,0.0,150000000.0,99000000.0,46317000.0,22586100.0,24919288.147738088,24919288.147738088,5.526666666666666,23,17
h2_jackpot_cap,cap_150m,150 mil. €,Vyšší strop jackpotu 150 mil. €.,6,270431,1000,25000000,0.5,150000000.0,50000000000.0,25000000000.0,22586137500.0,12198637500.0,164,41,9,315000000.0,0.0,150000000.0,90000000.0,51420000.0,22586137.5,26142065.55988535,26142065.55988535,5.76551724137931,26,17
h2_jackpot_cap,cap_150m,150 mil. €,Vyšší strop jackpotu 150 mil. €.,7,270432,1000,25000000,0.5,150000000.0,50000000000.0,25000000000.0,22664950000.0,12277450000.0,157,82,13,660000000.0,0.0,150000000.0,9000000.0,55512000.0,22664950.0,25885775.51470112,25885775.51470112,6.153284671532846,31,17
h2_jackpot_cap,cap_150m,150 mil. €,Vyšší strop jackpotu 150 mil. €.,8,270433,1000,25000000,0.5,150000000.0,50000000000.0,25000000000.0,22682100000.0,12294600000.0,165,50,10,390000000.0,0.0,150000000.0,9000000.0,51072000.0,22682100.0,25768488.015209585,25768488.015209585,5.758620689655173,28,17
h2_jackpot_cap,cap_150m,150 mil. €,Vyšší strop jackpotu 150 mil. €.,9,270434,1000,25000000,0.5,150000000.0,50000000000.0,25000000000.0,22573700000.0,12186200000.0,153,66,13,516000000.0,0.0,150000000.0,126000000.0,54687000.0,22573700.0,26131299.495241333,26131299.495241333,6.515384615384615,27,17
h2_jackpot_cap,cap_150m,150 mil. €,Vyšší strop jackpotu 150 mil. €.,10,270435,1000,25000000,0.5,150000000.0,50000000000.0,25000000000.0,22660250000.0,12272750000.0,175,37,7,291000000.0,0.0,150000000.0,27000000.0,47781000.0,22660250.0,25052918.14215462,25052918.14215462,5.574324324324325,23,17
h2_jackpot_cap,cap_150m,150 mil. €,Vyšší strop jackpotu 150 mil. €.,11,270436,1000,25000000,0.5,150000000.0,50000000000.0,25000000000.0,22579250000.0,12191750000.0,156,55,9,441000000.0,0.0,150000000.0,99000000.0,53502000.0,22579250.0,26120578.2274723,26120578.2274723,6.59375,41,17
h2_jackpot_cap,cap_150m,150 mil. €,Vyšší strop jackpotu 150 mil. €.,12,270437,1000,25000000,0.5,150000000.0,50000000000.0,25000000000.0,22666650000.0,12279150000.0,163,52,7,426000000.0,0.0,150000000.0,9000000.0,53001000.0,22666650.0,26162154.064172544,26162154.064172544,6.246268656716418,26,17
h2_jackpot_cap,cap_150m,150 mil. €,Vyšší strop jackpotu 150 mil. €.,13,270438,1000,25000000,0.5,150000000.0,50000000000.0,25000000000.0,22656350000.0,12268850000.0,153,49,9,387000000.0,0.0,150000000.0,9000000.0,51198000.0,22656350.0,25819588.052048776,25819588.052048776,6.227941176470588,24,17
h2_jackpot_cap,cap_150m,150 mil. €,Vyšší strop jackpotu 150 mil. €.,14,270439,1000,25000000,0.5,150000000.0,50000000000.0,25000000000.0,22680400000.0,12292900000.0,150,106,15,864000000.0,0.0,150000000.0,0.0,61116000.0,22680400.0,26769346.197469972,26769346.197469972,6.9105691056910565,39,17
h2_jackpot_cap,cap_150m,150 mil. €,Vyšší strop jackpotu 150 mil. €.,15,270440,1000,25000000,0.5,150000000.0,50000000000.0,25000000000.0,22673150000.0,12285650000.0,165,89,12,729000000.0,0.0,150000000.0,18000000.0,55074000.0,22673150.0,25232818.343924645,25232818.343924645,5.758620689655173,38,17
h2_jackpot_cap,cap_150m,150 mil. €,Vyšší strop jackpotu 150 mil. €.,16,270441,1000,25000000,0.5,150000000.0,50000000000.0,25000000000.0,22666287500.0,12278787500.0,154,89,13,723000000.0,0.0,150000000.0,0.0,58569000.0,22666287.5,26612099.924162198,26612099.924162198,6.768,41,17
h2_jackpot_cap,cap_150m,150 mil. €,Vyšší strop jackpotu 150 mil. €.,17,270442,1000,25000000,0.5,150000000.0,50000000000.0,25000000000.0,22686400000.0,12298900000.0,173,18,8,114000000.0,0.0,150000000.0,0.0,47994000.0,22686400.0,26124008.02021007,26124008.02021007,5.9496402877697845,19,17
h2_jackpot_cap,cap_150m,150 mil. €,Vyšší strop jackpotu 150 mil. €.,18,270443,1000,25000000,0.5,150000000.0,50000000000.0,25000000000.0,22634150000.0,12246650000.0,168,60,9,486000000.0,0.0,150000000.0,72000000.0,49554000.0,22634150.0,24576549.926250838,24576549.926250838,5.7379310344827585,27,17
h2_jackpot_cap,cap_150m,150 mil. €,Vyšší strop jackpotu 150 mil. €.,19,270444,1000,25000000,0.5,150000000.0,50000000000.0,25000000000.0,22600600000.0,12213100000.0,151,66,9,540000000.0,0.0,150000000.0,54000000.0,55584000.0,22600600.0,26384008.217858028,26384008.217858028,6.738095238095238,51,17
h2_jackpot_cap,cap_150m,150 mil. €,Vyšší strop jackpotu 150 mil. €.,20,270445,1000,25000000,0.5,150000000.0,50000000000.0,25000000000.0,22687337500.0,12299837500.0,164,23,11,141000000.0,0.0,150000000.0,9000000.0,52335000.0,22687337.5,27498819.721350655,27498819.721350655,6.333333333333333,20,17
h2_jackpot_cap,cap_150m,150 mil. €,Vyšší strop jackpotu 150 mil. €.,21,270446,1000,25000000,0.5,150000000.0,50000000000.0,25000000000.0,22573200000.0,12185700000.0,149,92,12,756000000.0,0.0,150000000.0,90000000.0,58314000.0,22573200.0,26166259.988007456,26166259.988007456,6.808,34,17
h2_jackpot_cap,cap_150m,150 mil. €,Vyšší strop jackpotu 150 mil. €.,22,270447,1000,25000000,0.5,150000000.0,50000000000.0,25000000000.0,22649500000.0,12262000000.0,160,61,10,489000000.0,0.0,150000000.0,18000000.0,54504000.0,22649500.0,26395895.03597103,26395895.03597103,6.363636363636363,29,17
h2_jackpot_cap,cap_150m,150 mil. €,Vyšší strop jackpotu 150 mil. €.,23,270448,1000,25000000,0.5,150000000.0,50000000000.0,25000000000.0,22528287500.0,12140787500.0,152,80,10,660000000.0,0.0,150000000.0,144000000.0,55797000.0,22528287.5,25570290.157203805,25570290.157203805,6.473282442748092,31,17
h2_jackpot_cap,cap_150m,150 mil. €,Vyšší strop jackpotu 150 mil. €.,24,270449,1000,25000000,0.5,150000000.0,50000000000.0,25000000000.0,22645737500.0,12258237500.0,169,34,8,258000000.0,0.0,150000000.0,36000000.0,48909000.0,22645737.5,25637318.15122915,25637318.15122915,5.691780821917808,25,17
h2_jackpot_cap,cap_150m,150 mil. €,Vyšší strop jackpotu 150 mil. €.,25,270450,1000,25000000,0.5,150000000.0,50000000000.0,25000000000.0,22608800000.0,12221300000.0,161,81,10,669000000.0,0.0,150000000.0,54000000.0,54651000.0,22608800.0,25364392.21743742,25364392.21743742,6.404580152671755,38,17
h2_jackpot_cap,cap_150m,150 mil. €,Vyšší strop jackpotu 150 mil. €.,26,270451,1000,25000000,0.5,150000000.0,50000000000.0,25000000000.0,22586950000.0,12199450000.0,160,63,13,489000000.0,0.0,150000000.0,90000000.0,55065000.0,22586950.0,26550578.566153694,26550578.566153694,6.363636363636363,33,17
h2_jackpot_cap,cap_150m,150 mil. €,Vyšší strop jackpotu 150 mil. €.,27,270452,1000,25000000,0.5,150000000.0,50000000000.0,25000000000.0,22592950000.0,12205450000.0,176,46,7,372000000.0,0.0,150000000.0,99000000.0,47610000.0,22592950.0,24274899.43949305,24274899.43949305,5.5675675675675675,28,17
h2_jackpot_cap,cap_150m,150 mil. €,Vyšší strop jackpotu 150 mil. €.,28,270453,1000,25000000,0.5,150000000.0,50000000000.0,25000000000.0,22659400000.0,12271900000.0,135,129,15,1071000000.0,0.0,150000000.0,0.0,65277000.0,22659400.0,27050837.910127662,27050837.910127662,7.654867256637168,34,17
h2_jackpot_cap,cap_150m,150 mil. €,Vyšší strop jackpotu 150 mil. €.,29,270454,1000,25000000,0.5,150000000.0,50000000000.0,25000000000.0,22649500000.0,12262000000.0,167,34,7,264000000.0,0.0,150000000.0,18000000.0,50121000.0,22649500.0,25958481.749709476,25958481.749709476,5.907801418439717,25,17
h2_jackpot_cap,cap_150m,150 mil. €,Vyšší strop jackpotu 150 mil. €.,30,270455,1000,25000000,0.5,150000000.0,50000000000.0,25000000000.0,22655950000.0,12268450000.0,156,59,12,459000000.0,0.0,150000000.0,27000000.0,54561000.0,22655950.0,26603485.90124046,26603485.90124046,6.345864661654136,27,17
h2_jackpot_cap,cap_150m,150 mil. €,Vyšší strop jackpotu 150 mil. €.,31,270456,1000,25000000,0.5,150000000.0,50000000000.0,25000000000.0,22631050000.0,12243550000.0,156,105,14,861000000.0,0.0,150000000.0,9000000.0,59829000.0,22631050.0,26278546.25730845,26278546.25730845,6.393939393939394,54,17
h2_jackpot_cap,cap_150m,150 mil. €,Vyšší strop jackpotu 150 mil. €.,32,270457,1000,25000000,0.5,150000000.0,50000000000.0,25000000000.0,22581800000.0,12194300000.0,173,45,5,375000000.0,0.0,150000000.0,99000000.0,48831000.0,22581800.0,24692795.280405175,24692795.280405175,5.664383561643835,32,17
h2_jackpot_cap,cap_150m,150 mil. €,Vyšší strop jackpotu 150 mil. €.,33,270458,1000,25000000,0.5,150000000.0,50000000000.0,25000000000.0,22639250000.0,12251750000.0,144,109,14,897000000.0,0.0,150000000.0,9000000.0,61374000.0,22639250.0,26466270.92994969,26466270.92994969,7.19327731092437,52,17
h2_jackpot_cap,cap_150m,150 mil. €,Vyšší strop jackpotu 150 mil. €.,34,270459,1000,25000000,0.5,150000000.0,50000000000.0,25000000000.0,22658500000.0,12271000000.0,169,50,8,402000000.0,0.0,150000000.0,18000000.0,50679000.0,22658500.0,25501566.672461517,25501566.672461517,5.811188811188811,34,17
h2_jackpot_cap,cap_150m,150 mil. €,Vyšší strop jackpotu 150 mil. €.,35,270460,1000,25000000,0.5,150000000.0,50000000000.0,25000000000.0,22679587500.0,12292087500.0,162,44,9,342000000.0,0.0,150000000.0,0.0,52329000.0,22679587.5,26475661.790332906,26475661.790332906,6.028776978417266,29,17
h2_jackpot_cap,cap_150m,150 mil. €,Vyšší strop jackpotu 150 mil. €.,36,270461,1000,25000000,0.5,150000000.0,50000000000.0,25000000000.0,22587437500.0,12199937500.0,171,72,8,600000000.0,0.0,150000000.0,90000000.0,53142000.0,22587437.5,25062791.067433886,25062791.067433886,5.879432624113475,48,17
h2_jackpot_cap,cap_150m,150 mil. €,Vyšší strop jackpotu 150 mil. €.,37,270462,1000,25000000,0.5,150000000.0,50000000000.0,25000000000.0,22637950000.0,12250450000.0,183,43,5,357000000.0,0.0,150000000.0,54000000.0,47361000.0,22637950.0,24403496.722754713,24403496.722754713,5.410596026490066,44,17
h2_jackpot_cap,cap_150m,150 mil. €,Vyšší strop jackpotu 150 mil. €.,38,270463,1000,25000000,0.5,150000000.0,50000000000.0,25000000000.0,22645737500.0,12258237500.0,157,62,8,510000000.0,0.0,150000000.0,36000000.0,51444000.0,22645737.5,25028718.145109706,25028718.145109706,6.0647482014388485,41,17
h2_jackpot_cap,cap_150m,150 mil. €,Vyšší strop jackpotu 150 mil. €.,39,270464,1000,25000000,0.5,150000000.0,50000000000.0,25000000000.0,22532500000.0,12145000000.0,162,44,10,336000000.0,0.0,150000000.0,135000000.0,52566000.0,22532500.0,26307391.903227504,26307391.903227504,6.028776978417266,28,17
h2_jackpot_cap,cap_150m,150 mil. €,Vyšší strop jackpotu 150 mil. €.,40,270465,1000,25000000,0.5,150000000.0,50000000000.0,25000000000.0,22663200000.0,12275700000.0,169,22,7,156000000.0,0.0,150000000.0,18000000.0,48060000.0,22663200.0,25966433.828309964,25966433.828309964,5.8936170212765955,20,17
h2_jackpot_cap,cap_150m,150 mil. €,Vyšší strop jackpotu 150 mil. €.,41,270466,1000,25000000,0.5,150000000.0,50000000000.0,25000000000.0,22595050000.0,12207550000.0,143,50,9,396000000.0,0.0,150000000.0,63000000.0,53436000.0,22595050.0,26459401.599384293,26459401.599384293,6.748031496062992,27,17
h2_jackpot_cap,cap_150m,150 mil. €,Vyšší strop jackpotu 150 mil. €.,42,270467,1000,25000000,0.5,150000000.0,50000000000.0,25000000000.0,22602075000.0,12214575000.0,155,85,11,699000000.0,0.0,150000000.0,36000000.0,56271000.0,22602075.0,25872061.35016835,25872061.35016835,6.5,40,17
h2_jackpot_cap,cap_150m,150 mil. €,Vyšší strop jackpotu 150 mil. €.,43,270468,1000,25000000,0.5,150000000.0,50000000000.0,25000000000.0,22671350000.0,12283850000.0,152,51,9,405000000.0,0.0,150000000.0,0.0,54027000.0,22671350.0,26691678.697255068,26691678.697255068,6.784,30,17
h2_jackpot_cap,cap_150m,150 mil. €,Vyšší strop jackpotu 150 mil. €.,44,270469,1000,25000000,0.5,150000000.0,50000000000.0,25000000000.0,22669737500.0,12282237500.0,162,63,11,501000000.0,0.0,150000000.0,0.0,52260000.0,22669737.5,25643637.818908293,25643637.818908293,6.072463768115942,31,17
h2_jackpot_cap,cap_150m,150 mil. €,Vyšší strop jackpotu 150 mil. €.,45,270470,1000,25000000,0.5,150000000.0,50000000000.0,25000000000.0,22616587500.0,12229087500.0,164,89,9,747000000.0,0.0,150000000.0,45000000.0,55443000.0,22616587.5,25176308.8291571,25176308.8291571,5.9714285714285715,56,17
h2_jackpot_cap,cap_150m,150 mil. €,Vyšší strop jackpotu 150 mil. €.,46,270471,1000,25000000,0.5,150000000.0,50000000000.0,25000000000.0,22582600000.0,12195100000.0,187,22,5,168000000.0,0.0,150000000.0,81000000.0,44355000.0,22582600.0,24389312.971873563,24389312.971873563,5.211538461538462,27,17
h2_jackpot_cap,cap_150m,150 mil. €,Vyšší strop jackpotu 150 mil. €.,47,270472,1000,25000000,0.5,150000000.0,50000000000.0,25000000000.0,22666700000.0,12279200000.0,167,65,11,519000000.0,0.0,150000000.0,36000000.0,53388000.0,22666700.0,25835927.6224021,25835927.6224021,6.17037037037037,41,17
h2_jackpot_cap,cap_150m,150 mil. €,Vyšší strop jackpotu 150 mil. €.,48,270473,1000,25000000,0.5,150000000.0,50000000000.0,25000000000.0,22589987500.0,12202487500.0,164,41,9,315000000.0,0.0,150000000.0,90000000.0,50952000.0,22589987.5,26017720.13755421,26017720.13755421,5.887323943661972,24,17
h2_jackpot_cap,cap_150m,150 mil. €,Vyšší strop jackpotu 150 mil. €.,49,270474,1000,25000000,0.5,150000000.0,50000000000.0,25000000000.0,22665887500.0,12278387500.0,168,80,11,654000000.0,0.0,150000000.0,9000000.0,54801000.0,22665887.5,25584786.597577743,25584786.597577743,6.208955223880597,39,17
h2_jackpot_cap,cap_150m,150 mil. €,Vyšší strop jackpotu 150 mil. €.,50,270475,1000,25000000,0.5,150000000.0,50000000000.0,25000000000.0,22697187500.0,12309687500.0,165,24,10,156000000.0,0.0,150000000.0,0.0,49746000.0,22697187.5,26574222.867209,26574222.867209,6.374045801526718,20,17
h2_jackpot_cap,cap_150m,150 mil. €,Vyšší strop jackpotu 150 mil. €.,51,270476,1000,25000000,0.5,150000000.0,50000000000.0,25000000000.0,22693700000.0,12306200000.0,153,66,10,534000000.0,0.0,150000000.0,9000000.0,55461000.0,22693700.0,26525946.26606184,26525946.26606184,6.515384615384615,31,17
h2_jackpot_cap,cap_150m,150 mil. €,Vyšší strop jackpotu 150 mil. €.,52,270477,1000,25000000,0.5,150000000.0,50000000000.0,25000000000.0,22576700000.0,12189200000.0,178,13,4,93000000.0,0.0,150000000.0,126000000.0,44613000.0,22576700.0,24658004.017154347,24658004.017154347,5.303225806451613,20,17
h2_jackpot_cap,cap_150m,150 mil. €,Vyšší strop jackpotu 150 mil. €.,53,270478,1000,25000000,0.5,150000000.0,50000000000.0,25000000000.0,22691550000.0,12304050000.0,181,40,7,318000000.0,0.0,150000000.0,0.0,45918000.0,22691550.0,24181867.196258854,24181867.196258854,5.3881578947368425,33,17
h2_jackpot_cap,cap_150m,150 mil. €,Vyšší strop jackpotu 150 mil. €.,54,270479,1000,25000000,0.5,150000000.0,50000000000.0,25000000000.0,22616950000.0,12229450000.0,154,40,12,288000000.0,0.0,150000000.0,72000000.0,52503000.0,22616950.0,26808554.70176451,26808554.70176451,6.507692307692308,25,17
h2_jackpot_cap,cap_150m,150 mil. €,Vyšší strop jackpotu 150 mil. €.,55,270480,1000,25000000,0.5,150000000.0,50000000000.0,25000000000.0,22693700000.0,12306200000.0,174,61,11,483000000.0,0.0,150000000.0,9000000.0,51960000.0,22693700.0,25537480.794119064,25537480.794119064,5.736111111111111,34,17
h2_jackpot_cap,cap_150m,150 mil. €,Vyšší strop jackpotu 150 mil. €.,56,270481,1000,25000000,0.5,150000000.0,50000000000.0,25000000000.0,22626400000.0,12238900000.0,172,36,6,288000000.0,0.0,150000000.0,72000000.0,49158000.0,22626400.0,25436077.980695058,25436077.980695058,5.75,26,17
h2_jackpot_cap,cap_150m,150 mil. €,Vyšší strop jackpotu 150 mil. €.,57,270482,1000,25000000,0.5,150000000.0,50000000000.0,25000000000.0,22665350000.0,12277850000.0,161,40,12,288000000.0,0.0,150000000.0,9000000.0,51864000.0,22665350.0,26627873.213561386,26627873.213561386,5.992857142857143,23,17
h2_jackpot_cap,cap_150m,150 mil. €,Vyšší strop jackpotu 150 mil. €.,58,270483,1000,25000000,0.5,150000000.0,50000000000.0,25000000000.0,22711300000.0,12323800000.0,175,25,6,189000000.0,0.0,150000000.0,0.0,46716000.0,22711300.0,25195084.9831867,25195084.9831867,5.729166666666667,26,17
h2_jackpot_cap,cap_150m,150 mil. €,Vyšší strop jackpotu 150 mil. €.,59,270484,1000,25000000,0.5,150000000.0,50000000000.0,25000000000.0,22517050000.0,12129550000.0,144,53,15,387000000.0,0.0,150000000.0,150000000.0,56001000.0,22517050.0,27229202.64711216,27229202.64711216,6.903225806451613,25,17
h2_jackpot_cap,cap_150m,150 mil. €,Vyšší strop jackpotu 150 mil. €.,60,270485,1000,25000000,0.5,150000000.0,50000000000.0,25000000000.0,22700150000.0,12312650000.0,154,89,10,741000000.0,0.0,150000000.0,9000000.0,58065000.0,22700150.0,26234135.062500156,26234135.062500156,6.507692307692308,58,17
h2_jackpot_cap,cap_150m,150 mil. €,Vyšší strop jackpotu 150 mil. €.,61,270486,1000,25000000,0.5,150000000.0,50000000000.0,25000000000.0,22641437500.0,12253937500.0,168,79,10,651000000.0,0.0,150000000.0,27000000.0,54351000.0,22641437.5,25456705.636037115,25456705.636037115,6.208955223880597,40,17
h2_jackpot_cap,cap_150m,150 mil. €,Vyšší strop jackpotu 150 mil. €.,62,270487,1000,25000000,0.5,150000000.0,50000000000.0,25000000000.0,22682950000.0,12295450000.0,160,110,14,906000000.0,0.0,150000000.0,0.0,58293000.0,22682950.0,25436090.73339494,25436090.73339494,6.131386861313868,39,17
h2_jackpot_cap,cap_150m,150 mil. €,Vyšší strop jackpotu 150 mil. €.,63,270488,1000,25000000,0.5,150000000.0,50000000000.0,25000000000.0,22673100000.0,12285600000.0,162,26,7,192000000.0,0.0,150000000.0,18000000.0,48957000.0,22673100.0,26062109.87986199,26062109.87986199,6.028776978417266,22,17
h2_jackpot_cap,cap_150m,150 mil. €,Vyšší strop jackpotu 150 mil. €.,64,270489,1000,25000000,0.5,150000000.0,50000000000.0,25000000000.0,22515350000.0,12127850000.0,148,61,13,471000000.0,0.0,150000000.0,150000000.0,57159000.0,22515350.0,26995450.29958752,26995450.29958752,7.041322314049586,34,17
h2_jackpot_cap,cap_150m,150 mil. €,Vyšší strop jackpotu 150 mil. €.,65,270490,1000,25000000,0.5,150000000.0,50000000000.0,25000000000.0,22584250000.0,12196750000.0,137,74,12,594000000.0,0.0,150000000.0,45000000.0,57855000.0,22584250.0,26985978.571056116,26985978.571056116,7.2521008403361344,34,17
h2_jackpot_cap,cap_150m,150 mil. €,Vyšší strop jackpotu 150 mil. €.,66,270491,1000,25000000,0.5,150000000.0,50000000000.0,25000000000.0,22653800000.0,12266300000.0,157,40,7,318000000.0,0.0,150000000.0,18000000.0,49581000.0,22653800.0,25558812.09211414,25558812.09211414,5.695945945945946,35,17
h2_jackpot_cap,cap_150m,150 mil. €,Vyšší strop jackpotu 150 mil. €.,67,270492,1000,25000000,0.5,150000000.0,50000000000.0,25000000000.0,22630700000.0,12243200000.0,161,52,10,408000000.0,0.0,150000000.0,63000000.0,50985000.0,22630700.0,25584187.74379988,25584187.74379988,5.786206896551724,31,17
h2_jackpot_cap,cap_150m,150 mil. €,Vyšší strop jackpotu 150 mil. €.,68,270493,1000,25000000,0.5,150000000.0,50000000000.0,25000000000.0,22661050000.0,12273550000.0,146,56,11,438000000.0,0.0,150000000.0,18000000.0,55602000.0,22661050.0,27140429.812320586,27140429.812320586,6.887096774193548,33,17
h2_jackpot_cap,cap_150m,150 mil. €,Vyšší strop jackpotu 150 mil. €.,69,270494,1000,25000000,0.5,150000000.0,50000000000.0,25000000000.0,22661050000.0,12273550000.0,158,45,7,363000000.0,0.0,150000000.0,9000000.0,51105000.0,22661050.0,25782465.560871016,25782465.560871016,6.057553956834532,30,17
h2_jackpot_cap,cap_150m,150 mil. €,Vyšší strop jackpotu 150 mil. €.,70,270495,1000,25000000,0.5,150000000.0,50000000000.0,25000000000.0,22655550000.0,12268050000.0,164,70,13,552000000.0,0.0,150000000.0,36000000.0,55719000.0,22655550.0,26553687.06408773,26553687.06408773,6.53125,32,17
h2_jackpot_cap,cap_150m,150 mil. €,Vyšší strop jackpotu 150 mil. €.,71,270496,1000,25000000,0.5,150000000.0,50000000000.0,25000000000.0,22620350000.0,12232850000.0,174,16,4,120000000.0,0.0,150000000.0,54000000.0,45774000.0,22620350.0,25120336.151761584,25120336.151761584,5.543624161073826,22,17
h2_jackpot_cap,cap_150m,150 mil. €,Vyšší strop jackpotu 150 mil. €.,72,270497,1000,25000000,0.5,150000000.0,50000000000.0,25000000000.0,22616450000.0,12228950000.0,148,85,10,705000000.0,0.0,150000000.0,54000000.0,57078000.0,22616450.0,26070935.865394246,26070935.865394246,6.5038167938931295,35,17
h2_jackpot_cap,cap_150m,150 mil. €,Vyšší strop jackpotu 150 mil. €.,73,270498,1000,25000000,0.5,150000000.0,50000000000.0,25000000000.0,22595500000.0,12208000000.0,162,71,11,573000000.0,0.0,150000000.0,90000000.0,54450000.0,22595500.0,25874622.794352,25874622.794352,6.396946564885496,31,17
h2_jackpot_cap,cap_150m,150 mil. €,Vyšší strop jackpotu 150 mil. €.,74,270499,1000,25000000,0.5,150000000.0,50000000000.0,25000000000.0,22668437500.0,12280937500.0,177,40,8,312000000.0,0.0,150000000.0,9000000.0,48117000.0,22668437.5,25109040.10938777,25109040.10938777,5.2756410256410255,24,17
h2_jackpot_cap,cap_150m,150 mil. €,Vyšší strop jackpotu 150 mil. €.,75,270500,1000,25000000,0.5,150000000.0,50000000000.0,25000000000.0,22704850000.0,12317350000.0,178,47,9,369000000.0,0.0,150000000.0,0.0,49575000.0,22704850.0,25306250.88742898,25306250.88742898,5.63013698630137,34,17
h2_jackpot_cap,cap_150m,150 mil. €,Vyšší strop jackpotu 150 mil. €.,76,270501,1000,25000000,0.5,150000000.0,50000000000.0,25000000000.0,22658050000.0,12270550000.0,167,24,6,180000000.0,0.0,150000000.0,0.0,49302000.0,22658050.0,26169363.532525968,26169363.532525968,6.2631578947368425,21,17
h2_jackpot_cap,cap_150m,150 mil. €,Vyšší strop jackpotu 150 mil. €.,77,270502,1000,25000000,0.5,150000000.0,50000000000.0,25000000000.0,22626000000.0,12238500000.0,155,58,6,486000000.0,0.0,150000000.0,63000000.0,52980000.0,22626000.0,25680396.68696728,25680396.68696728,6.5,44,17
h2_jackpot_cap,cap_150m,150 mil. €,Vyšší strop jackpotu 150 mil. €.,78,270503,1000,25000000,0.5,150000000.0,50000000000.0,25000000000.0,22664950000.0,12277450000.0,174,54,7,444000000.0,0.0,150000000.0,9000000.0,51042000.0,22664950.0,25341613.484494235,25341613.484494235,5.776223776223776,30,17
h2_jackpot_cap,cap_150m,150 mil. €,Vyšší strop jackpotu 150 mil. €.,79,270504,1000,25000000,0.5,150000000.0,50000000000.0,25000000000.0,22658225000.0,12270725000.0,153,78,15,612000000.0,0.0,150000000.0,18000000.0,57204000.0,22658225.0,26784526.692885112,26784526.692885112,6.669291338582677,38,17
h2_jackpot_cap,cap_150m,150 mil. €,Vyšší strop jackpotu 150 mil. €.,80,270505,1000,25000000,0.5,150000000.0,50000000000.0,25000000000.0,22663700000.0,12276200000.0,172,48,8,384000000.0,0.0,150000000.0,0.0,51585000.0,22663700.0,25885290.172412593,25885290.172412593,6.043795620437956,27,17
h2_jackpot_cap,cap_150m,150 mil. €,Vyšší strop jackpotu 150 mil. €.,81,270506,1000,25000000,0.5,150000000.0,50000000000.0,25000000000.0,22490037500.0,12102537500.0,162,47,9,369000000.0,0.0,150000000.0,150000000.0,53112000.0,22490037.5,26153994.477992147,26153994.477992147,6.3007518796992485,28,17
h2_jackpot_cap,cap_150m,150 mil. €,Vyšší strop jackpotu 150 mil. €.,82,270507,1000,25000000,0.5,150000000.0,50000000000.0,25000000000.0,22655550000.0,12268050000.0,154,47,8,375000000.0,0.0,150000000.0,36000000.0,54783000.0,22655550.0,27019863.002937302,27019863.002937302,6.507692307692308,31,17
h2_jackpot_cap,cap_150m,150 mil. €,Vyšší strop jackpotu 150 mil. €.,83,270508,1000,25000000,0.5,150000000.0,50000000000.0,25000000000.0,22685500000.0,12298000000.0,167,51,8,411000000.0,0.0,150000000.0,0.0,53664000.0,22685500.0,26481750.59828938,26481750.59828938,6.2631578947368425,31,17
h2_jackpot_cap,cap_150m,150 mil. €,Vyšší strop jackpotu 150 mil. €.,84,270509,1000,25000000,0.5,150000000.0,50000000000.0,25000000000.0,22687787500.0,12300287500.0,149,62,8,510000000.0,0.0,150000000.0,9000000.0,55080000.0,22687787.5,26369169.019161254,26369169.019161254,6.546153846153846,41,17
h2_jackpot_cap,cap_150m,150 mil. €,Vyšší strop jackpotu 150 mil. €.,85,270510,1000,25000000,0.5,150000000.0,50000000000.0,25000000000.0,22620300000.0,12232800000.0,169,46,6,378000000.0,0.0,150000000.0,36000000.0,49209000.0,22620300.0,24996490.41185582,24996490.41185582,5.852112676056338,37,17
h2_jackpot_cap,cap_150m,150 mil. €,Vyšší strop jackpotu 150 mil. €.,86,270511,1000,25000000,0.5,150000000.0,50000000000.0,25000000000.0,22649500000.0,12262000000.0,145,74,7,624000000.0,0.0,150000000.0,18000000.0,57111000.0,22649500.0,26416543.58068065,26416543.58068065,7.3076923076923075,37,17
h2_jackpot_cap,cap_150m,150 mil. €,Vyšší strop jackpotu 150 mil. €.,87,270512,1000,25000000,0.5,150000000.0,50000000000.0,25000000000.0,22680800000.0,12293300000.0,174,45,10,345000000.0,0.0,150000000.0,0.0,51789000.0,22680800.0,26234266.548924137,26234266.548924137,6.118518518518519,29,17
h2_jackpot_cap,cap_150m,150 mil. €,Vyšší strop jackpotu 150 mil. €.,88,270513,1000,25000000,0.5,150000000.0,50000000000.0,25000000000.0,22676500000.0,12289000000.0,177,25,4,201000000.0,0.0,150000000.0,9000000.0,46044000.0,22676500.0,24788063.11009394,24788063.11009394,5.3441558441558445,30,17
h2_jackpot_cap,cap_150m,150 mil. €,Vyšší strop jackpotu 150 mil. €.,89,270514,1000,25000000,0.5,150000000.0,50000000000.0,25000000000.0,22588650000.0,12201150000.0,167,51,7,417000000.0,0.0,150000000.0,90000000.0,51987000.0,22588650.0,25687779.55911137,25687779.55911137,5.9928057553956835,33,17
h2_jackpot_cap,cap_150m,150 mil. €,Vyšší strop jackpotu 150 mil. €.,90,270515,1000,25000000,0.5,150000000.0,50000000000.0,25000000000.0,22673550000.0,12286050000.0,156,71,15,549000000.0,0.0,150000000.0,0.0,58053000.0,22673550.0,27452846.353292767,27452846.353292767,6.752,30,17
h2_jackpot_cap,cap_150m,150 mil. €,Vyšší strop jackpotu 150 mil. €.,91,270516,1000,25000000,0.5,150000000.0,50000000000.0,25000000000.0,22603300000.0,12215800000.0,159,76,9,630000000.0,0.0,150000000.0,99000000.0,53358000.0,22603300.0,24916179.163547527,24916179.163547527,6.138686131386861,39,17
h2_jackpot_cap,cap_150m,150 mil. €,Vyšší strop jackpotu 150 mil. €.,92,270517,1000,25000000,0.5,150000000.0,50000000000.0,25000000000.0,22638837500.0,12251337500.0,154,74,11,600000000.0,0.0,150000000.0,9000000.0,55971000.0,22638837.5,26388792.707413573,26388792.707413573,6.507692307692308,35,17
h2_jackpot_cap,cap_150m,150 mil. €,Vyšší strop jackpotu 150 mil. €.,93,270518,1000,25000000,0.5,150000000.0,50000000000.0,25000000000.0,22671000000.0,12283500000.0,171,21,6,153000000.0,0.0,150000000.0,36000000.0,45081000.0,22671000.0,24778034.8090804,24778034.8090804,5.383116883116883,26,17
h2_jackpot_cap,cap_150m,150 mil. €,Vyšší strop jackpotu 150 mil. €.,94,270519,1000,25000000,0.5,150000000.0,50000000000.0,25000000000.0,22647837500.0,12260337500.0,184,49,12,369000000.0,0.0,150000000.0,18000000.0,50298000.0,22647837.5,25678664.30482403,25678664.30482403,5.706293706293707,27,17
h2_jackpot_cap,cap_150m,150 mil. €,Vyšší strop jackpotu 150 mil. €.,95,270520,1000,25000000,0.5,150000000.0,50000000000.0,25000000000.0,22669250000.0,12281750000.0,173,49,8,393000000.0,0.0,150000000.0,9000000.0,49701000.0,22669250.0,25202002.736637816,25202002.736637816,5.587837837837838,34,17
h2_jackpot_cap,cap_150m,150 mil. €,Vyšší strop jackpotu 150 mil. €.,96,270521,1000,25000000,0.5,150000000.0,50000000000.0,25000000000.0,22533887500.0,12146387500.0,160,54,10,426000000.0,0.0,150000000.0,150000000.0,52779000.0,22533887.5,25721016.222995423,25721016.222995423,6.222222222222222,36,17
h2_jackpot_cap,cap_150m,150 mil. €,Vyšší strop jackpotu 150 mil. €.,97,270522,1000,25000000,0.5,150000000.0,50000000000.0,25000000000.0,22629750000.0,12242250000.0,151,61,7,507000000.0,0.0,150000000.0,18000000.0,54810000.0,22629750.0,26237860.572796326,26237860.572796326,6.792,32,17
h2_jackpot_cap,cap_150m,150 mil. €,Vyšší strop jackpotu 150 mil. €.,98,270523,1000,25000000,0.5,150000000.0,50000000000.0,25000000000.0,22682950000.0,12295450000.0,170,65,11,519000000.0,0.0,150000000.0,9000000.0,53010000.0,22682950.0,25779474.62221641,25779474.62221641,5.886524822695035,30,17
h2_jackpot_cap,cap_150m,150 mil. €,Vyšší strop jackpotu 150 mil. €.,99,270524,1000,25000000,0.5,150000000.0,50000000000.0,25000000000.0,22662800000.0,12275300000.0,174,44,8,348000000.0,0.0,150000000.0,0.0,48816000.0,22662800.0,25049976.570048925,25049976.570048925,5.696551724137931,27,17
h2_jackpot_cap,cap_150m,150 mil. €,Vyšší strop jackpotu 150 mil. €.,100,270525,1000,25000000,0.5,150000000.0,50000000000.0,25000000000.0,22684787500.0,12297287500.0,175,15,6,99000000.0,0.0,150000000.0,18000000.0,45576000.0,22684787.5,25282381.06836644,25282381.06836644,5.427631578947368,21,17
h2_jackpot_cap,cap_150m,150 mil. €,Vyšší strop jackpotu 150 mil. €.,101,270526,1000,25000000,0.5,150000000.0,50000000000.0,25000000000.0,22689400000.0,12301900000.0,167,43,11,321000000.0,0.0,150000000.0,9000000.0,50133000.0,22689400.0,25856209.460011728,25856209.460011728,5.744827586206896,28,17
h2_jackpot_cap,cap_150m,150 mil. €,Vyšší strop jackpotu 150 mil. €.,102,270527,1000,25000000,0.5,150000000.0,50000000000.0,25000000000.0,22653387500.0,12265887500.0,158,49,10,381000000.0,0.0,150000000.0,18000000.0,52200000.0,22653387.5,26214857.832555447,26214857.832555447,6.237037037037037,24,17
h2_jackpot_cap,cap_150m,150 mil. €,Vyšší strop jackpotu 150 mil. €.,103,270528,1000,25000000,0.5,150000000.0,50000000000.0,25000000000.0,22643050000.0,12255550000.0,144,70,15,540000000.0,0.0,150000000.0,9000000.0,58506000.0,22643050.0,27730302.995053984,27730302.995053984,6.534351145038168,26,17
h2_jackpot_cap,cap_150m,150 mil. €,Vyšší strop jackpotu 150 mil. €.,104,270529,1000,25000000,0.5,150000000.0,50000000000.0,25000000000.0,22582600000.0,12195100000.0,159,38,9,288000000.0,0.0,150000000.0,81000000.0,53472000.0,22582600.0,26992161.588876132,26992161.588876132,6.276119402985074,31,17
h2_jackpot_cap,cap_150m,150 mil. €,Vyšší strop jackpotu 150 mil. €.,105,270530,1000,25000000,0.5,150000000.0,50000000000.0,25000000000.0,22567250000.0,12179750000.0,182,32,7,246000000.0,0.0,150000000.0,126000000.0,47139000.0,22567250.0,24791879.01183571,24791879.01183571,5.489932885906041,30,17
h2_jackpot_cap,cap_150m,150 mil. €,Vyšší strop jackpotu 150 mil. €.,106,270531,1000,25000000,0.5,150000000.0,50000000000.0,25000000000.0,22680800000.0,12293300000.0,171,17,5,123000000.0,0.0,150000000.0,9000000.0,47907000.0,22680800.0,25985654.53014413,25985654.53014413,5.756944444444445,20,17
h2_jackpot_cap,cap_150m,150 mil. €,Vyšší strop jackpotu 150 mil. €.,107,270532,1000,25000000,0.5,150000000.0,50000000000.0,25000000000.0,22592950000.0,12205450000.0,163,29,8,213000000.0,0.0,150000000.0,99000000.0,48978000.0,22592950.0,25773165.168397535,25773165.168397535,6.109489051094891,24,17
h2_jackpot_cap,cap_150m,150 mil. €,Vyšší strop jackpotu 150 mil. €.,108,270533,1000,25000000,0.5,150000000.0,50000000000.0,25000000000.0,22529550000.0,12142050000.0,163,64,9,522000000.0,0.0,150000000.0,150000000.0,53943000.0,22529550.0,25513057.819428466,25513057.819428466,6.438461538461539,36,17
h2_jackpot_cap,cap_150m,150 mil. €,Vyšší strop jackpotu 150 mil. €.,109,270534,1000,25000000,0.5,150000000.0,50000000000.0,25000000000.0,22675700000.0,12288200000.0,155,88,12,720000000.0,0.0,150000000.0,18000000.0,57165000.0,22675700.0,26015296.932958502,26015296.932958502,6.5,33,17
h2_jackpot_cap,cap_150m,150 mil. €,Vyšší strop jackpotu 150 mil. €.,110,270535,1000,25000000,0.5,150000000.0,50000000000.0,25000000000.0,22634050000.0,12246550000.0,152,67,14,519000000.0,0.0,150000000.0,36000000.0,57576000.0,22634050.0,27438110.32300694,27438110.32300694,6.784,23,17
h2_jackpot_cap,cap_150m,150 mil. €,Vyšší strop jackpotu 150 mil. €.,111,270536,1000,25000000,0.5,150000000.0,50000000000.0,25000000000.0,22653800000.0,12266300000.0,154,55,12,423000000.0,0.0,150000000.0,36000000.0,55383000.0,22653800.0,27121020.916624803,27121020.916624803,6.507692307692308,30,17
h2_jackpot_cap,cap_150m,150 mil. €,Vyšší strop jackpotu 150 mil. €.,112,270537,1000,25000000,0.5,150000000.0,50000000000.0,25000000000.0,22670187500.0,12282687500.0,158,80,11,654000000.0,0.0,150000000.0,9000000.0,55683000.0,22670187.5,25869906.554162383,25869906.554162383,6.476923076923077,33,17
h2_jackpot_cap,cap_150m,150 mil. €,Vyšší strop jackpotu 150 mil. €.,113,270538,1000,25000000,0.5,150000000.0,50000000000.0,25000000000.0,22651200000.0,12263700000.0,197,26,7,192000000.0,0.0,150000000.0,18000000.0,44601000.0,22651200.0,24445561.12180696,24445561.12180696,5.317880794701987,22,17
h2_jackpot_cap,cap_150m,150 mil. €,Vyšší strop jackpotu 150 mil. €.,114,270539,1000,25000000,0.5,150000000.0,50000000000.0,25000000000.0,22607537500.0,12220037500.0,146,71,11,573000000.0,0.0,150000000.0,54000000.0,57060000.0,22607537.5,26749209.092837565,26749209.092837565,6.943089430894309,32,17
h2_jackpot_cap,cap_150m,150 mil. €,Vyšší strop jackpotu 150 mil. €.,115,270540,1000,25000000,0.5,150000000.0,50000000000.0,25000000000.0,22622900000.0,12235400000.0,168,71,12,567000000.0,0.0,150000000.0,0.0,53031000.0,22622900.0,25369809.037318353,25369809.037318353,6.072992700729927,34,17
h2_jackpot_cap,cap_150m,150 mil. €,Vyšší strop jackpotu 150 mil. €.,116,270541,1000,25000000,0.5,150000000.0,50000000000.0,25000000000.0,22657300000.0,12269800000.0,165,31,8,231000000.0,0.0,150000000.0,45000000.0,49674000.0,22657300.0,26049489.663139276,26049489.663139276,6.139705882352941,22,17
h2_jackpot_cap,cap_150m,150 mil. €,Vyšší strop jackpotu 150 mil. €.,117,270542,1000,25000000,0.5,150000000.0,50000000000.0,25000000000.0,22613100000.0,12225600000.0,162,53,12,405000000.0,0.0,150000000.0,81000000.0,52050000.0,22613100.0,26024523.884021394,26024523.884021394,6.207407407407407,33,17
h2_jackpot_cap,cap_150m,150 mil. €,Vyšší strop jackpotu 150 mil. €.,118,270543,1000,25000000,0.5,150000000.0,50000000000.0,25000000000.0,22550550000.0,12163050000.0,167,44,6,360000000.0,0.0,150000000.0,150000000.0,49368000.0,22550550.0,24709347.162511192,24709347.162511192,5.744827586206896,36,17
h2_jackpot_cap,cap_150m,150 mil. €,Vyšší strop jackpotu 150 mil. €.,119,270544,1000,25000000,0.5,150000000.0,50000000000.0,25000000000.0,22639687500.0,12252187500.0,165,41,10,309000000.0,0.0,150000000.0,0.0,50775000.0,22639687.5,26054724.932506844,26054724.932506844,6.139705882352941,25,17
h2_jackpot_cap,cap_150m,150 mil. €,Vyšší strop jackpotu 150 mil. €.,120,270545,1000,25000000,0.5,150000000.0,50000000000.0,25000000000.0,22597200000.0,12209700000.0,159,48,11,366000000.0,0.0,150000000.0,45000000.0,50505000.0,22597200.0,25653094.787179187,25653094.787179187,5.964539007092198,28,17
h2_jackpot_cap,cap_150m,150 mil. €,Vyšší strop jackpotu 150 mil. €.,121,270546,1000,25000000,0.5,150000000.0,50000000000.0,25000000000.0,22641037500.0,12253537500.0,174,32,7,246000000.0,0.0,150000000.0,27000000.0,47787000.0,22641037.5,25304837.182440903,25304837.182440903,5.619047619047619,23,17
h2_jackpot_cap,cap_150m,150 mil. €,Vyšší strop jackpotu 150 mil. €.,122,270547,1000,25000000,0.5,150000000.0,50000000000.0,25000000000.0,22658987500.0,12271487500.0,174,76,11,618000000.0,0.0,150000000.0,9000000.0,55317000.0,22658987.5,25991668.02806418,25991668.02806418,5.942446043165468,31,17
h2_jackpot_cap,cap_150m,150 mil. €,Vyšší strop jackpotu 150 mil. €.,123,270548,1000,25000000,0.5,150000000.0,50000000000.0,25000000000.0,22703237500.0,12315737500.0,167,67,7,561000000.0,0.0,150000000.0,9000000.0,53055000.0,22703237.5,25347830.10288738,25347830.10288738,5.95,38,17
h2_jackpot_cap,cap_150m,150 mil. €,Vyšší strop jackpotu 150 mil. €.,124,270549,1000,25000000,0.5,150000000.0,50000000000.0,25000000000.0,22685500000.0,12298000000.0,164,27,6,207000000.0,0.0,150000000.0,0.0,49050000.0,22685500.0,25958382.36003931,25958382.36003931,6.147058823529412,22,17
h2_jackpot_cap,cap_150m,150 mil. €,Vyšší strop jackpotu 150 mil. €.,125,270550,1000,25000000,0.5,150000000.0,50000000000.0,25000000000.0,22631500000.0,12244000000.0,155,120,12,1008000000.0,0.0,150000000.0,9000000.0,60561000.0,22631500.0,25646078.31131302,25646078.31131302,6.76,40,17
h2_jackpot_cap,cap_150m,150 mil. €,Vyšší strop jackpotu 150 mil. €.,126,270551,1000,25000000,0.5,150000000.0,50000000000.0,25000000000.0,22653400000.0,12265900000.0,160,57,11,447000000.0,0.0,150000000.0,27000000.0,53331000.0,22653400.0,26270390.336650882,26270390.336650882,6.315789473684211,31,17
h2_jackpot_cap,cap_150m,150 mil. €,Vyšší strop jackpotu 150 mil. €.,127,270552,1000,25000000,0.5,150000000.0,50000000000.0,25000000000.0,22700550000.0,12313050000.0,168,18,7,120000000.0,0.0,150000000.0,0.0,46614000.0,22700550.0,25568843.779050708,25568843.779050708,5.583892617449664,23,17
h2_jackpot_cap,cap_150m,150 mil. €,Vyšší strop jackpotu 150 mil. €.,128,270553,1000,25000000,0.5,150000000.0,50000000000.0,25000000000.0,22717750000.0,12330250000.0,152,37,10,273000000.0,0.0,150000000.0,0.0,52182000.0,22717750.0,26848422.624755815,26848422.624755815,6.189781021897811,25,17
h2_jackpot_cap,cap_150m,150 mil. €,Vyšší strop jackpotu 150 mil. €.,129,270554,1000,25000000,0.5,150000000.0,50000000000.0,25000000000.0,22644400000.0,12256900000.0,141,91,14,735000000.0,0.0,150000000.0,18000000.0,60330000.0,22644400.0,27199725.892736495,27199725.892736495,7.099173553719008,26,17
h2_jackpot_cap,cap_150m,150 mil. €,Vyšší strop jackpotu 150 mil. €.,130,270555,1000,25000000,0.5,150000000.0,50000000000.0,25000000000.0,22681737500.0,12294237500.0,194,45,8,357000000.0,0.0,150000000.0,9000000.0,47544000.0,22681737.5,24589097.54113281,24589097.54113281,5.337748344370861,26,17
h2_jackpot_cap,cap_150m,150 mil. €,Vyšší strop jackpotu 150 mil. €.,131,270556,1000,25000000,0.5,150000000.0,50000000000.0,25000000000.0,22676500000.0,12289000000.0,180,26,8,186000000.0,0.0,150000000.0,0.0,46683000.0,22676500.0,25321387.654510565,25321387.654510565,5.466666666666667,23,17
h2_jackpot_cap,cap_150m,150 mil. €,Vyšší strop jackpotu 150 mil. €.,132,270557,1000,25000000,0.5,150000000.0,50000000000.0,25000000000.0,22702700000.0,12315200000.0,166,41,9,315000000.0,0.0,150000000.0,0.0,50376000.0,22702700.0,25882168.721148543,25882168.721148543,5.8321678321678325,34,17
h2_jackpot_cap,cap_150m,150 mil. €,Vyšší strop jackpotu 150 mil. €.,133,270558,1000,25000000,0.5,150000000.0,50000000000.0,25000000000.0,22605837500.0,12218337500.0,168,50,8,402000000.0,0.0,150000000.0,45000000.0,51399000.0,22605837.5,25700954.356401704,25700954.356401704,5.818181818181818,31,17
h2_jackpot_cap,cap_150m,150 mil. €,Vyšší strop jackpotu 150 mil. €.,134,270559,1000,25000000,0.5,150000000.0,50000000000.0,25000000000.0,22674850000.0,12287350000.0,144,68,8,564000000.0,0.0,150000000.0,9000000.0,56016000.0,22674850.0,26356360.237663697,26356360.237663697,6.635658914728682,36,17
h2_jackpot_cap,cap_150m,150 mil. €,Vyšší strop jackpotu 150 mil. €.,135,270560,1000,25000000,0.5,150000000.0,50000000000.0,25000000000.0,22658900000.0,12271400000.0,180,29,6,225000000.0,0.0,150000000.0,9000000.0,47118000.0,22658900.0,25210326.570475046,25210326.570475046,5.578231292517007,23,17
h2_jackpot_cap,cap_150m,150 mil. €,Vyšší strop jackpotu 150 mil. €.,136,270561,1000,25000000,0.5,150000000.0,50000000000.0,25000000000.0,22633250000.0,12245750000.0,146,73,10,597000000.0,0.0,150000000.0,45000000.0,58968000.0,22633250.0,27292536.194672346,27292536.194672346,6.943089430894309,35,17
h2_jackpot_cap,cap_150m,150 mil. €,Vyšší strop jackpotu 150 mil. €.,137,270562,1000,25000000,0.5,150000000.0,50000000000.0,25000000000.0,22562050000.0,12174550000.0,167,46,6,378000000.0,0.0,150000000.0,90000000.0,51306000.0,22562050.0,25671766.929790787,25671766.929790787,6.08029197080292,36,17
h2_jackpot_cap,cap_150m,150 mil. €,Vyšší strop jackpotu 150 mil. €.,138,270563,1000,25000000,0.5,150000000.0,50000000000.0,25000000000.0,22640050000.0,12252550000.0,154,42,7,336000000.0,0.0,150000000.0,27000000.0,50781000.0,22640050.0,25827980.05066405,25827980.05066405,6.220588235294118,27,17
h2_jackpot_cap,cap_150m,150 mil. €,Vyšší strop jackpotu 150 mil. €.,139,270564,1000,25000000,0.5,150000000.0,50000000000.0,25000000000.0,22652050000.0,12264550000.0,181,29,3,243000000.0,0.0,150000000.0,27000000.0,47001000.0,22652050.0,24889856.333404176,24889856.333404176,5.571428571428571,26,17
h2_jackpot_cap,cap_150m,150 mil. €,Vyšší strop jackpotu 150 mil. €.,140,270565,1000,25000000,0.5,150000000.0,50000000000.0,25000000000.0,22613100000.0,12225600000.0,153,60,11,474000000.0,0.0,150000000.0,63000000.0,54969000.0,22613100.0,26628556.915274248,26628556.915274248,6.416666666666667,31,17
h2_jackpot_cap,cap_150m,150 mil. €,Vyšší strop jackpotu 150 mil. €.,141,270566,1000,25000000,0.5,150000000.0,50000000000.0,25000000000.0,22597650000.0,12210150000.0,178,57,13,435000000.0,0.0,150000000.0,90000000.0,50196000.0,22597650.0,25081366.429632578,25081366.429632578,5.708333333333333,30,17
h2_jackpot_cap,cap_150m,150 mil. €,Vyšší strop jackpotu 150 mil. €.,142,270567,1000,25000000,0.5,150000000.0,50000000000.0,25000000000.0,22537250000.0,12149750000.0,169,27,8,195000000.0,0.0,150000000.0,150000000.0,49353000.0,22537250.0,25734162.118427325,25734162.118427325,6.343511450381679,24,17
h2_jackpot_cap,cap_150m,150 mil. €,Vyšší strop jackpotu 150 mil. €.,143,270568,1000,25000000,0.5,150000000.0,50000000000.0,25000000000.0,22653800000.0,12266300000.0,170,52,7,426000000.0,0.0,150000000.0,27000000.0,51291000.0,22653800.0,25553723.32087831,25553723.32087831,6.0144927536231885,32,17
h2_jackpot_cap,cap_150m,150 mil. €,Vyšší strop jackpotu 150 mil. €.,144,270569,1000,25000000,0.5,150000000.0,50000000000.0,25000000000.0,22548000000.0,12160500000.0,155,66,10,534000000.0,0.0,150000000.0,150000000.0,54840000.0,22548000.0,25797058.863366574,25797058.863366574,6.550387596899225,32,17
h2_jackpot_cap,cap_150m,150 mil. €,Vyšší strop jackpotu 150 mil. €.,145,270570,1000,25000000,0.5,150000000.0,50000000000.0,25000000000.0,22703725000.0,12316225000.0,175,21,6,153000000.0,0.0,150000000.0,0.0,46332000.0,22703725.0,25313129.52672733,25313129.52672733,5.6506849315068495,22,17
h2_jackpot_cap,cap_150m,150 mil. €,Vyšší strop jackpotu 150 mil. €.,146,270571,1000,25000000,0.5,150000000.0,50000000000.0,25000000000.0,22539400000.0,12151900000.0,149,76,15,594000000.0,0.0,150000000.0,150000000.0,56949000.0,22539400.0,26452583.761137586,26452583.761137586,6.700787401574803,27,17
h2_jackpot_cap,cap_150m,150 mil. €,Vyšší strop jackpotu 150 mil. €.,147,270572,1000,25000000,0.5,150000000.0,50000000000.0,25000000000.0,22691550000.0,12304050000.0,182,41,5,339000000.0,0.0,150000000.0,0.0,46152000.0,22691550.0,24087689.824835837,24087689.824835837,5.27741935483871,33,17
h2_jackpot_cap,cap_150m,150 mil. €,Vyšší strop jackpotu 150 mil. €.,148,270573,1000,25000000,0.5,150000000.0,50000000000.0,25000000000.0,22656350000.0,12268850000.0,148,62,9,504000000.0,0.0,150000000.0,18000000.0,55128000.0,22656350.0,26480544.31422247,26480544.31422247,6.761904761904762,37,17
h2_jackpot_cap,cap_150m,150 mil. €,Vyšší strop jackpotu 150 mil. €.,149,270574,1000,25000000,0.5,150000000.0,50000000000.0,25000000000.0,22679550000.0,12292050000.0,140,82,12,666000000.0,0.0,150000000.0,0.0,58857000.0,22679550.0,26895898.46607657,26895898.46607657,7.288135593220339,36,17
h2_jackpot_cap,cap_150m,150 mil. €,Vyšší strop jackpotu 150 mil. €.,150,270575,1000,25000000,0.5,150000000.0,50000000000.0,25000000000.0,22597250000.0,12209750000.0,171,40,8,312000000.0,0.0,150000000.0,99000000.0,50061000.0,22597250.0,25604125.25233971,25604125.25233971,5.838028169014085,33,17
h2_jackpot_cap,cap_150m,150 mil. €,Vyšší strop jackpotu 150 mil. €.,151,270576,1000,25000000,0.5,150000000.0,50000000000.0,25000000000.0,22651250000.0,12263750000.0,151,91,7,777000000.0,0.0,150000000.0,9000000.0,58671000.0,22651250.0,26022296.41936891,26022296.41936891,6.738095238095238,62,17
h2_jackpot_cap,cap_150m,150 mil. €,Vyšší strop jackpotu 150 mil. €.,152,270577,1000,25000000,0.5,150000000.0,50000000000.0,25000000000.0,22640500000.0,12253000000.0,174,83,12,675000000.0,0.0,150000000.0,27000000.0,55533000.0,22640500.0,25855505.888495006,25855505.888495006,6.3538461538461535,35,17
h2_jackpot_cap,cap_150m,150 mil. €,Vyšší strop jackpotu 150 mil. €.,153,270578,1000,25000000,0.5,150000000.0,50000000000.0,25000000000.0,22601675000.0,12214175000.0,134,98,15,792000000.0,0.0,150000000.0,63000000.0,62040000.0,22601675.0,27426824.00510265,27426824.00510265,7.530434782608696,38,17
h2_jackpot_cap,cap_150m,150 mil. €,Vyšší strop jackpotu 150 mil. €.,154,270579,1000,25000000,0.5,150000000.0,50000000000.0,25000000000.0,22673225000.0,12285725000.0,139,101,14,825000000.0,0.0,150000000.0,9000000.0,63225000.0,22673225.0,27679892.492780298,27679892.492780298,7.422413793103448,33,17
h2_jackpot_cap,cap_150m,150 mil. €,Vyšší strop jackpotu 150 mil. €.,155,270580,1000,25000000,0.5,150000000.0,50000000000.0,25000000000.0,22590750000.0,12203250000.0,165,59,11,465000000.0,0.0,150000000.0,54000000.0,54243000.0,22590750.0,26428960.00484128,26428960.00484128,6.094890510948905,33,17
h2_jackpot_cap,cap_150m,150 mil. €,Vyšší strop jackpotu 150 mil. €.,156,270581,1000,25000000,0.5,150000000.0,50000000000.0,25000000000.0,22593887500.0,12206387500.0,178,46,6,378000000.0,0.0,150000000.0,99000000.0,48237000.0,22593887.5,24489067.132979847,24489067.132979847,5.63013698630137,34,17
h2_jackpot_cap,cap_150m,150 mil. €,Vyšší strop jackpotu 150 mil. €.,157,270582,1000,25000000,0.5,150000000.0,50000000000.0,25000000000.0,22664950000.0,12277450000.0,158,69,13,543000000.0,0.0,150000000.0,18000000.0,55308000.0,22664950.0,26425685.87563055,26425685.87563055,6.427480916030534,29,17
h2_jackpot_cap,cap_150m,150 mil. €,Vyšší strop jackpotu 150 mil. €.,158,270583,1000,25000000,0.5,150000000.0,50000000000.0,25000000000.0,22704850000.0,12317350000.0,159,60,11,474000000.0,0.0,150000000.0,0.0,54888000.0,22704850.0,26641800.501796044,26641800.501796044,6.276119402985074,30,17
h2_jackpot_cap,cap_150m,150 mil. €,Vyšší strop jackpotu 150 mil. €.,159,270584,1000,25000000,0.5,150000000.0,50000000000.0,25000000000.0,22588600000.0,12201100000.0,154,75,12,603000000.0,0.0,150000000.0,54000000.0,54306000.0,22588600.0,25658097.358144075,25658097.358144075,6.220588235294118,36,17
h2_jackpot_cap,cap_150m,150 mil. €,Vyšší strop jackpotu 150 mil. €.,160,270585,1000,25000000,0.5,150000000.0,50000000000.0,25000000000.0,22678250000.0,12290750000.0,168,64,8,528000000.0,0.0,150000000.0,0.0,52428000.0,22678250.0,25324010.630970363,25324010.630970363,5.942857142857143,36,17
h2_jackpot_cap,cap_150m,150 mil. €,Vyšší strop jackpotu 150 mil. €.,161,270586,1000,25000000,0.5,150000000.0,50000000000.0,25000000000.0,22676500000.0,12289000000.0,179,45,13,327000000.0,0.0,150000000.0,0.0,50754000.0,22676500.0,26071226.91301658,26071226.91301658,5.701388888888889,25,17
h2_jackpot_cap,cap_150m,150 mil. €,Vyšší strop jackpotu 150 mil. €.,162,270587,1000,25000000,0.5,150000000.0,50000000000.0,25000000000.0,22676500000.0,12289000000.0,184,21,4,165000000.0,0.0,150000000.0,9000000.0,44049000.0,22676500.0,24295019.50503436,24295019.50503436,5.1645569620253164,28,17
h2_jackpot_cap,cap_150m,150 mil. €,Vyšší strop jackpotu 150 mil. €.,163,270588,1000,25000000,0.5,150000000.0,50000000000.0,25000000000.0,22629837500.0,12242337500.0,168,58,9,468000000.0,0.0,150000000.0,36000000.0,51360000.0,22629837.5,25416150.35031552,25416150.35031552,5.985611510791367,27,17
h2_jackpot_cap,cap_150m,150 mil. €,Vyšší strop jackpotu 150 mil. €.,164,270589,1000,25000000,0.5,150000000.0,50000000000.0,25000000000.0,22628950000.0,12241450000.0,164,43,6,351000000.0,0.0,150000000.0,45000000.0,51342000.0,22628950.0,25870967.40358775,25870967.40358775,6.3816793893129775,35,17
h2_jackpot_cap,cap_150m,150 mil. €,Vyšší strop jackpotu 150 mil. €.,165,270590,1000,25000000,0.5,150000000.0,50000000000.0,25000000000.0,22700550000.0,12313050000.0,195,12,3,90000000.0,0.0,150000000.0,0.0,41670000.0,22700550.0,23864927.65959076,23864927.65959076,5.127388535031847,20,17
h2_jackpot_cap,cap_150m,150 mil. €,Vyšší strop jackpotu 150 mil. €.,166,270591,1000,25000000,0.5,150000000.0,50000000000.0,25000000000.0,22665350000.0,12277850000.0,174,32,8,240000000.0,0.0,150000000.0,18000000.0,47682000.0,22665350.0,25352720.403883684,25352720.403883684,5.696551724137931,24,17
h2_jackpot_cap,cap_150m,150 mil. €,Vyšší strop jackpotu 150 mil. €.,167,270592,1000,25000000,0.5,150000000.0,50000000000.0,25000000000.0,22673100000.0,12285600000.0,177,34,5,276000000.0,0.0,150000000.0,18000000.0,45453000.0,22673100.0,24246718.775743656,24246718.775743656,5.5608108108108105,26,17
h2_jackpot_cap,cap_150m,150 mil. €,Vyšší strop jackpotu 150 mil. €.,168,270593,1000,25000000,0.5,150000000.0,50000000000.0,25000000000.0,22636600000.0,12249100000.0,168,29,7,219000000.0,0.0,150000000.0,27000000.0,49479000.0,22636600.0,26015828.84399419,26015828.84399419,5.942857142857143,24,17
h2_jackpot_cap,cap_150m,150 mil. €,Vyšší strop jackpotu 150 mil. €.,169,270594,1000,25000000,0.5,150000000.0,50000000000.0,25000000000.0,22600600000.0,12213100000.0,155,42,6,342000000.0,0.0,150000000.0,45000000.0,49905000.0,22600600.0,25414009.711967926,25414009.711967926,6.1231884057971016,36,17
h2_jackpot_cap,cap_150m,150 mil. €,Vyšší strop jackpotu 150 mil. €.,170,270595,1000,25000000,0.5,150000000.0,50000000000.0,25000000000.0,22623437500.0,12235937500.0,182,42,7,336000000.0,0.0,150000000.0,54000000.0,48189000.0,22623437.5,24910281.603985205,24910281.603985205,5.243589743589744,31,17
h2_jackpot_cap,cap_150m,150 mil. €,Vyšší strop jackpotu 150 mil. €.,171,270596,1000,25000000,0.5,150000000.0,50000000000.0,25000000000.0,22655150000.0,12267650000.0,146,86,11,708000000.0,0.0,150000000.0,45000000.0,59247000.0,22655150.0,26780719.38872255,26780719.38872255,7.426086956521739,36,17
h2_jackpot_cap,cap_150m,150 mil. €,Vyšší strop jackpotu 150 mil. €.,172,270597,1000,25000000,0.5,150000000.0,50000000000.0,25000000000.0,22662400000.0,12274900000.0,175,42,9,324000000.0,0.0,150000000.0,27000000.0,49572000.0,22662400.0,25614795.846151106,25614795.846151106,5.612244897959184,25,17
h2_jackpot_cap,cap_150m,150 mil. €,Vyšší strop jackpotu 150 mil. €.,173,270598,1000,25000000,0.5,150000000.0,50000000000.0,25000000000.0,22667500000.0,12280000000.0,152,89,11,735000000.0,0.0,150000000.0,0.0,57870000.0,22667500.0,26149123.67078484,26149123.67078484,6.784,31,17
h2_jackpot_cap,cap_150m,150 mil. €,Vyšší strop jackpotu 150 mil. €.,174,270599,1000,25000000,0.5,150000000.0,50000000000.0,25000000000.0,22657787500.0,12270287500.0,187,25,9,171000000.0,0.0,150000000.0,27000000.0,46248000.0,22657787.5,25133194.027244005,25133194.027244005,5.645833333333333,22,17
h2_jackpot_cap,cap_150m,150 mil. €,Vyšší strop jackpotu 150 mil. €.,175,270600,1000,25000000,0.5,150000000.0,50000000000.0,25000000000.0,22574000000.0,12186500000.0,174,54,5,456000000.0,0.0,150000000.0,81000000.0,50190000.0,22574000.0,24747109.406959027,24747109.406959027,5.776223776223776,40,17
h2_jackpot_cap,cap_150m,150 mil. €,Vyšší strop jackpotu 150 mil. €.,176,270601,1000,25000000,0.5,150000000.0,50000000000.0,25000000000.0,22673100000.0,12285600000.0,164,93,15,747000000.0,0.0,150000000.0,0.0,57564000.0,22673100.0,26193802.156044472,26193802.156044472,6.3816793893129775,32,17
h2_jackpot_cap,cap_150m,150 mil. €,Vyšší strop jackpotu 150 mil. €.,177,270602,1000,25000000,0.5,150000000.0,50000000000.0,25000000000.0,22685637500.0,12298137500.0,148,84,13,678000000.0,0.0,150000000.0,9000000.0,57225000.0,22685637.5,26316126.237059355,26316126.237059355,6.708661417322834,32,17
h2_jackpot_cap,cap_150m,150 mil. €,Vyšší strop jackpotu 150 mil. €.,178,270603,1000,25000000,0.5,150000000.0,50000000000.0,25000000000.0,22552250000.0,12164750000.0,175,65,6,549000000.0,0.0,150000000.0,126000000.0,51087000.0,22552250.0,24421160.03464004,24421160.03464004,5.851063829787234,37,17
h2_jackpot_cap,cap_150m,150 mil. €,Vyšší strop jackpotu 150 mil. €.,179,270604,1000,25000000,0.5,150000000.0,50000000000.0,25000000000.0,22550100000.0,12162600000.0,161,59,9,477000000.0,0.0,150000000.0,135000000.0,53283000.0,22550100.0,25722251.553664584,25722251.553664584,6.30827067669173,30,17
h2_jackpot_cap,cap_150m,150 mil. €,Vyšší strop jackpotu 150 mil. €.,180,270605,1000,25000000,0.5,150000000.0,50000000000.0,25000000000.0,22658500000.0,12271000000.0,156,112,16,912000000.0,0.0,150000000.0,0.0,61299000.0,22658500.0,26582625.956628136,26582625.956628136,6.806451612903226,44,17
h2_jackpot_cap,cap_150m,150 mil. €,Vyšší strop jackpotu 150 mil. €.,181,270606,1000,25000000,0.5,150000000.0,50000000000.0,25000000000.0,22514950000.0,12127450000.0,151,97,13,795000000.0,0.0,150000000.0,150000000.0,59634000.0,22514950.0,26011827.290628776,26011827.290628776,7.016528925619835,37,17
h2_jackpot_cap,cap_150m,150 mil. €,Vyšší strop jackpotu 150 mil. €.,182,270607,1000,25000000,0.5,150000000.0,50000000000.0,25000000000.0,22660250000.0,12272750000.0,169,41,5,339000000.0,0.0,150000000.0,27000000.0,48501000.0,22660250.0,24874121.239503115,24874121.239503115,5.811188811188811,35,17
h2_jackpot_cap,cap_150m,150 mil. €,Vyšší strop jackpotu 150 mil. €.,183,270608,1000,25000000,0.5,150000000.0,50000000000.0,25000000000.0,22650400000.0,12262900000.0,165,55,9,441000000.0,0.0,150000000.0,36000000.0,51990000.0,22650400.0,25767175.2398279,25767175.2398279,5.921985815602837,31,17
h2_jackpot_cap,cap_150m,150 mil. €,Vyšší strop jackpotu 150 mil. €.,184,270609,1000,25000000,0.5,150000000.0,50000000000.0,25000000000.0,22666287500.0,12278787500.0,163,49,9,387000000.0,0.0,150000000.0,9000000.0,51189000.0,22666287.5,25741698.90224019,25741698.90224019,6.065217391304348,33,17
h2_jackpot_cap,cap_150m,150 mil. €,Vyšší strop jackpotu 150 mil. €.,185,270610,1000,25000000,0.5,150000000.0,50000000000.0,25000000000.0,22678650000.0,12291150000.0,180,37,9,279000000.0,0.0,150000000.0,9000000.0,48912000.0,22678650.0,25681424.447983798,25681424.447983798,5.54054054054054,26,17
h2_jackpot_cap,cap_150m,150 mil. €,Vyšší strop jackpotu 150 mil. €.,186,270611,1000,25000000,0.5,150000000.0,50000000000.0,25000000000.0,22524887500.0,12137387500.0,163,58,9,468000000.0,0.0,150000000.0,150000000.0,52233000.0,22524887.5,25233943.499155927,25233943.499155927,6.246268656716418,38,17
h2_jackpot_cap,cap_150m,150 mil. €,Vyšší strop jackpotu 150 mil. €.,187,270612,1000,25000000,0.5,150000000.0,50000000000.0,25000000000.0,22660250000.0,12272750000.0,176,35,9,261000000.0,0.0,150000000.0,36000000.0,48513000.0,22660250.0,25593155.48027441,25593155.48027441,5.605442176870748,25,17
h2_jackpot_cap,cap_150m,150 mil. €,Vyšší strop jackpotu 150 mil. €.,188,270613,1000,25000000,0.5,150000000.0,50000000000.0,25000000000.0,22671475000.0,12283975000.0,168,41,7,327000000.0,0.0,150000000.0,0.0,50235000.0,22671475.0,25701799.336561535,25701799.336561535,5.859154929577465,25,17
h2_jackpot_cap,cap_150m,150 mil. €,Vyšší strop jackpotu 150 mil. €.,189,270614,1000,25000000,0.5,150000000.0,50000000000.0,25000000000.0,22565950000.0,12178450000.0,158,80,10,660000000.0,0.0,150000000.0,117000000.0,55977000.0,22565950.0,25725486.06144304,25725486.06144304,6.476923076923077,46,17
h2_jackpot_cap,cap_150m,150 mil. €,Vyšší strop jackpotu 150 mil. €.,190,270615,1000,25000000,0.5,150000000.0,50000000000.0,25000000000.0,22647750000.0,12260250000.0,163,119,10,1011000000.0,0.0,150000000.0,0.0,58704000.0,22647750.0,24862564.88050861,24862564.88050861,6.293233082706767,49,17
h2_jackpot_cap,cap_150m,150 mil. €,Vyšší strop jackpotu 150 mil. €.,191,270616,1000,25000000,0.5,150000000.0,50000000000.0,25000000000.0,22619550000.0,12232050000.0,157,97,11,807000000.0,0.0,150000000.0,63000000.0,56748000.0,22619550.0,25145832.662640147,25145832.662640147,6.198529411764706,38,17
h2_jackpot_cap,cap_150m,150 mil. €,Vyšší strop jackpotu 150 mil. €.,192,270617,1000,25000000,0.5,150000000.0,50000000000.0,25000000000.0,22683350000.0,12295850000.0,144,62,11,492000000.0,0.0,150000000.0,0.0,56061000.0,22683350.0,26910389.35573954,26910389.35573954,6.74015748031496,26,17
h2_jackpot_cap,cap_150m,150 mil. €,Vyšší strop jackpotu 150 mil. €.,193,270618,1000,25000000,0.5,150000000.0,50000000000.0,25000000000.0,22647350000.0,12259850000.0,167,35,8,267000000.0,0.0,150000000.0,36000000.0,49671000.0,22647350.0,25913966.513783645,25913966.513783645,6.08029197080292,27,17
h2_jackpot_cap,cap_150m,150 mil. €,Vyšší strop jackpotu 150 mil. €.,194,270619,1000,25000000,0.5,150000000.0,50000000000.0,25000000000.0,22635400000.0,12247900000.0,144,95,11,789000000.0,0.0,150000000.0,36000000.0,58095000.0,22635400.0,26007001.11200828,26007001.11200828,6.7936507936507935,41,17
h2_jackpot_cap,cap_150m,150 mil. €,Vyšší strop jackpotu 150 mil. €.,195,270620,1000,25000000,0.5,150000000.0,50000000000.0,25000000000.0,22700150000.0,12312650000.0,158,56,9,450000000.0,0.0,150000000.0,9000000.0,52770000.0,22700150.0,25959966.14939049,25959966.14939049,6.378787878787879,26,17
h2_jackpot_cap,cap_150m,150 mil. €,Vyšší strop jackpotu 150 mil. €.,196,270621,1000,25000000,0.5,150000000.0,50000000000.0,25000000000.0,22532900000.0,12145400000.0,169,20,6,144000000.0,0.0,150000000.0,144000000.0,46218000.0,22532900.0,24936556.14935631,24936556.14935631,5.691780821917808,21,17
h2_jackpot_cap,cap_150m,150 mil. €,Vyšší strop jackpotu 150 mil. €.,197,270622,1000,25000000,0.5,150000000.0,50000000000.0,25000000000.0,22676500000.0,12289000000.0,170,34,9,252000000.0,0.0,150000000.0,9000000.0,49128000.0,22676500.0,25860401.63551216,25860401.63551216,5.804195804195804,22,17
h2_jackpot_cap,cap_150m,150 mil. €,Vyšší strop jackpotu 150 mil. €.,198,270623,1000,25000000,0.5,150000000.0,50000000000.0,25000000000.0,22593750000.0,12206250000.0,154,91,14,735000000.0,0.0,150000000.0,45000000.0,57549000.0,22593750.0,26244678.954742424,26244678.954742424,6.661417322834645,32,17
h2_jackpot_cap,cap_150m,150 mil. €,Vyšší strop jackpotu 150 mil. €.,199,270624,1000,25000000,0.5,150000000.0,50000000000.0,25000000000.0,22627600000.0,12240100000.0,147,58,6,486000000.0,0.0,150000000.0,36000000.0,53700000.0,22627600.0,25970528.070102848,25970528.070102848,6.879032258064516,47,17
h2_jackpot_cap,cap_150m,150 mil. €,Vyšší strop jackpotu 150 mil. €.,200,270625,1000,25000000,0.5,150000000.0,50000000000.0,25000000000.0,22633250000.0,12245750000.0,183,47,8,375000000.0,0.0,150000000.0,54000000.0,47169000.0,22633250.0,24386277.533430558,24386277.533430558,5.63448275862069,27,17
