experiment,scenario,label_cs,description,repetition,seed,draws,tickets_sold_per_draw,prize_pool_share,jackpot_cap,jackpot_share,class11_share,class12_share,total_ticket_sales,total_prize_pool,total_actual_payout,total_actual_upper_tier_payout,jackpot_hits,jackpot_cap_hits,cap_reach_count,total_overflow_to_class2,total_overflow_to_class3,max_jackpot_fund_observed,final_jackpot_carryover,average_jackpot_available,average_total_payout,payout_std_dev,upper_tier_payout_std_dev,average_rollover_length,longest_rollover_length,average_time_to_cap
h3_prize_structure,structure_standard,Standardní,Oficiální rozdělení fondu mezi výherní třídy.,1,350426,1000,10000000,0.5,120000000.0,0.36,0.0675,0.203,20000000000.0,10000000000.0,8878600000.0,4723600000.0,71,19,4,63600000.0,0.0,120000000.0,10800000.0,41364000.0,8878600.0,16125748.895477692,16125748.895477692,13.46376811594203,44,34
h3_prize_structure,structure_standard,Standardní,Oficiální rozdělení fondu mezi výherní třídy.,2,350427,1000,10000000,0.5,120000000.0,0.36,0.0675,0.203,20000000000.0,10000000000.0,8785615000.0,4630615000.0,78,53,5,184800000.0,0.0,120000000.0,32400000.0,41302800.0,8785615.0,15077339.085421372,15077339.085421372,12.805555555555555,51,34
h3_prize_structure,structure_standard,Standardní,Oficiální rozdělení fondu mezi výherní třídy.,3,350428,1000,10000000,0.5,120000000.0,0.36,0.0675,0.203,20000000000.0,10000000000.0,8756645000.0,4601645000.0,63,163,7,578400000.0,0.0,120000000.0,18000000.0,53478000.0,8756645.0,15064063.555992287,15064063.555992287,15.360655737704919,94,34
h3_prize_structure,structure_standard,Standardní,Oficiální rozdělení fondu mezi výherní třídy.,4,350429,1000,10000000,0.5,120000000.0,0.36,0.0675,0.203,20000000000.0,10000000000.0,8777875000.0,4622875000.0,64,73,7,254400000.0,0.0,120000000.0,43200000.0,46803600.0,8777875.0,15849545.690945687,15849545.690945687,15.096774193548388,61,34
h3_prize_structure,structure_standard,Standardní,Oficiální rozdělení fondu mezi výherní třídy.,5,350430,1000,10000000,0.5,120000000.0,0.36,0.0675,0.203,20000000000.0,10000000000.0,8729595000.0,4574595000.0,66,106,7,373200000.0,0.0,120000000.0,57600000.0,49291200.0,8729595.0,15530770.697585326,15530770.697585326,16.103448275862068,74,34
h3_prize_structure,structure_standard,Standardní,Oficiální rozdělení fondu mezi výherní třídy.,6,350431,1000,10000000,0.5,120000000.0,0.36,0.0675,0.203,20000000000.0,10000000000.0,8810630000.0,4655630000.0,63,59,5,206400000.0,0.0,120000000.0,0.0,45244800.0,8810630.0,15970673.087039882,15970673.087039882,15.616666666666667,64,34
h3_prize_structure,structure_standard,Standardní,Oficiální rozdělení fondu mezi výherní třídy.,7,350432,1000,10000000,0.5,120000000.0,0.36,0.0675,0.203,20000000000.0,10000000000.0,8648860000.0,4493860000.0,79,86,6,302400000.0,0.0,120000000.0,120000000.0,45826800.0,8648860.0,14898670.561509842,14898670.561509842,12.971830985915492,69,34
h3_prize_structure,structure_standard,Standardní,Oficiální rozdělení fondu mezi výherní třídy.,8,350433,1000,10000000,0.5,120000000.0,0.36,0.0675,0.203,20000000000.0,10000000000.0,8759715000.0,4604715000.0,72,41,4,142800000.0,0.0,120000000.0,100800000.0,43273200.0,8759715.0,15680078.282450473,15680078.282450473,13.44927536231884,46,34
h3_prize_structure,structure_standard,Standardní,Oficiální rozdělení fondu mezi výherní třídy.,9,350434,1000,10000000,0.5,120000000.0,0.36,0.0675,0.203,20000000000.0,10000000000.0,8826045000.0,4671045000.0,58,55,9,187200000.0,0.0,120000000.0,3600000.0,46815600.0,8826045.0,16449993.04963303,16449993.04963303,16.24137931034483,47,34
h3_prize_structure,structure_standard,Standardní,Oficiální rozdělení fondu mezi výherní třídy.,10,350435,1000,10000000,0.5,120000000.0,0.36,0.0675,0.203,20000000000.0,10000000000.0,8791730000.0,4636730000.0,66,61,7,211200000.0,0.0,120000000.0,46800000.0,45871200.0,8791730.0,15972341.361149905,15972341.361149905,14.825396825396826,71,34
h3_prize_structure,structure_standard,Standardní,Oficiální rozdělení fondu mezi výherní třídy.,11,350436,1000,10000000,0.5,120000000.0,0.36,0.0675,0.203,20000000000.0,10000000000.0,8848205000.0,4693205000.0,77,47,4,164400000.0,0.0,120000000.0,0.0,42438000.0,8848205.0,15599035.62573581,15599035.62573581,14.2,53,34
h3_prize_structure,structure_standard,Standardní,Oficiální rozdělení fondu mezi výherní třídy.,12,350437,1000,10000000,0.5,120000000.0,0.36,0.0675,0.203,20000000000.0,10000000000.0,8759175000.0,4604175000.0,81,90,6,316800000.0,0.0,120000000.0,36000000.0,45064800.0,8759175.0,15013982.377916094,15013982.377916094,12.58904109589041,72,34
h3_prize_structure,structure_standard,Standardní,Oficiální rozdělení fondu mezi výherní třídy.,13,350438,1000,10000000,0.5,120000000.0,0.36,0.0675,0.203,20000000000.0,10000000000.0,8767330000.0,4612330000.0,76,49,5,170400000.0,0.0,120000000.0,61200000.0,42626400.0,8767330.0,15539159.675513346,15539159.675513346,12.657534246575343,61,34
h3_prize_structure,structure_standard,Standardní,Oficiální rozdělení fondu mezi výherní třídy.,14,350439,1000,10000000,0.5,120000000.0,0.36,0.0675,0.203,20000000000.0,10000000000.0,8676195000.0,4521195000.0,66,124,8,436800000.0,0.0,120000000.0,120000000.0,51846000.0,8676195.0,15333978.20355093,15333978.20355093,15.064516129032258,68,34
h3_prize_structure,structure_standard,Standardní,Oficiální rozdělení fondu mezi výherní třídy.,15,350440,1000,10000000,0.5,120000000.0,0.36,0.0675,0.203,20000000000.0,10000000000.0,8777590000.0,4622590000.0,82,72,4,254400000.0,0.0,120000000.0,28800000.0,43540800.0,8777590.0,15124192.055838883,15124192.055838883,12.078947368421053,73,34
h3_prize_structure,structure_standard,Standardní,Oficiální rozdělení fondu mezi výherní třídy.,16,350441,1000,10000000,0.5,120000000.0,0.36,0.0675,0.203,20000000000.0,10000000000.0,8760315000.0,4605315000.0,73,54,6,187200000.0,0.0,120000000.0,64800000.0,43700400.0,8760315.0,15648867.033295892,15648867.033295892,13.434782608695652,45,34
h3_prize_structure,structure_standard,Standardní,Oficiální rozdělení fondu mezi výherní třídy.,17,350442,1000,10000000,0.5,120000000.0,0.36,0.0675,0.203,20000000000.0,10000000000.0,8784260000.0,4629260000.0,74,90,7,315600000.0,0.0,120000000.0,18000000.0,47335200.0,8784260.0,15586793.77397417,15586793.77397417,14.030303030303031,73,34
h3_prize_structure,structure_standard,Standardní,Oficiální rozdělení fondu mezi výherní třídy.,18,350443,1000,10000000,0.5,120000000.0,0.36,0.0675,0.203,20000000000.0,10000000000.0,8713290000.0,4558290000.0,69,102,5,361200000.0,0.0,120000000.0,64800000.0,45829200.0,8713290.0,14712952.145164477,14712952.145164477,13.691176470588236,82,34
h3_prize_structure,structure_standard,Standardní,Oficiální rozdělení fondu mezi výherní třídy.,19,350444,1000,10000000,0.5,120000000.0,0.36,0.0675,0.203,20000000000.0,10000000000.0,8735915000.0,4580915000.0,62,99,6,349200000.0,0.0,120000000.0,32400000.0,49154400.0,8735915.0,15729139.380073374,15729139.380073374,17.054545454545455,63,34
h3_prize_structure,structure_standard,Standardní,Oficiální rozdělení fondu mezi výherní třídy.,20,350445,1000,10000000,0.5,120000000.0,0.36,0.0675,0.203,20000000000.0,10000000000.0,8790965000.0,4635965000.0,64,83,7,290400000.0,0.0,120000000.0,3600000.0,47740800.0,8790965.0,15836983.186319767,15836983.186319767,15.864406779661017,61,34
h3_prize_structure,structure_standard,Standardní,Oficiální rozdělení fondu mezi výherní třídy.,21,350446,1000,10000000,0.5,120000000.0,0.36,0.0675,0.203,20000000000.0,10000000000.0,8628060000.0,4473060000.0,62,198,7,704400000.0,0.0,120000000.0,72000000.0,56382000.0,8628060.0,14587011.987943247,14587011.987943247,15.898305084745763,134,34
h3_prize_structure,structure_standard,Standardní,Oficiální rozdělení fondu mezi výherní třídy.,22,350447,1000,10000000,0.5,120000000.0,0.36,0.0675,0.203,20000000000.0,10000000000.0,8778295000.0,4623295000.0,66,92,7,322800000.0,0.0,120000000.0,14400000.0,46300800.0,8778295.0,15335978.870550618,15335978.870550618,14.825396825396826,66,34
h3_prize_structure,structure_standard,Standardní,Oficiální rozdělení fondu mezi výherní třídy.,23,350448,1000,10000000,0.5,120000000.0,0.36,0.0675,0.203,20000000000.0,10000000000.0,8689175000.0,4534175000.0,50,169,9,597600000.0,0.0,120000000.0,18000000.0,58285200.0,8689175.0,16026371.655629823,16026371.655629823,19.387755102040817,109,34
h3_prize_structure,structure_standard,Standardní,Oficiální rozdělení fondu mezi výherní třídy.,24,350449,1000,10000000,0.5,120000000.0,0.36,0.0675,0.203,20000000000.0,10000000000.0,8699765000.0,4544765000.0,61,175,7,621600000.0,0.0,120000000.0,18000000.0,54018000.0,8699765.0,14759002.111246377,14759002.111246377,16.473684210526315,71,34
h3_prize_structure,structure_standard,Standardní,Oficiální rozdělení fondu mezi výherní třídy.,25,350450,1000,10000000,0.5,120000000.0,0.36,0.0675,0.203,20000000000.0,10000000000.0,8822800000.0,4667800000.0,87,19,4,63600000.0,0.0,120000000.0,28800000.0,36860400.0,8822800.0,15077867.165484646,15077867.165484646,11.134146341463415,40,34
h3_prize_structure,structure_standard,Standardní,Oficiální rozdělení fondu mezi výherní třídy.,26,350451,1000,10000000,0.5,120000000.0,0.36,0.0675,0.203,20000000000.0,10000000000.0,8802035000.0,4647035000.0,72,68,5,238800000.0,0.0,120000000.0,18000000.0,42660000.0,8802035.0,14990036.480401741,14990036.480401741,13.647058823529411,74,34
h3_prize_structure,structure_standard,Standardní,Oficiální rozdělení fondu mezi výherní třídy.,27,350452,1000,10000000,0.5,120000000.0,0.36,0.0675,0.203,20000000000.0,10000000000.0,8674430000.0,4519430000.0,75,102,5,361200000.0,0.0,120000000.0,111600000.0,45760800.0,8674430.0,14516273.35183173,14516273.35183173,12.847222222222221,87,34
h3_prize_structure,structure_standard,Standardní,Oficiální rozdělení fondu mezi výherní třídy.,28,350453,1000,10000000,0.5,120000000.0,0.36,0.0675,0.203,20000000000.0,10000000000.0,8737855000.0,4582855000.0,59,93,5,328800000.0,0.0,120000000.0,39600000.0,47971200.0,8737855.0,15591702.47997232,15591702.47997232,15.683333333333334,77,34
h3_prize_structure,structure_standard,Standardní,Oficiální rozdělení fondu mezi výherní třídy.,29,350454,1000,10000000,0.5,120000000.0,0.36,0.0675,0.203,20000000000.0,10000000000.0,8736515000.0,4581515000.0,64,149,10,524400000.0,0.0,120000000.0,14400000.0,54073200.0,8736515.0,15687777.407261202,15687777.407261202,15.6,66,34
h3_prize_structure,structure_standard,Standardní,Oficiální rozdělení fondu mezi výherní třídy.,30,350455,1000,10000000,0.5,120000000.0,0.36,0.0675,0.203,20000000000.0,10000000000.0,8826270000.0,4671270000.0,79,23,2,80400000.0,0.0,120000000.0,14400000.0,37447200.0,8826270.0,15025416.062029697,15025416.062029697,12.616438356164384,54,34
h3_prize_structure,structure_standard,Standardní,Oficiální rozdělení fondu mezi výherní třídy.,31,350456,1000,10000000,0.5,120000000.0,0.36,0.0675,0.203,20000000000.0,10000000000.0,8805840000.0,4650840000.0,75,79,7,276000000.0,0.0,120000000.0,3600000.0,44967600.0,8805840.0,15351633.596930329,15351633.596930329,13.214285714285714,61,34
h3_prize_structure,structure_standard,Standardní,Oficiální rozdělení fondu mezi výherní třídy.,32,350457,1000,10000000,0.5,120000000.0,0.36,0.0675,0.203,20000000000.0,10000000000.0,8754485000.0,4599485000.0,63,136,6,482400000.0,0.0,120000000.0,18000000.0,50757600.0,8754485.0,15037497.556434548,15037497.556434548,15.616666666666667,82,34
h3_prize_structure,structure_standard,Standardní,Oficiální rozdělení fondu mezi výherní třídy.,33,350458,1000,10000000,0.5,120000000.0,0.36,0.0675,0.203,20000000000.0,10000000000.0,8686630000.0,4531630000.0,76,64,6,223200000.0,0.0,120000000.0,120000000.0,43438800.0,8686630.0,14978866.792688292,14978866.792688292,13.391304347826088,54,34
h3_prize_structure,structure_standard,Standardní,Oficiální rozdělení fondu mezi výherní třídy.,34,350459,1000,10000000,0.5,120000000.0,0.36,0.0675,0.203,20000000000.0,10000000000.0,8819815000.0,4664815000.0,70,42,7,142800000.0,0.0,120000000.0,43200000.0,45254400.0,8819815.0,16455007.14344345,16455007.14344345,13.880597014925373,43,34
h3_prize_structure,structure_standard,Standardní,Oficiální rozdělení fondu mezi výherní třídy.,35,350460,1000,10000000,0.5,120000000.0,0.36,0.0675,0.203,20000000000.0,10000000000.0,8787905000.0,4632905000.0,67,101,7,355200000.0,0.0,120000000.0,14400000.0,48406800.0,8787905.0,15484933.396239553,15484933.396239553,14.80952380952381,61,34
h3_prize_structure,structure_standard,Standardní,Oficiální rozdělení fondu mezi výherní třídy.,36,350461,1000,10000000,0.5,120000000.0,0.36,0.0675,0.203,20000000000.0,10000000000.0,8794125000.0,4639125000.0,66,64,7,222000000.0,0.0,120000000.0,18000000.0,43970400.0,8794125.0,15602187.28446031,15602187.28446031,15.064516129032258,56,34
h3_prize_structure,structure_standard,Standardní,Oficiální rozdělení fondu mezi výherní třídy.,37,350462,1000,10000000,0.5,120000000.0,0.36,0.0675,0.203,20000000000.0,10000000000.0,8758765000.0,4603765000.0,78,76,5,267600000.0,0.0,120000000.0,46800000.0,44095200.0,8758765.0,15163248.980669511,15163248.980669511,12.45945945945946,59,34
h3_prize_structure,structure_standard,Standardní,Oficiální rozdělení fondu mezi výherní třídy.,38,350463,1000,10000000,0.5,120000000.0,0.36,0.0675,0.203,20000000000.0,10000000000.0,8766385000.0,4611385000.0,63,126,5,447600000.0,0.0,120000000.0,18000000.0,51124800.0,8766385.0,15488009.901429396,15488009.901429396,15.88135593220339,122,34
h3_prize_structure,structure_standard,Standardní,Oficiální rozdělení fondu mezi výherní třídy.,39,350464,1000,10000000,0.5,120000000.0,0.36,0.0675,0.203,20000000000.0,10000000000.0,8819645000.0,4664645000.0,77,38,8,127200000.0,0.0,120000000.0,18000000.0,42285600.0,8819645.0,15902945.67207519,15902945.67207519,12.643835616438356,39,34
h3_prize_structure,structure_standard,Standardní,Oficiální rozdělení fondu mezi výherní třídy.,40,350465,1000,10000000,0.5,120000000.0,0.36,0.0675,0.203,20000000000.0,10000000000.0,8666460000.0,4511460000.0,67,171,6,608400000.0,0.0,120000000.0,36000000.0,52794000.0,8666460.0,14547080.939776199,14547080.939776199,14.136363636363637,160,34
h3_prize_structure,structure_standard,Standardní,Oficiální rozdělení fondu mezi výherní třídy.,41,350466,1000,10000000,0.5,120000000.0,0.36,0.0675,0.203,20000000000.0,10000000000.0,8749910000.0,4594910000.0,68,61,8,210000000.0,0.0,120000000.0,64800000.0,44880000.0,8749910.0,15754387.475935077,15754387.475935077,14.5625,50,34
h3_prize_structure,structure_standard,Standardní,Oficiální rozdělení fondu mezi výherní třídy.,42,350467,1000,10000000,0.5,120000000.0,0.36,0.0675,0.203,20000000000.0,10000000000.0,8754630000.0,4599630000.0,80,129,6,457200000.0,0.0,120000000.0,25200000.0,49327200.0,8754630.0,14965550.952540971,14965550.952540971,12.777777777777779,101,34
h3_prize_structure,structure_standard,Standardní,Oficiální rozdělení fondu mezi výherní třídy.,43,350468,1000,10000000,0.5,120000000.0,0.36,0.0675,0.203,20000000000.0,10000000000.0,8800530000.0,4645530000.0,66,81,7,283200000.0,0.0,120000000.0,14400000.0,47983200.0,8800530.0,16048589.419917876,16048589.419917876,14.59375,67,34
h3_prize_structure,structure_standard,Standardní,Oficiální rozdělení fondu mezi výherní třídy.,44,350469,1000,10000000,0.5,120000000.0,0.36,0.0675,0.203,20000000000.0,10000000000.0,8731680000.0,4576680000.0,72,111,6,392400000.0,0.0,120000000.0,46800000.0,46688400.0,8731680.0,14723588.464691615,14723588.464691615,14.06060606060606,54,34
h3_prize_structure,structure_standard,Standardní,Oficiální rozdělení fondu mezi výherní třídy.,45,350470,1000,10000000,0.5,120000000.0,0.36,0.0675,0.203,20000000000.0,10000000000.0,8701310000.0,4546310000.0,66,64,8,220800000.0,0.0,120000000.0,120000000.0,46366800.0,8701310.0,15735812.98293482,15735812.98293482,14.59375,59,34
h3_prize_structure,structure_standard,Standardní,Oficiální rozdělení fondu mezi výherní třídy.,46,350471,1000,10000000,0.5,120000000.0,0.36,0.0675,0.203,20000000000.0,10000000000.0,8833865000.0,4678865000.0,71,38,5,130800000.0,0.0,120000000.0,0.0,42199200.0,8833865.0,15759371.965175992,15759371.965175992,13.084507042253522,47,34
h3_prize_structure,structure_standard,Standardní,Oficiální rozdělení fondu mezi výherní třídy.,47,350472,1000,10000000,0.5,120000000.0,0.36,0.0675,0.203,20000000000.0,10000000000.0,8730910000.0,4575910000.0,83,86,6,302400000.0,0.0,120000000.0,72000000.0,42684000.0,8730910.0,14452581.908499949,14452581.908499949,12.06578947368421,59,34
h3_prize_structure,structure_standard,Standardní,Oficiální rozdělení fondu mezi výherní třídy.,48,350473,1000,10000000,0.5,120000000.0,0.36,0.0675,0.203,20000000000.0,10000000000.0,8824940000.0,4669940000.0,85,32,5,109200000.0,0.0,120000000.0,28800000.0,38667600.0,8824940.0,15149021.186083278,15149021.186083278,12.039473684210526,51,34
h3_prize_structure,structure_standard,Standardní,Oficiální rozdělení fondu mezi výherní třídy.,49,350474,1000,10000000,0.5,120000000.0,0.36,0.0675,0.203,20000000000.0,10000000000.0,8766065000.0,4611065000.0,60,114,6,403200000.0,0.0,120000000.0,36000000.0,50306400.0,8766065.0,15647319.60083819,15647319.60083819,15.666666666666666,60,34
h3_prize_structure,structure_standard,Standardní,Oficiální rozdělení fondu mezi výherní třídy.,50,350475,1000,10000000,0.5,120000000.0,0.36,0.0675,0.203,20000000000.0,10000000000.0,8782420000.0,4627420000.0,65,83,5,292800000.0,0.0,120000000.0,7200000.0,47484000.0,8782420.0,15824112.693721566,15824112.693721566,14.841269841269842,80,34
h3_prize_structure,structure_standard,Standardní,Oficiální rozdělení fondu mezi výherní třídy.,51,350476,1000,10000000,0.5,120000000.0,0.36,0.0675,0.203,20000000000.0,10000000000.0,8782195000.0,4627195000.0,77,67,7,232800000.0,0.0,120000000.0,18000000.0,44744400.0,8782195.0,15680034.212557541,15680034.212557541,12.643835616438356,46,34
h3_prize_structure,structure_standard,Standardní,Oficiální rozdělení fondu mezi výherní třídy.,52,350477,1000,10000000,0.5,120000000.0,0.36,0.0675,0.203,20000000000.0,10000000000.0,8767775000.0,4612775000.0,78,73,5,256800000.0,0.0,120000000.0,18000000.0,44912400.0,8767775.0,15387629.072549643,15387629.072549643,12.985915492957746,73,34
h3_prize_structure,structure_standard,Standardní,Oficiální rozdělení fondu mezi výherní třídy.,53,350478,1000,10000000,0.5,120000000.0,0.36,0.0675,0.203,20000000000.0,10000000000.0,8737925000.0,4582925000.0,72,46,4,160800000.0,0.0,120000000.0,108000000.0,41227200.0,8737925.0,14989275.928789055,14989275.928789055,13.44927536231884,50,34
h3_prize_structure,structure_standard,Standardní,Oficiální rozdělení fondu mezi výherní třídy.,54,350479,1000,10000000,0.5,120000000.0,0.36,0.0675,0.203,20000000000.0,10000000000.0,8658035000.0,4503035000.0,56,175,7,621600000.0,0.0,120000000.0,18000000.0,55771200.0,8658035.0,15284345.836959297,15284345.836959297,17.163636363636364,101,34
h3_prize_structure,structure_standard,Standardní,Oficiální rozdělení fondu mezi výherní třídy.,55,350480,1000,10000000,0.5,120000000.0,0.36,0.0675,0.203,20000000000.0,10000000000.0,8817775000.0,4662775000.0,73,61,6,212400000.0,0.0,120000000.0,3600000.0,44360400.0,8817775.0,15769371.965121979,15769371.965121979,13.056338028169014,52,34
h3_prize_structure,structure_standard,Standardní,Oficiální rozdělení fondu mezi výherní třídy.,56,350481,1000,10000000,0.5,120000000.0,0.36,0.0675,0.203,20000000000.0,10000000000.0,8656235000.0,4501235000.0,58,128,8,451200000.0,0.0,120000000.0,75600000.0,52236000.0,8656235.0,15574533.43281188,15574533.43281188,16.821428571428573,70,34
h3_prize_structure,structure_standard,Standardní,Oficiální rozdělení fondu mezi výherní třídy.,57,350482,1000,10000000,0.5,120000000.0,0.36,0.0675,0.203,20000000000.0,10000000000.0,8808870000.0,4653870000.0,63,55,10,186000000.0,0.0,120000000.0,50400000.0,49093200.0,8808870.0,16999141.851078834,16999141.851078834,16.43859649122807,43,34
h3_prize_structure,structure_standard,Standardní,Oficiální rozdělení fondu mezi výherní třídy.,58,350483,1000,10000000,0.5,120000000.0,0.36,0.0675,0.203,20000000000.0,10000000000.0,8730705000.0,4575705000.0,54,172,8,609600000.0,0.0,120000000.0,46800000.0,57332400.0,8730705.0,15595489.92426897,15595489.92426897,17.849056603773583,79,34
h3_prize_structure,structure_standard,Standardní,Oficiální rozdělení fondu mezi výherní třídy.,59,350484,1000,10000000,0.5,120000000.0,0.36,0.0675,0.203,20000000000.0,10000000000.0,8708980000.0,4553980000.0,72,103,6,363600000.0,0.0,120000000.0,50400000.0,47218800.0,8708980.0,15166677.525404172,15166677.525404172,13.850746268656716,87,34
h3_prize_structure,structure_standard,Standardní,Oficiální rozdělení fondu mezi výherní třídy.,60,350485,1000,10000000,0.5,120000000.0,0.36,0.0675,0.203,20000000000.0,10000000000.0,8792620000.0,4637620000.0,83,73,6,255600000.0,0.0,120000000.0,0.0,43204800.0,8792620.0,15127786.128036052,15127786.128036052,11.756410256410257,57,34
h3_prize_structure,structure_standard,Standardní,Oficiální rozdělení fondu mezi výherní třídy.,61,350486,1000,10000000,0.5,120000000.0,0.36,0.0675,0.203,20000000000.0,10000000000.0,8780220000.0,4625220000.0,76,58,6,201600000.0,0.0,120000000.0,46800000.0,43370400.0,8780220.0,15481925.098371971,15481925.098371971,13.014084507042254,52,34
h3_prize_structure,structure_standard,Standardní,Oficiální rozdělení fondu mezi výherní třídy.,62,350487,1000,10000000,0.5,120000000.0,0.36,0.0675,0.203,20000000000.0,10000000000.0,8768240000.0,4613240000.0,68,108,7,380400000.0,0.0,120000000.0,3600000.0,48289200.0,8768240.0,15373698.185615588,15373698.185615588,14.793650793650794,75,34
h3_prize_structure,structure_standard,Standardní,Oficiální rozdělení fondu mezi výherní třídy.,63,350488,1000,10000000,0.5,120000000.0,0.36,0.0675,0.203,20000000000.0,10000000000.0,8747870000.0,4592870000.0,70,109,6,385200000.0,0.0,120000000.0,14400000.0,46959600.0,8747870.0,14898293.493319964,14898293.493319964,14.090909090909092,68,34
h3_prize_structure,structure_standard,Standardní,Oficiální rozdělení fondu mezi výherní třídy.,64,350489,1000,10000000,0.5,120000000.0,0.36,0.0675,0.203,20000000000.0,10000000000.0,8807445000.0,4652445000.0,67,67,6,234000000.0,0.0,120000000.0,25200000.0,46884000.0,8807445.0,16138609.919908684,16138609.919908684,15.55,52,34
h3_prize_structure,structure_standard,Standardní,Oficiální rozdělení fondu mezi výherní třídy.,65,350490,1000,10000000,0.5,120000000.0,0.36,0.0675,0.203,20000000000.0,10000000000.0,8701770000.0,4546770000.0,78,112,4,398400000.0,0.0,120000000.0,79200000.0,43516800.0,8701770.0,13769925.759316932,13769925.759316932,12.293333333333333,89,34
h3_prize_structure,structure_standard,Standardní,Oficiální rozdělení fondu mezi výherní třídy.,66,350491,1000,10000000,0.5,120000000.0,0.36,0.0675,0.203,20000000000.0,10000000000.0,8780325000.0,4625325000.0,68,86,6,302400000.0,0.0,120000000.0,7200000.0,46827600.0,8780325.0,15622518.944439625,15622518.944439625,14.5625,59,34
h3_prize_structure,structure_standard,Standardní,Oficiální rozdělení fondu mezi výherní třídy.,67,350492,1000,10000000,0.5,120000000.0,0.36,0.0675,0.203,20000000000.0,10000000000.0,8819750000.0,4664750000.0,75,50,4,175200000.0,0.0,120000000.0,46800000.0,41264400.0,8819750.0,15174703.990111306,15174703.990111306,13.214285714285714,56,34
h3_prize_structure,structure_standard,Standardní,Oficiální rozdělení fondu mezi výherní třídy.,68,350493,1000,10000000,0.5,120000000.0,0.36,0.0675,0.203,20000000000.0,10000000000.0,8766580000.0,4611580000.0,84,71,6,248400000.0,0.0,120000000.0,93600000.0,41812800.0,8766580.0,14573789.555349013,14573789.555349013,11.743589743589743,56,34
h3_prize_structure,structure_standard,Standardní,Oficiální rozdělení fondu mezi výherní třídy.,69,350494,1000,10000000,0.5,120000000.0,0.36,0.0675,0.203,20000000000.0,10000000000.0,8762020000.0,4607020000.0,67,124,7,438000000.0,0.0,120000000.0,3600000.0,49561200.0,8762020.0,15233687.502361337,15233687.502361337,14.353846153846154,83,34
h3_prize_structure,structure_standard,Standardní,Oficiální rozdělení fondu mezi výherní třídy.,70,350495,1000,10000000,0.5,120000000.0,0.36,0.0675,0.203,20000000000.0,10000000000.0,8834090000.0,4679090000.0,79,33,3,115200000.0,0.0,120000000.0,0.0,39466800.0,8834090.0,15258864.640657246,15258864.640657246,12.445945945945946,59,34
h3_prize_structure,structure_standard,Standardní,Oficiální rozdělení fondu mezi výherní třídy.,71,350496,1000,10000000,0.5,120000000.0,0.36,0.0675,0.203,20000000000.0,10000000000.0,8779875000.0,4624875000.0,61,97,6,342000000.0,0.0,120000000.0,32400000.0,48147600.0,8779875.0,15611842.146568578,15611842.146568578,15.39344262295082,73,34
h3_prize_structure,structure_standard,Standardní,Oficiální rozdělení fondu mezi výherní třídy.,72,350497,1000,10000000,0.5,120000000.0,0.36,0.0675,0.203,20000000000.0,10000000000.0,8801090000.0,4646090000.0,78,58,6,201600000.0,0.0,120000000.0,21600000.0,43024800.0,8801090.0,15453062.795507563,15453062.795507563,12.293333333333333,62,34
h3_prize_structure,structure_standard,Standardní,Oficiální rozdělení fondu mezi výherní třídy.,73,350498,1000,10000000,0.5,120000000.0,0.36,0.0675,0.203,20000000000.0,10000000000.0,8713990000.0,4558990000.0,64,55,5,192000000.0,0.0,120000000.0,120000000.0,44008800.0,8713990.0,15328996.912058532,15328996.912058532,15.344262295081966,65,34
h3_prize_structure,structure_standard,Standardní,Oficiální rozdělení fondu mezi výherní třídy.,74,350499,1000,10000000,0.5,120000000.0,0.36,0.0675,0.203,20000000000.0,10000000000.0,8787325000.0,4632325000.0,67,104,9,363600000.0,0.0,120000000.0,0.0,51180000.0,8787325.0,16126118.792796208,16126118.792796208,14.80952380952381,55,34
h3_prize_structure,structure_standard,Standardní,Oficiální rozdělení fondu mezi výherní třídy.,75,350500,1000,10000000,0.5,120000000.0,0.36,0.0675,0.203,20000000000.0,10000000000.0,8803615000.0,4648615000.0,66,117,7,412800000.0,0.0,120000000.0,7200000.0,48152400.0,8803615.0,15083211.052583432,15083211.052583432,14.825396825396826,82,34
h3_prize_structure,structure_standard,Standardní,Oficiální rozdělení fondu mezi výherní třídy.,76,350501,1000,10000000,0.5,120000000.0,0.36,0.0675,0.203,20000000000.0,10000000000.0,8803105000.0,4648105000.0,70,54,6,187200000.0,0.0,120000000.0,14400000.0,45655200.0,8803105.0,16177521.986817852,16177521.986817852,14.307692307692308,44,34
h3_prize_structure,structure_standard,Standardní,Oficiální rozdělení fondu mezi výherní třídy.,77,350502,1000,10000000,0.5,120000000.0,0.36,0.0675,0.203,20000000000.0,10000000000.0,8819145000.0,4664145000.0,63,62,7,214800000.0,0.0,120000000.0,7200000.0,47769600.0,8819145.0,16427701.879568396,16427701.879568396,14.873015873015873,49,34
h3_prize_structure,structure_standard,Standardní,Oficiální rozdělení fondu mezi výherní třídy.,78,350503,1000,10000000,0.5,120000000.0,0.36,0.0675,0.203,20000000000.0,10000000000.0,8710340000.0,4555340000.0,62,86,6,302400000.0,0.0,120000000.0,100800000.0,46748400.0,8710340.0,15300958.652463578,15300958.652463578,15.129032258064516,54,34
h3_prize_structure,structure_standard,Standardní,Oficiální rozdělení fondu mezi výherní třídy.,79,350504,1000,10000000,0.5,120000000.0,0.36,0.0675,0.203,20000000000.0,10000000000.0,8764070000.0,4609070000.0,58,112,6,396000000.0,0.0,120000000.0,36000000.0,51214800.0,8764070.0,15808254.156772025,15808254.156772025,16.821428571428573,78,34
h3_prize_structure,structure_standard,Standardní,Oficiální rozdělení fondu mezi výherní třídy.,80,350505,1000,10000000,0.5,120000000.0,0.36,0.0675,0.203,20000000000.0,10000000000.0,8774060000.0,4619060000.0,59,93,9,324000000.0,0.0,120000000.0,0.0,51354000.0,8774060.0,16484904.698432442,16484904.698432442,16.224137931034484,55,34
h3_prize_structure,structure_standard,Standardní,Oficiální rozdělení fondu mezi výherní třídy.,81,350506,1000,10000000,0.5,120000000.0,0.36,0.0675,0.203,20000000000.0,10000000000.0,8670490000.0,4515490000.0,64,101,10,351600000.0,0.0,120000000.0,120000000.0,51693600.0,8670490.0,15863170.367549483,15863170.367549483,15.096774193548388,62,34
h3_prize_structure,structure_standard,Standardní,Oficiální rozdělení fondu mezi výherní třídy.,82,350507,1000,10000000,0.5,120000000.0,0.36,0.0675,0.203,20000000000.0,10000000000.0,8793595000.0,4638595000.0,83,62,5,217200000.0,0.0,120000000.0,0.0,42861600.0,8793595.0,15308050.551947331,15308050.551947331,12.391891891891891,55,34
h3_prize_structure,structure_standard,Standardní,Oficiální rozdělení fondu mezi výherní třídy.,83,350508,1000,10000000,0.5,120000000.0,0.36,0.0675,0.203,20000000000.0,10000000000.0,8723500000.0,4568500000.0,68,70,6,244800000.0,0.0,120000000.0,97200000.0,44418000.0,8723500.0,15151240.181912502,15151240.181912502,14.5625,68,34
h3_prize_structure,structure_standard,Standardní,Oficiální rozdělení fondu mezi výherní třídy.,84,350509,1000,10000000,0.5,120000000.0,0.36,0.0675,0.203,20000000000.0,10000000000.0,8664100000.0,4509100000.0,67,113,8,397200000.0,0.0,120000000.0,90000000.0,50007600.0,8664100.0,15429541.700582037,15429541.700582037,14.80952380952381,65,34
h3_prize_structure,structure_standard,Standardní,Oficiální rozdělení fondu mezi výherní třídy.,85,350510,1000,10000000,0.5,120000000.0,0.36,0.0675,0.203,20000000000.0,10000000000.0,8782490000.0,4627490000.0,74,89,4,315600000.0,0.0,120000000.0,46800000.0,45915600.0,8782490.0,15184414.988727752,15184414.988727752,13.82089552238806,86,34
h3_prize_structure,structure_standard,Standardní,Oficiální rozdělení fondu mezi výherní třídy.,86,350511,1000,10000000,0.5,120000000.0,0.36,0.0675,0.203,20000000000.0,10000000000.0,8660985000.0,4505985000.0,64,119,8,418800000.0,0.0,120000000.0,120000000.0,50468400.0,8660985.0,15120584.806970099,15120584.806970099,15.6,63,34
h3_prize_structure,structure_standard,Standardní,Oficiální rozdělení fondu mezi výherní třídy.,87,350512,1000,10000000,0.5,120000000.0,0.36,0.0675,0.203,20000000000.0,10000000000.0,8828135000.0,4673135000.0,73,80,6,280800000.0,0.0,120000000.0,10800000.0,45114000.0,8828135.0,15301887.940603113,15301887.940603113,13.632352941176471,58,34
h3_prize_structure,structure_standard,Standardní,Oficiální rozdělení fondu mezi výherní třídy.,88,350513,1000,10000000,0.5,120000000.0,0.36,0.0675,0.203,20000000000.0,10000000000.0,8780520000.0,4625520000.0,79,25,5,84000000.0,0.0,120000000.0,50400000.0,39944400.0,8780520.0,15588483.554521909,15588483.554521909,12.445945945945946,45,34
h3_prize_structure,structure_standard,Standardní,Oficiální rozdělení fondu mezi výherní třídy.,89,350514,1000,10000000,0.5,120000000.0,0.36,0.0675,0.203,20000000000.0,10000000000.0,8655620000.0,4500620000.0,71,137,7,484800000.0,0.0,120000000.0,118800000.0,52510800.0,8655620.0,15020394.905447725,15020394.905447725,14.515625,79,34
h3_prize_structure,structure_standard,Standardní,Oficiální rozdělení fondu mezi výherní třídy.,90,350515,1000,10000000,0.5,120000000.0,0.36,0.0675,0.203,20000000000.0,10000000000.0,8702000000.0,4547000000.0,55,117,8,411600000.0,0.0,120000000.0,32400000.0,53320800.0,8702000.0,16211211.413709957,16211211.413709957,18.529411764705884,56,34
h3_prize_structure,structure_standard,Standardní,Oficiální rozdělení fondu mezi výherní třídy.,91,350516,1000,10000000,0.5,120000000.0,0.36,0.0675,0.203,20000000000.0,10000000000.0,8680590000.0,4525590000.0,65,100,7,351600000.0,0.0,120000000.0,120000000.0,49572000.0,8680590.0,15425451.876749024,15425451.876749024,15.847457627118644,71,34
h3_prize_structure,structure_standard,Standardní,Oficiální rozdělení fondu mezi výherní třídy.,92,350517,1000,10000000,0.5,120000000.0,0.36,0.0675,0.203,20000000000.0,10000000000.0,8694605000.0,4539605000.0,54,169,11,595200000.0,0.0,120000000.0,39600000.0,59071200.0,8694605.0,16202221.821990186,16202221.821990186,19.708333333333332,67,34
h3_prize_structure,structure_standard,Standardní,Oficiální rozdělení fondu mezi výherní třídy.,93,350518,1000,10000000,0.5,120000000.0,0.36,0.0675,0.203,20000000000.0,10000000000.0,8767060000.0,4612060000.0,76,42,4,146400000.0,0.0,120000000.0,82800000.0,39775200.0,8767060.0,14913111.793197287,14913111.793197287,13.791044776119403,52,34
h3_prize_structure,structure_standard,Standardní,Oficiální rozdělení fondu mezi výherní třídy.,94,350519,1000,10000000,0.5,120000000.0,0.36,0.0675,0.203,20000000000.0,10000000000.0,8697305000.0,4542305000.0,79,74,7,258000000.0,0.0,120000000.0,120000000.0,43780800.0,8697305.0,14801344.439339792,14801344.439339792,13.157142857142857,54,34
h3_prize_structure,structure_standard,Standardní,Oficiální rozdělení fondu mezi výherní třídy.,95,350520,1000,10000000,0.5,120000000.0,0.36,0.0675,0.203,20000000000.0,10000000000.0,8806085000.0,4651085000.0,75,61,6,212400000.0,0.0,120000000.0,7200000.0,44565600.0,8806085.0,15784758.247999081,15784758.247999081,13.602941176470589,47,34
h3_prize_structure,structure_standard,Standardní,Oficiální rozdělení fondu mezi výherní třídy.,96,350521,1000,10000000,0.5,120000000.0,0.36,0.0675,0.203,20000000000.0,10000000000.0,8783480000.0,4628480000.0,69,60,7,207600000.0,0.0,120000000.0,79200000.0,44786400.0,8783480.0,15694886.32611272,15694886.32611272,14.323076923076924,49,34
h3_prize_structure,structure_standard,Standardní,Oficiální rozdělení fondu mezi výherní třídy.,97,350522,1000,10000000,0.5,120000000.0,0.36,0.0675,0.203,20000000000.0,10000000000.0,8712870000.0,4557870000.0,75,118,4,420000000.0,0.0,120000000.0,68400000.0,43873200.0,8712870.0,13703543.549502078,13703543.549502078,13.214285714285714,76,34
h3_prize_structure,structure_standard,Standardní,Oficiální rozdělení fondu mezi výherní třídy.,98,350523,1000,10000000,0.5,120000000.0,0.36,0.0675,0.203,20000000000.0,10000000000.0,8651535000.0,4496535000.0,74,101,5,357600000.0,0.0,120000000.0,120000000.0,44611200.0,8651535.0,14137171.929660296,14137171.929660296,12.684931506849315,64,34
h3_prize_structure,structure_standard,Standardní,Oficiální rozdělení fondu mezi výherní třídy.,99,350524,1000,10000000,0.5,120000000.0,0.36,0.0675,0.203,20000000000.0,10000000000.0,8807465000.0,4652465000.0,79,64,7,222000000.0,0.0,120000000.0,10800000.0,43614000.0,8807465.0,15479488.068045888,15479488.068045888,12.445945945945946,47,34
h3_prize_structure,structure_standard,Standardní,Oficiální rozdělení fondu mezi výherní třídy.,100,350525,1000,10000000,0.5,120000000.0,0.36,0.0675,0.203,20000000000.0,10000000000.0,8766325000.0,4611325000.0,64,124,8,436800000.0,0.0,120000000.0,7200000.0,51918000.0,8766325.0,15783442.861726176,15783442.861726176,15.6,71,34
h3_prize_structure,structure_standard,Standardní,Oficiální rozdělení fondu mezi výherní třídy.,101,350526,1000,10000000,0.5,120000000.0,0.36,0.0675,0.203,20000000000.0,10000000000.0,8717080000.0,4562080000.0,63,83,9,288000000.0,0.0,120000000.0,100800000.0,48670800.0,8717080.0,15878315.281338887,15878315.281338887,15.88135593220339,49,34
h3_prize_structure,structure_standard,Standardní,Oficiální rozdělení fondu mezi výherní třídy.,102,350527,1000,10000000,0.5,120000000.0,0.36,0.0675,0.203,20000000000.0,10000000000.0,8801995000.0,4646995000.0,74,86,5,303600000.0,0.0,120000000.0,10800000.0,44258400.0,8801995.0,14961308.938223789,14961308.938223789,13.82089552238806,78,34
h3_prize_structure,structure_standard,Standardní,Oficiální rozdělení fondu mezi výherní třídy.,103,350528,1000,10000000,0.5,120000000.0,0.36,0.0675,0.203,20000000000.0,10000000000.0,8778400000.0,4623400000.0,57,171,9,604800000.0,0.0,120000000.0,25200000.0,56440800.0,8778400.0,15505334.267277181,15505334.267277181,17.462962962962962,103,34
h3_prize_structure,structure_standard,Standardní,Oficiální rozdělení fondu mezi výherní třídy.,104,350529,1000,10000000,0.5,120000000.0,0.36,0.0675,0.203,20000000000.0,10000000000.0,8630180000.0,4475180000.0,56,227,7,808800000.0,0.0,120000000.0,32400000.0,60186000.0,8630180.0,14788650.637147393,14788650.637147393,17.81132075471698,99,34
h3_prize_structure,structure_standard,Standardní,Oficiální rozdělení fondu mezi výherní třídy.,105,350530,1000,10000000,0.5,120000000.0,0.36,0.0675,0.203,20000000000.0,10000000000.0,8708365000.0,4553365000.0,66,63,6,219600000.0,0.0,120000000.0,115200000.0,45921600.0,8708365.0,15613528.140743045,15613528.140743045,14.825396825396826,64,34
h3_prize_structure,structure_standard,Standardní,Oficiální rozdělení fondu mezi výherní třídy.,106,350531,1000,10000000,0.5,120000000.0,0.36,0.0675,0.203,20000000000.0,10000000000.0,8693075000.0,4538075000.0,67,152,6,540000000.0,0.0,120000000.0,28800000.0,50784000.0,8693075.0,14699261.004192524,14699261.004192524,14.80952380952381,85,34
h3_prize_structure,structure_standard,Standardní,Oficiální rozdělení fondu mezi výherní třídy.,107,350532,1000,10000000,0.5,120000000.0,0.36,0.0675,0.203,20000000000.0,10000000000.0,8772890000.0,4617890000.0,69,131,6,464400000.0,0.0,120000000.0,7200000.0,48886800.0,8772890.0,14810005.729164995,14810005.729164995,14.323076923076924,81,34
h3_prize_structure,structure_standard,Standardní,Oficiální rozdělení fondu mezi výherní třídy.,108,350533,1000,10000000,0.5,120000000.0,0.36,0.0675,0.203,20000000000.0,10000000000.0,8830100000.0,4675100000.0,72,49,6,169200000.0,0.0,120000000.0,14400000.0,42837600.0,8830100.0,15705885.253305526,15705885.253305526,13.647058823529411,55,34
h3_prize_structure,structure_standard,Standardní,Oficiální rozdělení fondu mezi výherní třídy.,109,350534,1000,10000000,0.5,120000000.0,0.36,0.0675,0.203,20000000000.0,10000000000.0,8778680000.0,4623680000.0,64,102,9,356400000.0,0.0,120000000.0,39600000.0,48769200.0,8778680.0,15573386.41585702,15573386.41585702,14.857142857142858,74,34
h3_prize_structure,structure_standard,Standardní,Oficiální rozdělení fondu mezi výherní třídy.,110,350535,1000,10000000,0.5,120000000.0,0.36,0.0675,0.203,20000000000.0,10000000000.0,8740725000.0,4585725000.0,66,111,8,390000000.0,0.0,120000000.0,57600000.0,49612800.0,8740725.0,15503153.477579167,15503153.477579167,14.59375,73,34
h3_prize_structure,structure_standard,Standardní,Oficiální rozdělení fondu mezi výherní třídy.,111,350536,1000,10000000,0.5,120000000.0,0.36,0.0675,0.203,20000000000.0,10000000000.0,8741030000.0,4586030000.0,83,118,7,416400000.0,0.0,120000000.0,14400000.0,46278000.0,8741030.0,14540194.761044296,14540194.761044296,12.06578947368421,73,34
h3_prize_structure,structure_standard,Standardní,Oficiální rozdělení fondu mezi výherní třídy.,112,350537,1000,10000000,0.5,120000000.0,0.36,0.0675,0.203,20000000000.0,10000000000.0,8835225000.0,4680225000.0,74,62,8,213600000.0,0.0,120000000.0,18000000.0,42858000.0,8835225.0,15379927.75582431,15379927.75582431,13.04225352112676,52,34
h3_prize_structure,structure_standard,Standardní,Oficiální rozdělení fondu mezi výherní třídy.,113,350538,1000,10000000,0.5,120000000.0,0.36,0.0675,0.203,20000000000.0,10000000000.0,8795425000.0,4640425000.0,68,93,9,324000000.0,0.0,120000000.0,3600000.0,48168000.0,8795425.0,15834460.661619486,15834460.661619486,14.338461538461539,69,34
h3_prize_structure,structure_standard,Standardní,Oficiální rozdělení fondu mezi výherní třídy.,114,350539,1000,10000000,0.5,120000000.0,0.36,0.0675,0.203,20000000000.0,10000000000.0,8691180000.0,4536180000.0,79,187,7,664800000.0,0.0,120000000.0,79200000.0,51616800.0,8691180.0,13659302.478809085,13659302.478809085,12.616438356164384,93,34
h3_prize_structure,structure_standard,Standardní,Oficiální rozdělení fondu mezi výherní třídy.,115,350540,1000,10000000,0.5,120000000.0,0.36,0.0675,0.203,20000000000.0,10000000000.0,8731610000.0,4576610000.0,73,163,7,578400000.0,0.0,120000000.0,32400000.0,52322400.0,8731610.0,14771914.414113697,14771914.414113697,13.632352941176471,102,34
h3_prize_structure,structure_standard,Standardní,Oficiální rozdělení fondu mezi výherní třídy.,116,350541,1000,10000000,0.5,120000000.0,0.36,0.0675,0.203,20000000000.0,10000000000.0,8699245000.0,4544245000.0,81,73,3,259200000.0,0.0,120000000.0,93600000.0,41804400.0,8699245.0,14382621.565798601,14382621.565798601,12.41891891891892,93,34
h3_prize_structure,structure_standard,Standardní,Oficiální rozdělení fondu mezi výherní třídy.,117,350542,1000,10000000,0.5,120000000.0,0.36,0.0675,0.203,20000000000.0,10000000000.0,8703205000.0,4548205000.0,66,98,6,345600000.0,0.0,120000000.0,68400000.0,49722000.0,8703205.0,15810004.468784157,15810004.468784157,15.064516129032258,68,34
h3_prize_structure,structure_standard,Standardní,Oficiální rozdělení fondu mezi výherní třídy.,118,350543,1000,10000000,0.5,120000000.0,0.36,0.0675,0.203,20000000000.0,10000000000.0,8822760000.0,4667760000.0,72,75,9,259200000.0,0.0,120000000.0,3600000.0,45392400.0,8822760.0,15644994.591958158,15644994.591958158,13.257142857142858,58,34
h3_prize_structure,structure_standard,Standardní,Oficiální rozdělení fondu mezi výherní třídy.,119,350544,1000,10000000,0.5,120000000.0,0.36,0.0675,0.203,20000000000.0,10000000000.0,8772795000.0,4617795000.0,60,126,9,442800000.0,0.0,120000000.0,21600000.0,51771600.0,8772795.0,15715176.9418284,15715176.9418284,16.49122807017544,69,34
h3_prize_structure,structure_standard,Standardní,Oficiální rozdělení fondu mezi výherní třídy.,120,350545,1000,10000000,0.5,120000000.0,0.36,0.0675,0.203,20000000000.0,10000000000.0,8703965000.0,4548965000.0,70,115,8,404400000.0,0.0,120000000.0,120000000.0,49786800.0,8703965.0,15080485.968753627,15080485.968753627,14.307692307692308,85,34
h3_prize_structure,structure_standard,Standardní,Oficiální rozdělení fondu mezi výherní třídy.,121,350546,1000,10000000,0.5,120000000.0,0.36,0.0675,0.203,20000000000.0,10000000000.0,8682745000.0,4527745000.0,63,130,8,458400000.0,0.0,120000000.0,100800000.0,54016800.0,8682745.0,15868969.12656821,15868969.12656821,16.732142857142858,71,34
h3_prize_structure,structure_standard,Standardní,Oficiální rozdělení fondu mezi výherní třídy.,122,350547,1000,10000000,0.5,120000000.0,0.36,0.0675,0.203,20000000000.0,10000000000.0,8742420000.0,4587420000.0,72,68,8,235200000.0,0.0,120000000.0,64800000.0,46929600.0,8742420.0,16068108.776193917,16068108.776193917,14.06060606060606,49,34
h3_prize_structure,structure_standard,Standardní,Oficiální rozdělení fondu mezi výherní třídy.,123,350548,1000,10000000,0.5,120000000.0,0.36,0.0675,0.203,20000000000.0,10000000000.0,8799155000.0,4644155000.0,76,28,4,96000000.0,0.0,120000000.0,68400000.0,39189600.0,8799155.0,15272519.77281336,15272519.77281336,12.486486486486486,45,34
h3_prize_structure,structure_standard,Standardní,Oficiální rozdělení fondu mezi výherní třídy.,124,350549,1000,10000000,0.5,120000000.0,0.36,0.0675,0.203,20000000000.0,10000000000.0,8671795000.0,4516795000.0,69,122,7,430800000.0,0.0,120000000.0,64800000.0,49976400.0,8671795.0,15251413.403451335,15251413.403451335,14.546875,102,34
h3_prize_structure,structure_standard,Standardní,Oficiální rozdělení fondu mezi výherní třídy.,125,350550,1000,10000000,0.5,120000000.0,0.36,0.0675,0.203,20000000000.0,10000000000.0,8685730000.0,4530730000.0,66,125,6,442800000.0,0.0,120000000.0,50400000.0,49534800.0,8685730.0,15081979.953477593,15081979.953477593,14.36923076923077,73,34
h3_prize_structure,structure_standard,Standardní,Oficiální rozdělení fondu mezi výherní třídy.,126,350551,1000,10000000,0.5,120000000.0,0.36,0.0675,0.203,20000000000.0,10000000000.0,8671990000.0,4516990000.0,60,134,10,470400000.0,0.0,120000000.0,120000000.0,53587200.0,8671990.0,15516718.927978942,15516718.927978942,16.20689655172414,86,34
h3_prize_structure,structure_standard,Standardní,Oficiální rozdělení fondu mezi výherní třídy.,127,350552,1000,10000000,0.5,120000000.0,0.36,0.0675,0.203,20000000000.0,10000000000.0,8776290000.0,4621290000.0,72,121,9,424800000.0,0.0,120000000.0,14400000.0,49720800.0,8776290.0,15365141.580405304,15365141.580405304,13.647058823529411,62,34
h3_prize_structure,structure_standard,Standardní,Oficiální rozdělení fondu mezi výherní třídy.,128,350553,1000,10000000,0.5,120000000.0,0.36,0.0675,0.203,20000000000.0,10000000000.0,8663705000.0,4508705000.0,58,193,6,687600000.0,0.0,120000000.0,3600000.0,55441200.0,8663705.0,14611901.031281829,14611901.031281829,16.526315789473685,149,34
h3_prize_structure,structure_standard,Standardní,Oficiální rozdělení fondu mezi výherní třídy.,129,350554,1000,10000000,0.5,120000000.0,0.36,0.0675,0.203,20000000000.0,10000000000.0,8729495000.0,4574495000.0,66,130,6,460800000.0,0.0,120000000.0,46800000.0,50293200.0,8729495.0,15094102.764655307,15094102.764655307,14.59375,95,34
h3_prize_structure,structure_standard,Standardní,Oficiální rozdělení fondu mezi výherní třídy.,130,350555,1000,10000000,0.5,120000000.0,0.36,0.0675,0.203,20000000000.0,10000000000.0,8739815000.0,4584815000.0,67,106,6,374400000.0,0.0,120000000.0,28800000.0,48075600.0,8739815.0,15319930.528262032,15319930.528262032,14.353846153846154,62,34
h3_prize_structure,structure_standard,Standardní,Oficiální rozdělení fondu mezi výherní třídy.,131,350556,1000,10000000,0.5,120000000.0,0.36,0.0675,0.203,20000000000.0,10000000000.0,8770095000.0,4615095000.0,70,92,8,321600000.0,0.0,120000000.0,0.0,47952000.0,8770095.0,15785253.311745586,15785253.311745586,14.090909090909092,68,34
h3_prize_structure,structure_standard,Standardní,Oficiální rozdělení fondu mezi výherní třídy.,132,350557,1000,10000000,0.5,120000000.0,0.36,0.0675,0.203,20000000000.0,10000000000.0,8777790000.0,4622790000.0,70,94,6,331200000.0,0.0,120000000.0,36000000.0,46754400.0,8777790.0,15335476.329931848,15335476.329931848,13.676470588235293,61,34
h3_prize_structure,structure_standard,Standardní,Oficiální rozdělení fondu mezi výherní třídy.,133,350558,1000,10000000,0.5,120000000.0,0.36,0.0675,0.203,20000000000.0,10000000000.0,8767800000.0,4612800000.0,79,103,5,364800000.0,0.0,120000000.0,25200000.0,45704400.0,8767800.0,14794207.290693205,14794207.290693205,12.616438356164384,70,34
h3_prize_structure,structure_standard,Standardní,Oficiální rozdělení fondu mezi výherní třídy.,134,350559,1000,10000000,0.5,120000000.0,0.36,0.0675,0.203,20000000000.0,10000000000.0,8664365000.0,4509365000.0,65,97,3,345600000.0,0.0,120000000.0,93600000.0,45915600.0,8664365.0,14744723.222962681,14744723.222962681,15.327868852459016,116,34
h3_prize_structure,structure_standard,Standardní,Oficiální rozdělení fondu mezi výherní třídy.,135,350560,1000,10000000,0.5,120000000.0,0.36,0.0675,0.203,20000000000.0,10000000000.0,8729340000.0,4574340000.0,67,128,8,451200000.0,0.0,120000000.0,28800000.0,50565600.0,8729340.0,15313274.560472036,15313274.560472036,14.136363636363637,61,34
h3_prize_structure,structure_standard,Standardní,Oficiální rozdělení fondu mezi výherní třídy.,136,350561,1000,10000000,0.5,120000000.0,0.36,0.0675,0.203,20000000000.0,10000000000.0,8779070000.0,4624070000.0,88,53,5,184800000.0,0.0,120000000.0,43200000.0,40575600.0,8779070.0,14965898.425590761,14965898.425590761,10.987951807228916,48,34
h3_prize_structure,structure_standard,Standardní,Oficiální rozdělení fondu mezi výherní třídy.,137,350562,1000,10000000,0.5,120000000.0,0.36,0.0675,0.203,20000000000.0,10000000000.0,8778950000.0,4623950000.0,75,39,5,134400000.0,0.0,120000000.0,64800000.0,39954000.0,8778950.0,15101881.907480935,15101881.907480935,13.028169014084508,46,34
h3_prize_structure,structure_standard,Standardní,Oficiální rozdělení fondu mezi výherní třídy.,138,350563,1000,10000000,0.5,120000000.0,0.36,0.0675,0.203,20000000000.0,10000000000.0,8744135000.0,4589135000.0,88,54,5,188400000.0,0.0,120000000.0,93600000.0,39122400.0,8744135.0,14333855.410418196,14333855.410418196,11.121951219512194,49,34
h3_prize_structure,structure_standard,Standardní,Oficiální rozdělení fondu mezi výherní třídy.,139,350564,1000,10000000,0.5,120000000.0,0.36,0.0675,0.203,20000000000.0,10000000000.0,8805005000.0,4650005000.0,79,77,3,273600000.0,0.0,120000000.0,0.0,43371600.0,8805005.0,14927316.95332336,14927316.95332336,12.616438356164384,70,34
h3_prize_structure,structure_standard,Standardní,Oficiální rozdělení fondu mezi výherní třídy.,140,350565,1000,10000000,0.5,120000000.0,0.36,0.0675,0.203,20000000000.0,10000000000.0,8751170000.0,4596170000.0,71,91,6,320400000.0,0.0,120000000.0,54000000.0,45735600.0,8751170.0,15161116.491904546,15161116.491904546,13.661764705882353,75,34
h3_prize_structure,structure_standard,Standardní,Oficiální rozdělení fondu mezi výherní třídy.,141,350566,1000,10000000,0.5,120000000.0,0.36,0.0675,0.203,20000000000.0,10000000000.0,8661775000.0,4506775000.0,71,144,8,508800000.0,0.0,120000000.0,115200000.0,50649600.0,8661775.0,14486779.972594842,14486779.972594842,13.271428571428572,110,34
h3_prize_structure,structure_standard,Standardní,Oficiální rozdělení fondu mezi výherní třídy.,142,350567,1000,10000000,0.5,120000000.0,0.36,0.0675,0.203,20000000000.0,10000000000.0,8808785000.0,4653785000.0,64,66,8,228000000.0,0.0,120000000.0,18000000.0,49566000.0,8808785.0,16736426.159690576,16736426.159690576,16.714285714285715,54,34
h3_prize_structure,structure_standard,Standardní,Oficiální rozdělení fondu mezi výherní třídy.,143,350568,1000,10000000,0.5,120000000.0,0.36,0.0675,0.203,20000000000.0,10000000000.0,8707730000.0,4552730000.0,76,66,5,231600000.0,0.0,120000000.0,100800000.0,43701600.0,8707730.0,14974468.14404772,14974468.14404772,13.588235294117647,55,34
h3_prize_structure,structure_standard,Standardní,Oficiální rozdělení fondu mezi výherní třídy.,144,350569,1000,10000000,0.5,120000000.0,0.36,0.0675,0.203,20000000000.0,10000000000.0,8774105000.0,4619105000.0,81,45,5,156000000.0,0.0,120000000.0,39600000.0,39889200.0,8774105.0,15097710.446421172,15097710.446421172,11.782051282051283,47,34
h3_prize_structure,structure_standard,Standardní,Oficiální rozdělení fondu mezi výherní třídy.,145,350570,1000,10000000,0.5,120000000.0,0.36,0.0675,0.203,20000000000.0,10000000000.0,8696765000.0,4541765000.0,67,100,6,352800000.0,0.0,120000000.0,82800000.0,49746000.0,8696765.0,15712542.566681402,15712542.566681402,14.80952380952381,70,34
h3_prize_structure,structure_standard,Standardní,Oficiální rozdělení fondu mezi výherní třídy.,146,350571,1000,10000000,0.5,120000000.0,0.36,0.0675,0.203,20000000000.0,10000000000.0,8750140000.0,4595140000.0,61,108,6,381600000.0,0.0,120000000.0,14400000.0,49255200.0,8750140.0,15558163.637794789,15558163.637794789,15.915254237288135,66,34
h3_prize_structure,structure_standard,Standardní,Oficiální rozdělení fondu mezi výherní třídy.,147,350572,1000,10000000,0.5,120000000.0,0.36,0.0675,0.203,20000000000.0,10000000000.0,8682880000.0,4527880000.0,72,80,6,280800000.0,0.0,120000000.0,120000000.0,44527200.0,8682880.0,14719340.97049185,14719340.97049185,13.257142857142858,64,34
h3_prize_structure,structure_standard,Standardní,Oficiální rozdělení fondu mezi výherní třídy.,148,350573,1000,10000000,0.5,120000000.0,0.36,0.0675,0.203,20000000000.0,10000000000.0,8677240000.0,4522240000.0,56,202,9,716400000.0,0.0,120000000.0,7200000.0,59836800.0,8677240.0,15494510.020726696,15494510.020726696,16.857142857142858,84,34
h3_prize_structure,structure_standard,Standardní,Oficiální rozdělení fondu mezi výherní třídy.,149,350574,1000,10000000,0.5,120000000.0,0.36,0.0675,0.203,20000000000.0,10000000000.0,8697620000.0,4542620000.0,68,137,8,483600000.0,0.0,120000000.0,18000000.0,50400000.0,8697620.0,15051001.951219061,15051001.951219061,15.533333333333333,77,34
h3_prize_structure,structure_standard,Standardní,Oficiální rozdělení fondu mezi výherní třídy.,150,350575,1000,10000000,0.5,120000000.0,0.36,0.0675,0.203,20000000000.0,10000000000.0,8662070000.0,4507070000.0,72,146,9,514800000.0,0.0,120000000.0,50400000.0,51745200.0,8662070.0,15054699.451171385,15054699.451171385,13.647058823529411,60,34
h3_prize_structure,structure_standard,Standardní,Oficiální rozdělení fondu mezi výherní třídy.,151,350576,1000,10000000,0.5,120000000.0,0.36,0.0675,0.203,20000000000.0,10000000000.0,8722545000.0,4567545000.0,72,107,8,375600000.0,0.0,120000000.0,39600000.0,49039200.0,8722545.0,15533619.249807013,15533619.249807013,14.06060606060606,57,34
h3_prize_structure,structure_standard,Standardní,Oficiální rozdělení fondu mezi výherní třídy.,152,350577,1000,10000000,0.5,120000000.0,0.36,0.0675,0.203,20000000000.0,10000000000.0,8774600000.0,4619600000.0,80,73,6,255600000.0,0.0,120000000.0,7200000.0,41858400.0,8774600.0,14690304.405967904,14690304.405967904,11.794871794871796,57,34
h3_prize_structure,structure_standard,Standardní,Oficiální rozdělení fondu mezi výherní třídy.,153,350578,1000,10000000,0.5,120000000.0,0.36,0.0675,0.203,20000000000.0,10000000000.0,8668615000.0,4513615000.0,64,113,8,397200000.0,0.0,120000000.0,108000000.0,51584400.0,8668615.0,15680887.851355068,15680887.851355068,15.344262295081966,63,34
h3_prize_structure,structure_standard,Standardní,Oficiální rozdělení fondu mezi výherní třídy.,154,350579,1000,10000000,0.5,120000000.0,0.36,0.0675,0.203,20000000000.0,10000000000.0,8744965000.0,4589965000.0,76,125,5,444000000.0,0.0,120000000.0,25200000.0,45637200.0,8744965.0,14137738.55762565,14137738.55762565,12.833333333333334,81,34
h3_prize_structure,structure_standard,Standardní,Oficiální rozdělení fondu mezi výherní třídy.,155,350580,1000,10000000,0.5,120000000.0,0.36,0.0675,0.203,20000000000.0,10000000000.0,8788195000.0,4633195000.0,72,64,5,224400000.0,0.0,120000000.0,61200000.0,43058400.0,8788195.0,15177965.695934847,15177965.695934847,13.850746268656716,58,34
h3_prize_structure,structure_standard,Standardní,Oficiální rozdělení fondu mezi výherní třídy.,156,350581,1000,10000000,0.5,120000000.0,0.36,0.0675,0.203,20000000000.0,10000000000.0,8802035000.0,4647035000.0,56,151,9,532800000.0,0.0,120000000.0,7200000.0,55578000.0,8802035.0,15865163.229030296,15865163.229030296,17.81132075471698,71,34
h3_prize_structure,structure_standard,Standardní,Oficiální rozdělení fondu mezi výherní třídy.,157,350582,1000,10000000,0.5,120000000.0,0.36,0.0675,0.203,20000000000.0,10000000000.0,8750655000.0,4595655000.0,69,109,6,385200000.0,0.0,120000000.0,28800000.0,48291600.0,8750655.0,15253979.854319166,15253979.854319166,14.323076923076924,84,34
h3_prize_structure,structure_standard,Standardní,Oficiální rozdělení fondu mezi výherní třídy.,158,350583,1000,10000000,0.5,120000000.0,0.36,0.0675,0.203,20000000000.0,10000000000.0,8823355000.0,4668355000.0,82,44,5,152400000.0,0.0,120000000.0,3600000.0,41036400.0,8823355.0,15355682.52045395,15355682.52045395,12.405405405405405,50,34
h3_prize_structure,structure_standard,Standardní,Oficiální rozdělení fondu mezi výherní třídy.,159,350584,1000,10000000,0.5,120000000.0,0.36,0.0675,0.203,20000000000.0,10000000000.0,8848205000.0,4693205000.0,66,37,4,128400000.0,0.0,120000000.0,3600000.0,43740000.0,8848205.0,16138330.804422587,16138330.804422587,14.59375,57,34
h3_prize_structure,structure_standard,Standardní,Oficiální rozdělení fondu mezi výherní třídy.,160,350585,1000,10000000,0.5,120000000.0,0.36,0.0675,0.203,20000000000.0,10000000000.0,8692875000.0,4537875000.0,70,51,7,175200000.0,0.0,120000000.0,120000000.0,43047600.0,8692875.0,15228910.823147366,15228910.823147366,14.53125,53,34
h3_prize_structure,structure_standard,Standardní,Oficiální rozdělení fondu mezi výherní třídy.,161,350586,1000,10000000,0.5,120000000.0,0.36,0.0675,0.203,20000000000.0,10000000000.0,8848880000.0,4693880000.0,69,59,6,205200000.0,0.0,120000000.0,10800000.0,44491200.0,8848880.0,15752533.54370655,15752533.54370655,14.546875,56,34
h3_prize_structure,structure_standard,Standardní,Oficiální rozdělení fondu mezi výherní třídy.,162,350587,1000,10000000,0.5,120000000.0,0.36,0.0675,0.203,20000000000.0,10000000000.0,8737275000.0,4582275000.0,69,47,6,162000000.0,0.0,120000000.0,68400000.0,43317600.0,8737275.0,15701160.364742951,15701160.364742951,13.691176470588236,49,34
h3_prize_structure,structure_standard,Standardní,Oficiální rozdělení fondu mezi výherní třídy.,163,350588,1000,10000000,0.5,120000000.0,0.36,0.0675,0.203,20000000000.0,10000000000.0,8781625000.0,4626625000.0,81,21,1,74400000.0,0.0,120000000.0,39600000.0,36200400.0,8781625.0,14736053.872539114,14736053.872539114,11.4875,53,34
h3_prize_structure,structure_standard,Standardní,Oficiální rozdělení fondu mezi výherní třídy.,164,350589,1000,10000000,0.5,120000000.0,0.36,0.0675,0.203,20000000000.0,10000000000.0,8837835000.0,4682835000.0,82,31,4,106800000.0,0.0,120000000.0,3600000.0,37850400.0,8837835.0,14936378.725707747,14936378.725707747,11.620253164556962,46,34
h3_prize_structure,structure_standard,Standardní,Oficiální rozdělení fondu mezi výherní třídy.,165,350590,1000,10000000,0.5,120000000.0,0.36,0.0675,0.203,20000000000.0,10000000000.0,8796160000.0,4641160000.0,62,60,6,208800000.0,0.0,120000000.0,28800000.0,47696400.0,8796160.0,16448790.622851273,16448790.622851273,16.45614035087719,54,34
h3_prize_structure,structure_standard,Standardní,Oficiální rozdělení fondu mezi výherní třídy.,166,350591,1000,10000000,0.5,120000000.0,0.36,0.0675,0.203,20000000000.0,10000000000.0,8789810000.0,4634810000.0,68,84,4,297600000.0,0.0,120000000.0,21600000.0,45096000.0,8789810.0,15166960.945222348,15166960.945222348,14.5625,91,34
h3_prize_structure,structure_standard,Standardní,Oficiální rozdělení fondu mezi výherní třídy.,167,350592,1000,10000000,0.5,120000000.0,0.36,0.0675,0.203,20000000000.0,10000000000.0,8767575000.0,4612575000.0,70,65,7,225600000.0,0.0,120000000.0,21600000.0,45670800.0,8767575.0,15876856.44088196,15876856.44088196,14.53125,46,34
h3_prize_structure,structure_standard,Standardní,Oficiální rozdělení fondu mezi výherní třídy.,168,350593,1000,10000000,0.5,120000000.0,0.36,0.0675,0.203,20000000000.0,10000000000.0,8803615000.0,4648615000.0,62,86,9,298800000.0,0.0,120000000.0,0.0,49686000.0,8803615.0,16370585.143994547,16370585.143994547,15.898305084745763,53,34
h3_prize_structure,structure_standard,Standardní,Oficiální rozdělení fondu mezi výherní třídy.,169,350594,1000,10000000,0.5,120000000.0,0.36,0.0675,0.203,20000000000.0,10000000000.0,8816225000.0,4661225000.0,72,69,7,240000000.0,0.0,120000000.0,25200000.0,44998800.0,8816225.0,15631019.916319441,15631019.916319441,14.276923076923078,59,34
h3_prize_structure,structure_standard,Standardní,Oficiální rozdělení fondu mezi výherní třídy.,170,350595,1000,10000000,0.5,120000000.0,0.36,0.0675,0.203,20000000000.0,10000000000.0,8826715000.0,4671715000.0,76,36,4,124800000.0,0.0,120000000.0,14400000.0,42820800.0,8826715.0,15954090.022115802,15954090.022115802,12.833333333333334,50,34
h3_prize_structure,structure_standard,Standardní,Oficiální rozdělení fondu mezi výherní třídy.,171,350596,1000,10000000,0.5,120000000.0,0.36,0.0675,0.203,20000000000.0,10000000000.0,8682335000.0,4527335000.0,69,92,6,324000000.0,0.0,120000000.0,93600000.0,46935600.0,8682335.0,15198207.153239325,15198207.153239325,14.546875,79,34
h3_prize_structure,structure_standard,Standardní,Oficiální rozdělení fondu mezi výherní třídy.,172,350597,1000,10000000,0.5,120000000.0,0.36,0.0675,0.203,20000000000.0,10000000000.0,8731925000.0,4576925000.0,71,103,7,362400000.0,0.0,120000000.0,68400000.0,49770000.0,8731925.0,15757043.294012206,15757043.294012206,14.292307692307693,74,34
h3_prize_structure,structure_standard,Standardní,Oficiální rozdělení fondu mezi výherní třídy.,173,350598,1000,10000000,0.5,120000000.0,0.36,0.0675,0.203,20000000000.0,10000000000.0,8670620000.0,4515620000.0,60,165,8,584400000.0,0.0,120000000.0,86400000.0,54728400.0,8670620.0,15065137.09581164,15065137.09581164,15.666666666666666,75,34
h3_prize_structure,structure_standard,Standardní,Oficiální rozdělení fondu mezi výherní třídy.,174,350599,1000,10000000,0.5,120000000.0,0.36,0.0675,0.203,20000000000.0,10000000000.0,8717995000.0,4562995000.0,74,66,6,230400000.0,0.0,120000000.0,97200000.0,45468000.0,8717995.0,15556877.21571958,15556877.21571958,13.617647058823529,55,34
h3_prize_structure,structure_standard,Standardní,Oficiální rozdělení fondu mezi výherní třídy.,175,350600,1000,10000000,0.5,120000000.0,0.36,0.0675,0.203,20000000000.0,10000000000.0,8768650000.0,4613650000.0,65,89,6,313200000.0,0.0,120000000.0,32400000.0,48357600.0,8768650.0,15870954.193982793,15870954.193982793,15.327868852459016,61,34
h3_prize_structure,structure_standard,Standardní,Oficiální rozdělení fondu mezi výherní třídy.,176,350601,1000,10000000,0.5,120000000.0,0.36,0.0675,0.203,20000000000.0,10000000000.0,8820785000.0,4665785000.0,75,88,7,308400000.0,0.0,120000000.0,3600000.0,47120400.0,8820785.0,15689715.866094422,15689715.866094422,13.602941176470589,66,34
h3_prize_structure,structure_standard,Standardní,Oficiální rozdělení fondu mezi výherní třídy.,177,350602,1000,10000000,0.5,120000000.0,0.36,0.0675,0.203,20000000000.0,10000000000.0,8797720000.0,4642720000.0,75,86,8,300000000.0,0.0,120000000.0,10800000.0,47541600.0,8797720.0,15855148.939748248,15855148.939748248,13.028169014084508,59,34
h3_prize_structure,structure_standard,Standardní,Oficiální rozdělení fondu mezi výherní třídy.,178,350603,1000,10000000,0.5,120000000.0,0.36,0.0675,0.203,20000000000.0,10000000000.0,8754600000.0,4599600000.0,57,127,5,451200000.0,0.0,120000000.0,43200000.0,51950400.0,8754600.0,15594382.93873791,15594382.93873791,17.145454545454545,72,34
h3_prize_structure,structure_standard,Standardní,Oficiální rozdělení fondu mezi výherní třídy.,179,350604,1000,10000000,0.5,120000000.0,0.36,0.0675,0.203,20000000000.0,10000000000.0,8717665000.0,4562665000.0,56,151,10,531600000.0,0.0,120000000.0,36000000.0,55897200.0,8717665.0,15952647.83735838,15952647.83735838,17.48148148148148,73,34
h3_prize_structure,structure_standard,Standardní,Oficiální rozdělení fondu mezi výherní třídy.,180,350605,1000,10000000,0.5,120000000.0,0.36,0.0675,0.203,20000000000.0,10000000000.0,8832135000.0,4677135000.0,76,22,1,78000000.0,0.0,120000000.0,43200000.0,36640800.0,8832135.0,14775669.689282276,14775669.689282276,12.486486486486486,54,34
h3_prize_structure,structure_standard,Standardní,Oficiální rozdělení fondu mezi výherní třídy.,181,350606,1000,10000000,0.5,120000000.0,0.36,0.0675,0.203,20000000000.0,10000000000.0,8780370000.0,4625370000.0,64,49,4,171600000.0,0.0,120000000.0,36000000.0,42429600.0,8780370.0,15451059.290970959,15451059.290970959,14.857142857142858,50,34
h3_prize_structure,structure_standard,Standardní,Oficiální rozdělení fondu mezi výherní třídy.,182,350607,1000,10000000,0.5,120000000.0,0.36,0.0675,0.203,20000000000.0,10000000000.0,8543500000.0,4388500000.0,54,238,10,844800000.0,0.0,120000000.0,120000000.0,62614800.0,8543500.0,14687237.008709297,14687237.008709297,18.54901960784314,80,34
h3_prize_structure,structure_standard,Standardní,Oficiální rozdělení fondu mezi výherní třídy.,183,350608,1000,10000000,0.5,120000000.0,0.36,0.0675,0.203,20000000000.0,10000000000.0,8772025000.0,4617025000.0,61,130,8,458400000.0,0.0,120000000.0,7200000.0,52778400.0,8772025.0,15756991.079339195,15756991.079339195,16.189655172413794,69,34
h3_prize_structure,structure_standard,Standardní,Oficiální rozdělení fondu mezi výherní třídy.,184,350609,1000,10000000,0.5,120000000.0,0.36,0.0675,0.203,20000000000.0,10000000000.0,8768395000.0,4613395000.0,80,58,6,201600000.0,0.0,120000000.0,86400000.0,44248800.0,8768395.0,15558141.04412783,15558141.04412783,12.432432432432432,51,34
h3_prize_structure,structure_standard,Standardní,Oficiální rozdělení fondu mezi výherní třídy.,185,350610,1000,10000000,0.5,120000000.0,0.36,0.0675,0.203,20000000000.0,10000000000.0,8744735000.0,4589735000.0,62,132,8,465600000.0,0.0,120000000.0,7200000.0,52485600.0,8744735.0,15744922.16572616,15744922.16572616,15.129032258064516,72,34
h3_prize_structure,structure_standard,Standardní,Oficiální rozdělení fondu mezi výherní třídy.,186,350611,1000,10000000,0.5,120000000.0,0.36,0.0675,0.203,20000000000.0,10000000000.0,8723755000.0,4568755000.0,65,42,4,146400000.0,0.0,120000000.0,120000000.0,44527200.0,8723755.0,15772607.559467616,15772607.559467616,15.583333333333334,61,34
h3_prize_structure,structure_standard,Standardní,Oficiální rozdělení fondu mezi výherní třídy.,187,350612,1000,10000000,0.5,120000000.0,0.36,0.0675,0.203,20000000000.0,10000000000.0,8821025000.0,4666025000.0,76,44,6,151200000.0,0.0,120000000.0,36000000.0,43000800.0,8821025.0,15797826.287954144,15797826.287954144,13.2,51,34
h3_prize_structure,structure_standard,Standardní,Oficiální rozdělení fondu mezi výherní třídy.,188,350613,1000,10000000,0.5,120000000.0,0.36,0.0675,0.203,20000000000.0,10000000000.0,8685830000.0,4530830000.0,78,51,6,176400000.0,0.0,120000000.0,115200000.0,43722000.0,8685830.0,15464371.845021704,15464371.845021704,13.761194029850746,49,34
h3_prize_structure,structure_standard,Standardní,Oficiální rozdělení fondu mezi výherní třídy.,189,350614,1000,10000000,0.5,120000000.0,0.36,0.0675,0.203,20000000000.0,10000000000.0,8777025000.0,4622025000.0,71,77,7,268800000.0,0.0,120000000.0,21600000.0,46488000.0,8777025.0,15825076.142767055,15825076.142767055,14.292307692307693,57,34
h3_prize_structure,structure_standard,Standardní,Oficiální rozdělení fondu mezi výherní třídy.,190,350615,1000,10000000,0.5,120000000.0,0.36,0.0675,0.203,20000000000.0,10000000000.0,8718515000.0,4563515000.0,63,52,7,178800000.0,0.0,120000000.0,120000000.0,44888400.0,8718515.0,15599292.01982497,15599292.01982497,15.360655737704919,54,34
h3_prize_structure,structure_standard,Standardní,Oficiální rozdělení fondu mezi výherní třídy.,191,350616,1000,10000000,0.5,120000000.0,0.36,0.0675,0.203,20000000000.0,10000000000.0,8821275000.0,4666275000.0,88,7,1,24000000.0,0.0,120000000.0,36000000.0,33156000.0,8821275.0,14380775.823973302,14380775.823973302,11.544303797468354,39,34
h3_prize_structure,structure_standard,Standardní,Oficiální rozdělení fondu mezi výherní třídy.,192,350617,1000,10000000,0.5,120000000.0,0.36,0.0675,0.203,20000000000.0,10000000000.0,8806750000.0,4651750000.0,92,23,4,78000000.0,0.0,120000000.0,50400000.0,36130800.0,8806750.0,14671035.579927547,14671035.579927547,10.80952380952381,41,34
h3_prize_structure,structure_standard,Standardní,Oficiální rozdělení fondu mezi výherní třídy.,193,350618,1000,10000000,0.5,120000000.0,0.36,0.0675,0.203,20000000000.0,10000000000.0,8676860000.0,4521860000.0,64,102,5,361200000.0,0.0,120000000.0,120000000.0,47539200.0,8676860.0,14842771.0802397,14842771.0802397,15.344262295081966,102,34
h3_prize_structure,structure_standard,Standardní,Oficiální rozdělení fondu mezi výherní třídy.,194,350619,1000,10000000,0.5,120000000.0,0.36,0.0675,0.203,20000000000.0,10000000000.0,8762585000.0,4607585000.0,56,128,9,450000000.0,0.0,120000000.0,39600000.0,55165200.0,8762585.0,16378739.905523105,16378739.905523105,17.81132075471698,63,34
h3_prize_structure,structure_standard,Standardní,Oficiální rozdělení fondu mezi výherní třídy.,195,350620,1000,10000000,0.5,120000000.0,0.36,0.0675,0.203,20000000000.0,10000000000.0,8783160000.0,4628160000.0,78,70,7,243600000.0,0.0,120000000.0,10800000.0,44402400.0,8783160.0,15464541.994976766,15464541.994976766,12.45945945945946,53,34
h3_prize_structure,structure_standard,Standardní,Oficiální rozdělení fondu mezi výherní třídy.,196,350621,1000,10000000,0.5,120000000.0,0.36,0.0675,0.203,20000000000.0,10000000000.0,8800995000.0,4645995000.0,67,40,6,136800000.0,0.0,120000000.0,50400000.0,43759200.0,8800995.0,16128496.0593037,16128496.0593037,14.578125,43,34
h3_prize_structure,structure_standard,Standardní,Oficiální rozdělení fondu mezi výherní třídy.,197,350622,1000,10000000,0.5,120000000.0,0.36,0.0675,0.203,20000000000.0,10000000000.0,8813215000.0,4658215000.0,81,15,4,49200000.0,0.0,120000000.0,79200000.0,37107600.0,8813215.0,15067155.965502415,15067155.965502415,11.632911392405063,40,34
h3_prize_structure,structure_standard,Standardní,Oficiální rozdělení fondu mezi výherní třídy.,198,350623,1000,10000000,0.5,120000000.0,0.36,0.0675,0.203,20000000000.0,10000000000.0,8804775000.0,4649775000.0,79,46,5,159600000.0,0.0,120000000.0,7200000.0,42010800.0,8804775.0,15531404.914700247,15531404.914700247,12.28,47,34
h3_prize_structure,structure_standard,Standardní,Oficiální rozdělení fondu mezi výherní třídy.,199,350624,1000,10000000,0.5,120000000.0,0.36,0.0675,0.203,20000000000.0,10000000000.0,8711760000.0,4556760000.0,62,77,9,266400000.0,0.0,120000000.0,97200000.0,48782400.0,8711760.0,16089500.756779248,16089500.756779248,15.633333333333333,55,34
h3_prize_structure,structure_standard,Standardní,Oficiální rozdělení fondu mezi výherní třídy.,200,350625,1000,10000000,0.5,120000000.0,0.36,0.0675,0.203,20000000000.0,10000000000.0,8785480000.0,4630480000.0,63,30,6,100800000.0,0.0,120000000.0,75600000.0,44478000.0,8785480.0,16393861.932735678,16393861.932735678,14.873015873015873,43,34
h3_prize_structure,structure_aggressive,Vyšší skewness,Vyšší podíl jackpotu na úkor nižších tříd.,1,360426,1000,10000000,0.5,120000000.0,0.41,0.0475,0.17300000000000001,20000000000.0,10000000000.0,8689145000.0,5034145000.0,61,149,8,602100000.0,0.0,120000000.0,24599999.999999996,55919199.99999999,8689145.0,16944633.544104014,16944633.544104014,16.473684210526315,79,30
h3_prize_structure,structure_aggressive,Vyšší skewness,Vyšší podíl jackpotu na úkor nižších tříd.,2,360427,1000,10000000,0.5,120000000.0,0.41,0.0475,0.17300000000000001,20000000000.0,10000000000.0,8778650000.0,5123650000.0,68,115,11,459399999.99999994,0.0,120000000.0,12299999.999999998,54476299.99999999,8778650.0,17699634.852942586,17699634.852942586,14.793650793650794,66,30
h3_prize_structure,structure_aggressive,Vyšší skewness,Vyšší podíl jackpotu na úkor nižších tříd.,3,360428,1000,10000000,0.5,120000000.0,0.41,0.0475,0.17300000000000001,20000000000.0,10000000000.0,8656290000.0,5001290000.0,72,116,13,461299999.99999994,0.0,120000000.0,94299999.99999999,54020099.99999999,8656290.0,17391922.65064159,17391922.65064159,14.5,51,30
h3_prize_structure,structure_aggressive,Vyšší skewness,Vyšší podíl jackpotu na úkor nižších tříd.,4,360429,1000,10000000,0.5,120000000.0,0.41,0.0475,0.17300000000000001,20000000000.0,10000000000.0,8710810000.0,5055810000.0,66,141,12,564900000.0,0.0,120000000.0,20499999.999999996,56311899.99999999,8710810.0,17410920.834174737,17410920.834174737,16.98181818181818,56,30
h3_prize_structure,structure_aggressive,Vyšší skewness,Vyšší podíl jackpotu na úkor nižších tříd.,5,360430,1000,10000000,0.5,120000000.0,0.41,0.0475,0.17300000000000001,20000000000.0,10000000000.0,8726570000.0,5071570000.0,60,126,13,502299999.99999994,0.0,120000000.0,16399999.999999998,56138499.99999999,8726570.0,17758132.998294048,17758132.998294048,17.09090909090909,60,30
h3_prize_structure,structure_aggressive,Vyšší skewness,Vyšší podíl jackpotu na úkor nižších tříd.,6,360431,1000,10000000,0.5,120000000.0,0.41,0.0475,0.17300000000000001,20000000000.0,10000000000.0,8650000000.0,4995000000.0,63,141,13,563799999.9999999,0.0,120000000.0,120000000.0,55404699.99999999,8650000.0,16768020.974462071,16768020.974462071,15.616666666666667,52,30
h3_prize_structure,structure_aggressive,Vyšší skewness,Vyšší podíl jackpotu na úkor nižších tříd.,7,360432,1000,10000000,0.5,120000000.0,0.41,0.0475,0.17300000000000001,20000000000.0,10000000000.0,8636635000.0,4981635000.0,65,82,8,327399999.99999994,0.0,120000000.0,118899999.99999999,50011199.99999999,8636635.0,17033242.286827687,17033242.286827687,15.080645161290322,60,30
h3_prize_structure,structure_aggressive,Vyšší skewness,Vyšší podíl jackpotu na úkor nižších tříd.,8,360433,1000,10000000,0.5,120000000.0,0.41,0.0475,0.17300000000000001,20000000000.0,10000000000.0,8716195000.0,5061195000.0,67,170,10,686000000.0,0.0,120000000.0,32799999.999999996,56526399.99999999,8716195.0,16488059.059421608,16488059.059421608,14.353846153846154,120,30
h3_prize_structure,structure_aggressive,Vyšší skewness,Vyšší podíl jackpotu na úkor nižších tříd.,9,360434,1000,10000000,0.5,120000000.0,0.41,0.0475,0.17300000000000001,20000000000.0,10000000000.0,8666135000.0,5011135000.0,56,186,12,749400000.0,0.0,120000000.0,61499999.99999999,60703299.99999999,8666135.0,17097372.15442113,17097372.15442113,17.48148148148148,94,30
h3_prize_structure,structure_aggressive,Vyšší skewness,Vyšší podíl jackpotu na úkor nižších tříd.,10,360435,1000,10000000,0.5,120000000.0,0.41,0.0475,0.17300000000000001,20000000000.0,10000000000.0,8646935000.0,4991935000.0,69,136,10,546600000.0,0.0,120000000.0,65599999.99999999,52725199.99999999,8646935.0,16523348.293574609,16523348.293574609,14.546875,57,30
h3_prize_structure,structure_aggressive,Vyšší skewness,Vyšší podíl jackpotu na úkor nižších tříd.,11,360436,1000,10000000,0.5,120000000.0,0.41,0.0475,0.17300000000000001,20000000000.0,10000000000.0,8700080000.0,5045080000.0,82,105,7,422799999.99999994,0.0,120000000.0,90199999.99999999,47807199.99999999,8700080.0,15885685.657018395,15885685.657018395,12.24,72,30
h3_prize_structure,structure_aggressive,Vyšší skewness,Vyšší podíl jackpotu na úkor nižších tříd.,12,360437,1000,10000000,0.5,120000000.0,0.41,0.0475,0.17300000000000001,20000000000.0,10000000000.0,8793875000.0,5138875000.0,70,80,7,320299999.99999994,0.0,120000000.0,8199999.999999999,47258999.99999999,8793875.0,16777273.548147652,16777273.548147652,13.676470588235293,48,30
h3_prize_structure,structure_aggressive,Vyšší skewness,Vyšší podíl jackpotu na úkor nižších tříd.,13,360438,1000,10000000,0.5,120000000.0,0.41,0.0475,0.17300000000000001,20000000000.0,10000000000.0,8580425000.0,4925425000.0,66,169,8,684100000.0,0.0,120000000.0,120000000.0,55424599.99999999,8580425.0,15828720.380825955,15828720.380825955,14.825396825396826,97,30
h3_prize_structure,structure_aggressive,Vyšší skewness,Vyšší podíl jackpotu na úkor nižších tříd.,14,360439,1000,10000000,0.5,120000000.0,0.41,0.0475,0.17300000000000001,20000000000.0,10000000000.0,8676620000.0,5021620000.0,54,153,12,614100000.0,0.0,120000000.0,20499999.999999996,58600599.99999999,8676620.0,17587447.614011534,17587447.614011534,17.2,75,30
h3_prize_structure,structure_aggressive,Vyšší skewness,Vyšší podíl jackpotu na úkor nižších tříd.,15,360440,1000,10000000,0.5,120000000.0,0.41,0.0475,0.17300000000000001,20000000000.0,10000000000.0,8674900000.0,5019900000.0,62,203,12,819100000.0,0.0,120000000.0,32799999.999999996,60193099.99999999,8674900.0,16511220.517878138,16511220.517878138,15.898305084745763,92,30
h3_prize_structure,structure_aggressive,Vyšší skewness,Vyšší podíl jackpotu na úkor nižších tříd.,16,360441,1000,10000000,0.5,120000000.0,0.41,0.0475,0.17300000000000001,20000000000.0,10000000000.0,8739295000.0,5084295000.0,62,128,8,515999999.99999994,0.0,120000000.0,20499999.999999996,53513999.99999999,8739295.0,16964942.93618387,16964942.93618387,15.37704918032787,69,30
h3_prize_structure,structure_aggressive,Vyšší skewness,Vyšší podíl jackpotu na úkor nižších tříd.,17,360442,1000,10000000,0.5,120000000.0,0.41,0.0475,0.17300000000000001,20000000000.0,10000000000.0,8721105000.0,5066105000.0,68,121,10,485099999.99999994,0.0,120000000.0,12299999.999999998,52265899.99999999,8721105.0,17001996.887247536,17001996.887247536,14.5625,61,30
h3_prize_structure,structure_aggressive,Vyšší skewness,Vyšší podíl jackpotu na úkor nižších tříd.,18,360443,1000,10000000,0.5,120000000.0,0.41,0.0475,0.17300000000000001,20000000000.0,10000000000.0,8718840000.0,5063840000.0,67,122,10,489199999.99999994,0.0,120000000.0,28699999.999999996,52332599.99999999,8718840.0,16840483.85452152,16840483.85452152,14.578125,63,30
h3_prize_structure,structure_aggressive,Vyšší skewness,Vyšší podíl jackpotu na úkor nižších tříd.,19,360444,1000,10000000,0.5,120000000.0,0.41,0.0475,0.17300000000000001,20000000000.0,10000000000.0,8714960000.0,5059960000.0,69,108,10,431799999.99999994,0.0,120000000.0,65599999.99999999,50361499.99999999,8714960.0,16669350.515194045,16669350.515194044,13.895522388059701,62,30
h3_prize_structure,structure_aggressive,Vyšší skewness,Vyšší podíl jackpotu na úkor nižších tříd.,20,360445,1000,10000000,0.5,120000000.0,0.41,0.0475,0.17300000000000001,20000000000.0,10000000000.0,8638665000.0,4983665000.0,63,217,9,879800000.0,0.0,120000000.0,36899999.99999999,59666499.99999999,8638665.0,15843411.166563056,15843411.166563056,14.873015873015873,83,30
h3_prize_structure,structure_aggressive,Vyšší skewness,Vyšší podíl jackpotu na úkor nižších tříd.,21,360446,1000,10000000,0.5,120000000.0,0.41,0.0475,0.17300000000000001,20000000000.0,10000000000.0,8733250000.0,5078250000.0,71,117,8,470899999.99999994,0.0,120000000.0,24599999.999999996,50430999.99999999,8733250.0,16559744.756109616,16559744.756109616,13.084507042253522,61,30
h3_prize_structure,structure_aggressive,Vyšší skewness,Vyšší podíl jackpotu na úkor nižších tříd.,22,360447,1000,10000000,0.5,120000000.0,0.41,0.0475,0.17300000000000001,20000000000.0,10000000000.0,8765285000.0,5110285000.0,77,93,9,371399999.99999994,0.0,120000000.0,0.0,50419899.99999999,8765285.0,17155621.93987076,17155621.93987076,13.573529411764707,59,30
h3_prize_structure,structure_aggressive,Vyšší skewness,Vyšší podíl jackpotu na úkor nižších tříd.,23,360448,1000,10000000,0.5,120000000.0,0.41,0.0475,0.17300000000000001,20000000000.0,10000000000.0,8625795000.0,4970795000.0,66,178,11,717700000.0,0.0,120000000.0,94299999.99999999,59432799.99999999,8625795.0,16818368.49527846,16818368.495278455,17.296296296296298,68,30
h3_prize_structure,structure_aggressive,Vyšší skewness,Vyšší podíl jackpotu na úkor nižších tříd.,24,360449,1000,10000000,0.5,120000000.0,0.41,0.0475,0.17300000000000001,20000000000.0,10000000000.0,8729425000.0,5074425000.0,59,161,10,649100000.0,0.0,120000000.0,32799999.999999996,56463199.99999999,8729425.0,16784079.967170525,16784079.967170525,16.50877192982456,65,30
h3_prize_structure,structure_aggressive,Vyšší skewness,Vyšší podíl jackpotu na úkor nižších tříd.,25,360450,1000,10000000,0.5,120000000.0,0.41,0.0475,0.17300000000000001,20000000000.0,10000000000.0,8734025000.0,5079025000.0,72,127,10,509700000.0,0.0,120000000.0,40999999.99999999,51956799.99999999,8734025.0,16662531.83565976,16662531.83565976,13.44927536231884,62,30
h3_prize_structure,structure_aggressive,Vyšší skewness,Vyšší podíl jackpotu na úkor nižších tříd.,26,360451,1000,10000000,0.5,120000000.0,0.41,0.0475,0.17300000000000001,20000000000.0,10000000000.0,8723670000.0,5068670000.0,56,161,9,650200000.0,0.0,120000000.0,8199999.999999999,57636899.99999999,8723670.0,17025728.615278114,17025728.615278114,17.163636363636364,71,30
h3_prize_structure,structure_aggressive,Vyšší skewness,Vyšší podíl jackpotu na úkor nižších tříd.,27,360452,1000,10000000,0.5,120000000.0,0.41,0.0475,0.17300000000000001,20000000000.0,10000000000.0,8828505000.0,5173505000.0,83,58,6,231199999.99999994,0.0,120000000.0,12299999.999999998,43111299.99999999,8828505.0,16440016.342448536,16440016.342448536,11.909090909090908,54,30
h3_prize_structure,structure_aggressive,Vyšší skewness,Vyšší podíl jackpotu na úkor nižších tříd.,28,360453,1000,10000000,0.5,120000000.0,0.41,0.0475,0.17300000000000001,20000000000.0,10000000000.0,8770945000.0,5115945000.0,76,15,4,57099999.99999994,0.0,120000000.0,73799999.99999999,41262199.99999999,8770945.0,17012716.672594503,17012716.672594503,13.588235294117647,37,30
h3_prize_structure,structure_aggressive,Vyšší skewness,Vyšší podíl jackpotu na úkor nižších tříd.,29,360454,1000,10000000,0.5,120000000.0,0.41,0.0475,0.17300000000000001,20000000000.0,10000000000.0,8676365000.0,5021364999.999999,74,128,7,517099999.99999994,0.0,120000000.0,120000000.0,51924299.99999999,8676365.0,16113584.053889902,16113584.053889902,13.228571428571428,76,30
h3_prize_structure,structure_aggressive,Vyšší skewness,Vyšší podíl jackpotu na úkor nižších tříd.,30,360455,1000,10000000,0.5,120000000.0,0.41,0.0475,0.17300000000000001,20000000000.0,10000000000.0,8734755000.0,5079755000.0,67,157,8,634900000.0,0.0,120000000.0,36899999.99999999,55878799.99999999,8734755.0,16673971.971758107,16673971.971758107,14.353846153846154,71,30
h3_prize_structure,structure_aggressive,Vyšší skewness,Vyšší podíl jackpotu na úkor nižších tříd.,31,360456,1000,10000000,0.5,120000000.0,0.41,0.0475,0.17300000000000001,20000000000.0,10000000000.0,8710410000.0,5055410000.0,65,152,10,612200000.0,0.0,120000000.0,40999999.99999999,55104399.99999999,8710410.0,16763233.783548446,16763233.783548446,15.847457627118644,75,30
h3_prize_structure,structure_aggressive,Vyšší skewness,Vyšší podíl jackpotu na úkor nižších tříd.,32,360457,1000,10000000,0.5,120000000.0,0.41,0.0475,0.17300000000000001,20000000000.0,10000000000.0,8669670000.0,5014670000.0,61,152,14,607800000.0,0.0,120000000.0,36899999.99999999,58289799.99999999,8669670.0,17537571.018846937,17537571.018846937,15.915254237288135,56,30
h3_prize_structure,structure_aggressive,Vyšší skewness,Vyšší podíl jackpotu na úkor nižších tříd.,33,360458,1000,10000000,0.5,120000000.0,0.41,0.0475,0.17300000000000001,20000000000.0,10000000000.0,8799575000.0,5144575000.0,68,54,6,214799999.99999994,0.0,120000000.0,8199999.999999999,46604199.99999999,8799575.0,17319104.61728247,17319104.61728247,13.91044776119403,43,30
h3_prize_structure,structure_aggressive,Vyšší skewness,Vyšší podíl jackpotu na úkor nižších tříd.,34,360459,1000,10000000,0.5,120000000.0,0.41,0.0475,0.17300000000000001,20000000000.0,10000000000.0,8759395000.0,5104395000.0,81,75,7,299799999.99999994,0.0,120000000.0,36899999.99999999,44559799.99999999,8759395.0,16240529.432841005,16240529.432841005,11.935064935064934,48,30
h3_prize_structure,structure_aggressive,Vyšší skewness,Vyšší podíl jackpotu na úkor nižších tříd.,35,360460,1000,10000000,0.5,120000000.0,0.41,0.0475,0.17300000000000001,20000000000.0,10000000000.0,8759465000.0,5104465000.0,68,110,10,439999999.99999994,0.0,120000000.0,8199999.999999999,51310799.99999999,8759465.0,17026663.204773124,17026663.204773124,14.338461538461539,67,30
h3_prize_structure,structure_aggressive,Vyšší skewness,Vyšší podíl jackpotu na úkor nižších tříd.,36,360461,1000,10000000,0.5,120000000.0,0.41,0.0475,0.17300000000000001,20000000000.0,10000000000.0,8659700000.0,5004700000.0,64,129,12,515699999.99999994,0.0,120000000.0,120000000.0,56802999.99999999,8659700.0,17416190.829512633,17416190.829512633,15.344262295081966,87,30
h3_prize_structure,structure_aggressive,Vyšší skewness,Vyšší podíl jackpotu na úkor nižších tříd.,37,360462,1000,10000000,0.5,120000000.0,0.41,0.0475,0.17300000000000001,20000000000.0,10000000000.0,8653760000.0,4998760000.0,57,176,10,710600000.0,0.0,120000000.0,24599999.999999996,59210299.99999999,8653760.0,17061955.04807113,17061955.04807113,17.462962962962962,67,30
h3_prize_structure,structure_aggressive,Vyšší skewness,Vyšší podíl jackpotu na úkor nižších tříd.,38,360463,1000,10000000,0.5,120000000.0,0.41,0.0475,0.17300000000000001,20000000000.0,10000000000.0,8672895000.0,5017895000.0,71,104,6,419800000.0,0.0,120000000.0,98399999.99999999,48450899.99999999,8672895.0,16091070.497141417,16091070.497141417,13.865671641791044,90,30
h3_prize_structure,structure_aggressive,Vyšší skewness,Vyšší podíl jackpotu na úkor nižších tříd.,39,360464,1000,10000000,0.5,120000000.0,0.41,0.0475,0.17300000000000001,20000000000.0,10000000000.0,8672785000.0,5017785000.0,64,179,10,722900000.0,0.0,120000000.0,20499999.999999996,56798699.99999999,8672785.0,16329836.754198585,16329836.754198585,14.857142857142858,76,30
h3_prize_structure,structure_aggressive,Vyšší skewness,Vyšší podíl jackpotu na úkor nižších tříd.,40,360465,1000,10000000,0.5,120000000.0,0.41,0.0475,0.17300000000000001,20000000000.0,10000000000.0,8806355000.0,5151355000.0,77,45,4,180099999.99999994,0.0,120000000.0,40999999.99999999,43771599.99999999,8806355.0,16853189.987031385,16853189.987031385,12.643835616438356,45,30
h3_prize_structure,structure_aggressive,Vyšší skewness,Vyšší podíl jackpotu na úkor nižších tříd.,41,360466,1000,10000000,0.5,120000000.0,0.41,0.0475,0.17300000000000001,20000000000.0,10000000000.0,8654405000.0,4999405000.0,67,174,8,704600000.0,0.0,120000000.0,77899999.99999999,56241899.99999999,8654405.0,16154004.270488942,16154004.270488942,14.578125,91,30
h3_prize_structure,structure_aggressive,Vyšší skewness,Vyšší podíl jackpotu na úkor nižších tříd.,42,360467,1000,10000000,0.5,120000000.0,0.41,0.0475,0.17300000000000001,20000000000.0,10000000000.0,8834290000.0,5179290000.0,78,72,7,287499999.99999994,0.0,120000000.0,24599999.999999996,45569199.99999999,8834290.0,16680285.6314243,16680285.6314243,12.45945945945946,50,30
h3_prize_structure,structure_aggressive,Vyšší skewness,Vyšší podíl jackpotu na úkor nižších tříd.,43,360468,1000,10000000,0.5,120000000.0,0.41,0.0475,0.17300000000000001,20000000000.0,10000000000.0,8779655000.0,5124655000.0,69,124,7,500699999.99999994,0.0,120000000.0,12299999.999999998,50480799.99999999,8779655.0,16362487.396663593,16362487.396663593,13.691176470588236,80,30
h3_prize_structure,structure_aggressive,Vyšší skewness,Vyšší podíl jackpotu na úkor nižších tříd.,44,360469,1000,10000000,0.5,120000000.0,0.41,0.0475,0.17300000000000001,20000000000.0,10000000000.0,8747965000.0,5092965000.0,69,83,8,331499999.99999994,0.0,120000000.0,57399999.99999999,48224699.99999999,8747965.0,16770015.427356498,16770015.427356498,14.106060606060606,52,30
h3_prize_structure,structure_aggressive,Vyšší skewness,Vyšší podíl jackpotu na úkor nižších tříd.,45,360470,1000,10000000,0.5,120000000.0,0.41,0.0475,0.17300000000000001,20000000000.0,10000000000.0,8733585000.0,5078585000.0,80,54,11,209299999.99999988,0.0,120000000.0,16399999.999999998,48767599.99999999,8733585.0,17954070.48896642,17954070.48896642,13.142857142857142,40,30
h3_prize_structure,structure_aggressive,Vyšší skewness,Vyšší podíl jackpotu na úkor nižších tříd.,46,360471,1000,10000000,0.5,120000000.0,0.41,0.0475,0.17300000000000001,20000000000.0,10000000000.0,8567575000.0,4912575000.0,59,140,10,563000000.0,0.0,120000000.0,118899999.99999999,57210899.99999999,8567575.0,17170531.8334749,17170531.8334749,15.94915254237288,69,30
h3_prize_structure,structure_aggressive,Vyšší skewness,Vyšší podíl jackpotu na úkor nižších tříd.,47,360472,1000,10000000,0.5,120000000.0,0.41,0.0475,0.17300000000000001,20000000000.0,10000000000.0,8691165000.0,5036165000.0,72,139,10,558900000.0,0.0,120000000.0,20499999.999999996,52847399.99999999,8691165.0,16452146.78750998,16452146.78750998,13.647058823529411,65,30
h3_prize_structure,structure_aggressive,Vyšší skewness,Vyšší podíl jackpotu na úkor nižších tříd.,48,360473,1000,10000000,0.5,120000000.0,0.41,0.0475,0.17300000000000001,20000000000.0,10000000000.0,8726200000.0,5071200000.0,62,145,11,582400000.0,0.0,120000000.0,8199999.999999999,56637199.99999999,8726200.0,17351810.29921662,17351810.29921662,16.17241379310345,62,30
h3_prize_structure,structure_aggressive,Vyšší skewness,Vyšší podíl jackpotu na úkor nižších tříd.,49,360474,1000,10000000,0.5,120000000.0,0.41,0.0475,0.17300000000000001,20000000000.0,10000000000.0,8682195000.0,5027195000.0,80,118,8,474999999.99999994,0.0,120000000.0,53299999.99999999,48919199.99999999,8682195.0,15957736.265115267,15957736.265115267,12.105263157894736,67,30
h3_prize_structure,structure_aggressive,Vyšší skewness,Vyšší podíl jackpotu na úkor nižších tříd.,50,360475,1000,10000000,0.5,120000000.0,0.41,0.0475,0.17300000000000001,20000000000.0,10000000000.0,8702930000.0,5047930000.0,77,130,9,523099999.99999994,0.0,120000000.0,90199999.99999999,50517999.99999999,8702930.0,16025113.243440745,16025113.243440745,13.185714285714285,60,30
h3_prize_structure,structure_aggressive,Vyšší skewness,Vyšší podíl jackpotu na úkor nižších tříd.,51,360476,1000,10000000,0.5,120000000.0,0.41,0.0475,0.17300000000000001,20000000000.0,10000000000.0,8644620000.0,4989620000.0,59,145,9,584600000.0,0.0,120000000.0,49199999.99999999,55503699.99999999,8644620.0,16912491.9794689,16912491.9794689,16.224137931034484,75,30
h3_prize_structure,structure_aggressive,Vyšší skewness,Vyšší podíl jackpotu na úkor nižších tříd.,52,360477,1000,10000000,0.5,120000000.0,0.41,0.0475,0.17300000000000001,20000000000.0,10000000000.0,8742530000.0,5087530000.0,58,106,8,425799999.99999994,0.0,120000000.0,24599999.999999996,52546799.99999999,8742530.0,17353816.95331318,17353816.95331318,16.526315789473685,60,30
h3_prize_structure,structure_aggressive,Vyšší skewness,Vyšší podíl jackpotu na úkor nižších tříd.,53,360478,1000,10000000,0.5,120000000.0,0.41,0.0475,0.17300000000000001,20000000000.0,10000000000.0,8706335000.0,5051335000.0,82,112,9,449299999.99999994,0.0,120000000.0,45099999.99999999,47870099.99999999,8706335.0,15967508.23368427,15967508.23368427,12.24,83,30
h3_prize_structure,structure_aggressive,Vyšší skewness,Vyšší podíl jackpotu na úkor nižších tříd.,54,360479,1000,10000000,0.5,120000000.0,0.41,0.0475,0.17300000000000001,20000000000.0,10000000000.0,8645670000.0,4990670000.0,59,141,11,566000000.0,0.0,120000000.0,94299999.99999999,56522099.99999999,8645670.0,17143882.11290255,17143882.11290255,16.50877192982456,62,30
h3_prize_structure,structure_aggressive,Vyšší skewness,Vyšší podíl jackpotu na úkor nižších tříd.,55,360480,1000,10000000,0.5,120000000.0,0.41,0.0475,0.17300000000000001,20000000000.0,10000000000.0,8618240000.0,4963240000.0,63,172,9,695300000.0,0.0,120000000.0,120000000.0,56640399.99999999,8618240.0,16039267.972772323,16039267.972772323,15.360655737704919,82,30
h3_prize_structure,structure_aggressive,Vyšší skewness,Vyšší podíl jackpotu na úkor nižších tříd.,56,360481,1000,10000000,0.5,120000000.0,0.41,0.0475,0.17300000000000001,20000000000.0,10000000000.0,8747850000.0,5092850000.0,71,63,8,249499999.99999994,0.0,120000000.0,73799999.99999999,47263799.99999999,8747850.0,17221602.179457635,17221602.179457635,13.865671641791044,42,30
h3_prize_structure,structure_aggressive,Vyšší skewness,Vyšší podíl jackpotu na úkor nižších tříd.,57,360482,1000,10000000,0.5,120000000.0,0.41,0.0475,0.17300000000000001,20000000000.0,10000000000.0,8647585000.0,4992585000.0,58,161,13,645800000.0,0.0,120000000.0,90199999.99999999,59206899.99999999,8647585.0,17251980.12817007,17251980.12817007,17.12727272727273,61,30
h3_prize_structure,structure_aggressive,Vyšší skewness,Vyšší podíl jackpotu na úkor nižších tříd.,58,360483,1000,10000000,0.5,120000000.0,0.41,0.0475,0.17300000000000001,20000000000.0,10000000000.0,8713020000.0,5058020000.0,65,149,10,599900000.0,0.0,120000000.0,49199999.99999999,54436899.99999999,8713020.0,16590921.764012992,16590921.764012992,16.120689655172413,61,30
h3_prize_structure,structure_aggressive,Vyšší skewness,Vyšší podíl jackpotu na úkor nižších tříd.,59,360484,1000,10000000,0.5,120000000.0,0.41,0.0475,0.17300000000000001,20000000000.0,10000000000.0,8691915000.0,5036915000.0,78,101,6,407499999.99999994,0.0,120000000.0,57399999.99999999,47336499.99999999,8691915.0,16113750.688706057,16113750.688706057,12.63013698630137,66,30
h3_prize_structure,structure_aggressive,Vyšší skewness,Vyšší podíl jackpotu na úkor nižších tříd.,60,360485,1000,10000000,0.5,120000000.0,0.41,0.0475,0.17300000000000001,20000000000.0,10000000000.0,8692340000.0,5037340000.0,75,135,6,546899999.9999999,0.0,120000000.0,32799999.999999996,49374699.99999999,8692340.0,15634229.953035742,15634229.95303574,13.214285714285714,72,30
h3_prize_structure,structure_aggressive,Vyšší skewness,Vyšší podíl jackpotu na úkor nižších tříd.,61,360486,1000,10000000,0.5,120000000.0,0.41,0.0475,0.17300000000000001,20000000000.0,10000000000.0,8696265000.0,5041265000.0,65,105,11,418399999.99999994,0.0,120000000.0,69699999.99999999,52103699.99999999,8696265.0,17185122.994170714,17185122.994170714,14.609375,52,30
h3_prize_structure,structure_aggressive,Vyšší skewness,Vyšší podíl jackpotu na úkor nižších tříd.,62,360487,1000,10000000,0.5,120000000.0,0.41,0.0475,0.17300000000000001,20000000000.0,10000000000.0,8678670000.0,5023670000.0,72,132,9,531299999.99999994,0.0,120000000.0,65599999.99999999,52250399.99999999,8678670.0,16503131.71434743,16503131.71434743,14.06060606060606,73,30
h3_prize_structure,structure_aggressive,Vyšší skewness,Vyšší podíl jackpotu na úkor nižších tříd.,63,360488,1000,10000000,0.5,120000000.0,0.41,0.0475,0.17300000000000001,20000000000.0,10000000000.0,8741985000.0,5086985000.0,85,48,7,189099999.99999988,0.0,120000000.0,98399999.99999999,42266899.99999999,8741985.0,16263704.016452555,16263704.016452555,11.73076923076923,47,30
h3_prize_structure,structure_aggressive,Vyšší skewness,Vyšší podíl jackpotu na úkor nižších tříd.,64,360489,1000,10000000,0.5,120000000.0,0.41,0.0475,0.17300000000000001,20000000000.0,10000000000.0,8825975000.0,5170975000.0,82,44,6,173799999.99999994,0.0,120000000.0,24599999.999999996,43665799.99999999,8825975.0,16953714.646778002,16953714.646778002,12.078947368421053,41,30
h3_prize_structure,structure_aggressive,Vyšší skewness,Vyšší podíl jackpotu na úkor nižších tříd.,65,360490,1000,10000000,0.5,120000000.0,0.41,0.0475,0.17300000000000001,20000000000.0,10000000000.0,8801810000.0,5146810000.0,85,68,7,271099999.9999999,0.0,120000000.0,28699999.999999996,43289299.99999999,8801810.0,16172299.959310053,16172299.959310053,11.4375,49,30
h3_prize_structure,structure_aggressive,Vyšší skewness,Vyšší podíl jackpotu na úkor nižších tříd.,66,360491,1000,10000000,0.5,120000000.0,0.41,0.0475,0.17300000000000001,20000000000.0,10000000000.0,8719900000.0,5064900000.0,67,88,7,353099999.99999994,0.0,120000000.0,81999999.99999999,49022599.99999999,8719900.0,16821164.251917876,16821164.251917876,14.353846153846154,61,30
h3_prize_structure,structure_aggressive,Vyšší skewness,Vyšší podíl jackpotu na úkor nižších tříd.,67,360492,1000,10000000,0.5,120000000.0,0.41,0.0475,0.17300000000000001,20000000000.0,10000000000.0,8776660000.0,5121660000.0,81,108,6,436199999.99999994,0.0,120000000.0,28699999.999999996,47454899.99999999,8776660.0,16031408.52340804,16031408.52340804,12.092105263157896,57,30
h3_prize_structure,structure_aggressive,Vyšší skewness,Vyšší podíl jackpotu na úkor nižších tříd.,68,360493,1000,10000000,0.5,120000000.0,0.41,0.0475,0.17300000000000001,20000000000.0,10000000000.0,8693200000.0,5038200000.0,63,149,11,598799999.9999999,0.0,120000000.0,40999999.99999999,55165599.99999999,8693200.0,16787875.048975077,16787875.048975077,15.88135593220339,94,30
h3_prize_structure,structure_aggressive,Vyšší skewness,Vyšší podíl jackpotu na úkor nižších tříd.,69,360494,1000,10000000,0.5,120000000.0,0.41,0.0475,0.17300000000000001,20000000000.0,10000000000.0,8780665000.0,5125665000.0,70,90,6,362399999.99999994,0.0,120000000.0,0.0,49087399.99999999,8780665.0,16981476.65348261,16981476.65348261,14.090909090909092,55,30
h3_prize_structure,structure_aggressive,Vyšší skewness,Vyšší podíl jackpotu na úkor nižších tříd.,70,360495,1000,10000000,0.5,120000000.0,0.41,0.0475,0.17300000000000001,20000000000.0,10000000000.0,8702845000.0,5047845000.0,72,110,8,442199999.99999994,0.0,120000000.0,120000000.0,48352799.99999999,8702845.0,15784335.272065623,15784335.272065623,13.850746268656716,85,30
h3_prize_structure,structure_aggressive,Vyšší skewness,Vyšší podíl jackpotu na úkor nižších tříd.,71,360496,1000,10000000,0.5,120000000.0,0.41,0.0475,0.17300000000000001,20000000000.0,10000000000.0,8750675000.0,5095675000.0,80,83,10,329299999.99999994,0.0,120000000.0,32799999.999999996,48710399.99999999,8750675.0,17191661.530212108,17191661.530212108,12.602739726027398,79,30
h3_prize_structure,structure_aggressive,Vyšší skewness,Vyšší podíl jackpotu na úkor nižších tříd.,72,360497,1000,10000000,0.5,120000000.0,0.41,0.0475,0.17300000000000001,20000000000.0,10000000000.0,8752125000.0,5097125000.0,75,125,6,505899999.99999994,0.0,120000000.0,0.0,49601499.99999999,8752125.0,15988747.71391978,15988747.71391978,13.405797101449275,97,30
h3_prize_structure,structure_aggressive,Vyšší skewness,Vyšší podíl jackpotu na úkor nižších tříd.,73,360498,1000,10000000,0.5,120000000.0,0.41,0.0475,0.17300000000000001,20000000000.0,10000000000.0,8782830000.0,5127830000.0,73,94,12,372199999.99999994,0.0,120000000.0,24599999.999999996,50434099.99999999,8782830.0,17375444.80412228,17375444.80412228,13.434782608695652,57,30
h3_prize_structure,structure_aggressive,Vyšší skewness,Vyšší podíl jackpotu na úkor nižších tříd.,74,360499,1000,10000000,0.5,120000000.0,0.41,0.0475,0.17300000000000001,20000000000.0,10000000000.0,8547385000.0,4892385000.0,58,185,10,747500000.0,0.0,120000000.0,120000000.0,58609299.99999999,8547385.0,16226671.905747492,16226671.905747492,17.12727272727273,80,30
h3_prize_structure,structure_aggressive,Vyšší skewness,Vyšší podíl jackpotu na úkor nižších tříd.,75,360500,1000,10000000,0.5,120000000.0,0.41,0.0475,0.17300000000000001,20000000000.0,10000000000.0,8692575000.0,5037575000.0,71,85,6,341899999.99999994,0.0,120000000.0,49199999.99999999,47347599.99999999,8692575.0,16628578.13207055,16628578.13207055,13.865671641791044,53,30
h3_prize_structure,structure_aggressive,Vyšší skewness,Vyšší podíl jackpotu na úkor nižších tříd.,76,360501,1000,10000000,0.5,120000000.0,0.41,0.0475,0.17300000000000001,20000000000.0,10000000000.0,8805200000.0,5150200000.0,80,63,7,250599999.99999994,0.0,120000000.0,0.0,46063599.99999999,8805200.0,17047604.481568664,17047604.48156866,12.432432432432432,45,30
h3_prize_structure,structure_aggressive,Vyšší skewness,Vyšší podíl jackpotu na úkor nižších tříd.,77,360502,1000,10000000,0.5,120000000.0,0.41,0.0475,0.17300000000000001,20000000000.0,10000000000.0,8777080000.0,5122080000.0,70,104,8,417599999.99999994,0.0,120000000.0,4099999.9999999995,49239999.99999999,8777080.0,16634253.33381694,16634253.333816938,13.676470588235293,57,30
h3_prize_structure,structure_aggressive,Vyšší skewness,Vyšší podíl jackpotu na úkor nižších tříd.,78,360503,1000,10000000,0.5,120000000.0,0.41,0.0475,0.17300000000000001,20000000000.0,10000000000.0,8789725000.0,5134724999.999999,67,77,6,309099999.99999994,0.0,120000000.0,4099999.9999999995,48863999.99999999,8789725.0,17272219.278349116,17272219.278349116,14.353846153846154,58,30
h3_prize_structure,structure_aggressive,Vyšší skewness,Vyšší podíl jackpotu na úkor nižších tříd.,79,360504,1000,10000000,0.5,120000000.0,0.41,0.0475,0.17300000000000001,20000000000.0,10000000000.0,8775605000.0,5120605000.0,66,119,8,479099999.99999994,0.0,120000000.0,4099999.9999999995,51618099.99999999,8775605.0,16797323.84217721,16797323.84217721,14.825396825396826,63,30
h3_prize_structure,structure_aggressive,Vyšší skewness,Vyšší podíl jackpotu na úkor nižších tříd.,80,360505,1000,10000000,0.5,120000000.0,0.41,0.0475,0.17300000000000001,20000000000.0,10000000000.0,8719965000.0,5064965000.0,65,142,9,572300000.0,0.0,120000000.0,28699999.999999996,54668099.99999999,8719965.0,16841589.285865363,16841589.285865363,15.327868852459016,76,30
h3_prize_structure,structure_aggressive,Vyšší skewness,Vyšší podíl jackpotu na úkor nižších tříd.,81,360506,1000,10000000,0.5,120000000.0,0.41,0.0475,0.17300000000000001,20000000000.0,10000000000.0,8652860000.0,4997860000.0,65,155,10,624500000.0,0.0,120000000.0,36899999.99999999,54652599.99999999,8652860.0,16470594.240050962,16470594.240050962,14.609375,62,30
h3_prize_structure,structure_aggressive,Vyšší skewness,Vyšší podíl jackpotu na úkor nižších tříd.,82,360507,1000,10000000,0.5,120000000.0,0.41,0.0475,0.17300000000000001,20000000000.0,10000000000.0,8747555000.0,5092555000.0,75,121,9,486199999.99999994,0.0,120000000.0,8199999.999999999,51438799.99999999,8747555.0,16738009.92194039,16738009.92194039,13.214285714285714,65,30
h3_prize_structure,structure_aggressive,Vyšší skewness,Vyšší podíl jackpotu na úkor nižších tříd.,83,360508,1000,10000000,0.5,120000000.0,0.41,0.0475,0.17300000000000001,20000000000.0,10000000000.0,8734930000.0,5079930000.0,68,47,6,186099999.99999994,0.0,120000000.0,77899999.99999999,48474299.99999999,8734930.0,17916572.187366083,17916572.187366083,14.5625,49,30
h3_prize_structure,structure_aggressive,Vyšší skewness,Vyšší podíl jackpotu na úkor nižších tříd.,84,360509,1000,10000000,0.5,120000000.0,0.41,0.0475,0.17300000000000001,20000000000.0,10000000000.0,8677060000.0,5022060000.0,69,104,9,416499999.99999994,0.0,120000000.0,69699999.99999999,50124499.99999999,8677060.0,16793207.95906488,16793207.95906488,13.895522388059701,59,30
h3_prize_structure,structure_aggressive,Vyšší skewness,Vyšší podíl jackpotu na úkor nižších tříd.,85,360510,1000,10000000,0.5,120000000.0,0.41,0.0475,0.17300000000000001,20000000000.0,10000000000.0,8752670000.0,5097670000.0,77,134,7,541700000.0,0.0,120000000.0,4099999.9999999995,52705799.99999999,8752670.0,16538015.876189621,16538015.876189621,13,78,30
h3_prize_structure,structure_aggressive,Vyšší skewness,Vyšší podíl jackpotu na úkor nižších tříd.,86,360511,1000,10000000,0.5,120000000.0,0.41,0.0475,0.17300000000000001,20000000000.0,10000000000.0,8603335000.0,4948335000.0,60,182,10,735200000.0,0.0,120000000.0,120000000.0,58597799.99999999,8603335.0,16274834.724284451,16274834.724284451,17.09090909090909,79,30
h3_prize_structure,structure_aggressive,Vyšší skewness,Vyšší podíl jackpotu na úkor nižších tříd.,87,360512,1000,10000000,0.5,120000000.0,0.41,0.0475,0.17300000000000001,20000000000.0,10000000000.0,8813080000.0,5158080000.0,75,53,6,210699999.99999994,0.0,120000000.0,24599999.999999996,45389499.99999999,8813080.0,17115721.61533366,17115721.61533366,13.028169014084508,44,30
h3_prize_structure,structure_aggressive,Vyšší skewness,Vyšší podíl jackpotu na úkor nižších tříd.,88,360513,1000,10000000,0.5,120000000.0,0.41,0.0475,0.17300000000000001,20000000000.0,10000000000.0,8739160000.0,5084160000.0,76,47,8,183899999.99999988,0.0,120000000.0,77899999.99999999,45130599.99999999,8739160.0,17199032.38541052,17199032.38541052,12.32,41,30
h3_prize_structure,structure_aggressive,Vyšší skewness,Vyšší podíl jackpotu na úkor nižších tříd.,89,360514,1000,10000000,0.5,120000000.0,0.41,0.0475,0.17300000000000001,20000000000.0,10000000000.0,8733165000.0,5078165000.0,75,69,7,275199999.99999994,0.0,120000000.0,57399999.99999999,48858199.99999999,8733165.0,17396011.47268462,17396011.47268462,14.015151515151516,44,30
h3_prize_structure,structure_aggressive,Vyšší skewness,Vyšší podíl jackpotu na úkor nižších tříd.,90,360515,1000,10000000,0.5,120000000.0,0.41,0.0475,0.17300000000000001,20000000000.0,10000000000.0,8797840000.0,5142840000.0,70,78,8,310999999.99999994,0.0,120000000.0,8199999.999999999,47743599.99999999,8797840.0,17038460.054664563,17038460.054664563,13.285714285714286,50,30
h3_prize_structure,structure_aggressive,Vyšší skewness,Vyšší podíl jackpotu na úkor nižších tříd.,91,360516,1000,10000000,0.5,120000000.0,0.41,0.0475,0.17300000000000001,20000000000.0,10000000000.0,8744930000.0,5089930000.0,66,107,11,426599999.99999994,0.0,120000000.0,28699999.999999996,53225199.99999999,8744930.0,17560201.776890263,17560201.776890263,15.064516129032258,60,30
h3_prize_structure,structure_aggressive,Vyšší skewness,Vyšší podíl jackpotu na úkor nižších tříd.,92,360517,1000,10000000,0.5,120000000.0,0.41,0.0475,0.17300000000000001,20000000000.0,10000000000.0,8698610000.0,5043610000.0,68,87,9,346799999.99999994,0.0,120000000.0,45099999.99999999,50261599.99999999,8698610.0,17405656.16453169,17405656.16453169,14.338461538461539,48,30
h3_prize_structure,structure_aggressive,Vyšší skewness,Vyšší podíl jackpotu na úkor nižších tříd.,93,360518,1000,10000000,0.5,120000000.0,0.41,0.0475,0.17300000000000001,20000000000.0,10000000000.0,8730625000.0,5075625000.0,54,161,16,642499999.9999999,0.0,120000000.0,0.0,60728799.99999999,8730625.0,18028124.327959772,18028124.327959772,19.708333333333332,69,30
h3_prize_structure,structure_aggressive,Vyšší skewness,Vyšší podíl jackpotu na úkor nižších tříd.,94,360519,1000,10000000,0.5,120000000.0,0.41,0.0475,0.17300000000000001,20000000000.0,10000000000.0,8779910000.0,5124910000.0,70,71,6,284499999.99999994,0.0,120000000.0,69699999.99999999,47815999.99999999,8779910.0,17013504.798891377,17013504.798891377,14.090909090909092,54,30
h3_prize_structure,structure_aggressive,Vyšší skewness,Vyšší podíl jackpotu na úkor nižších tříd.,95,360520,1000,10000000,0.5,120000000.0,0.41,0.0475,0.17300000000000001,20000000000.0,10000000000.0,8734795000.0,5079795000.0,70,90,7,361299999.99999994,0.0,120000000.0,4099999.9999999995,50894399.99999999,8734795.0,17416355.400398068,17416355.400398068,14.53125,70,30
h3_prize_structure,structure_aggressive,Vyšší skewness,Vyšší podíl jackpotu na úkor nižších tříd.,96,360521,1000,10000000,0.5,120000000.0,0.41,0.0475,0.17300000000000001,20000000000.0,10000000000.0,8818345000.0,5163345000.0,74,90,13,354699999.99999994,0.0,120000000.0,4099999.9999999995,49936599.99999999,8818345.0,17395435.43680281,17395435.43680281,12.86111111111111,49,30
h3_prize_structure,structure_aggressive,Vyšší skewness,Vyšší podíl jackpotu na úkor nižších tříd.,97,360522,1000,10000000,0.5,120000000.0,0.41,0.0475,0.17300000000000001,20000000000.0,10000000000.0,8764570000.0,5109570000.0,66,98,9,391899999.99999994,0.0,120000000.0,8199999.999999999,50671399.99999999,8764570.0,17228901.644187883,17228901.644187883,14.59375,62,30
h3_prize_structure,structure_aggressive,Vyšší skewness,Vyšší podíl jackpotu na úkor nižších tříd.,98,360523,1000,10000000,0.5,120000000.0,0.41,0.0475,0.17300000000000001,20000000000.0,10000000000.0,8755825000.0,5100825000.0,69,120,11,479899999.99999994,0.0,120000000.0,16399999.999999998,55293599.99999999,8755825.0,17706635.81667548,17706635.81667548,14.546875,57,30
h3_prize_structure,structure_aggressive,Vyšší skewness,Vyšší podíl jackpotu na úkor nižších tříd.,99,360524,1000,10000000,0.5,120000000.0,0.41,0.0475,0.17300000000000001,20000000000.0,10000000000.0,8685710000.0,5030710000.0,71,139,8,561100000.0,0.0,120000000.0,49199999.99999999,52997199.99999999,8685710.0,16477657.67170504,16477657.67170504,13.865671641791044,62,30
h3_prize_structure,structure_aggressive,Vyšší skewness,Vyšší podíl jackpotu na úkor nižších tříd.,100,360525,1000,10000000,0.5,120000000.0,0.41,0.0475,0.17300000000000001,20000000000.0,10000000000.0,8687720000.0,5032720000.0,68,148,9,596900000.0,0.0,120000000.0,61499999.99999999,54547599.99999999,8687720.0,16533327.357238166,16533327.357238166,15.03225806451613,75,30
h3_prize_structure,structure_aggressive,Vyšší skewness,Vyšší podíl jackpotu na úkor nižších tříd.,101,360526,1000,10000000,0.5,120000000.0,0.41,0.0475,0.17300000000000001,20000000000.0,10000000000.0,8753065000.0,5098065000.0,80,96,6,387000000.0,0.0,120000000.0,4099999.9999999995,46699599.99999999,8753065.0,16140599.031038933,16140599.031038933,12.266666666666667,73,30
h3_prize_structure,structure_aggressive,Vyšší skewness,Vyšší podíl jackpotu na úkor nižších tříd.,102,360527,1000,10000000,0.5,120000000.0,0.41,0.0475,0.17300000000000001,20000000000.0,10000000000.0,8728845000.0,5073845000.0,65,115,9,461599999.99999994,0.0,120000000.0,28699999.999999996,51883199.99999999,8728845.0,16928816.297691192,16928816.297691192,15.080645161290322,56,30
h3_prize_structure,structure_aggressive,Vyšší skewness,Vyšší podíl jackpotu na úkor nižších tříd.,103,360528,1000,10000000,0.5,120000000.0,0.41,0.0475,0.17300000000000001,20000000000.0,10000000000.0,8659715000.0,5004715000.0,77,127,6,514099999.99999994,0.0,120000000.0,65599999.99999999,49349499.99999999,8659715.0,15825348.531510292,15825348.531510292,12.472972972972974,88,30
h3_prize_structure,structure_aggressive,Vyšší skewness,Vyšší podíl jackpotu na úkor nižších tříd.,104,360529,1000,10000000,0.5,120000000.0,0.41,0.0475,0.17300000000000001,20000000000.0,10000000000.0,8678560000.0,5023560000.0,69,135,11,541400000.0,0.0,120000000.0,16399999.999999998,54112899.99999999,8678560.0,17031775.005160205,17031775.005160205,14.323076923076924,64,30
h3_prize_structure,structure_aggressive,Vyšší skewness,Vyšší podíl jackpotu na úkor nižších tříd.,105,360530,1000,10000000,0.5,120000000.0,0.41,0.0475,0.17300000000000001,20000000000.0,10000000000.0,8751925000.0,5096925000.0,86,68,5,273299999.99999994,0.0,120000000.0,69699999.99999999,43635899.99999999,8751925.0,16081620.934140157,16081620.934140157,11.425,54,30
h3_prize_structure,structure_aggressive,Vyšší skewness,Vyšší podíl jackpotu na úkor nižších tříd.,106,360531,1000,10000000,0.5,120000000.0,0.41,0.0475,0.17300000000000001,20000000000.0,10000000000.0,8712715000.0,5057715000.0,65,175,8,708700000.0,0.0,120000000.0,32799999.999999996,57095799.99999999,8712715.0,16439680.822746376,16439680.822746376,16.120689655172413,69,30
h3_prize_structure,structure_aggressive,Vyšší skewness,Vyšší podíl jackpotu na úkor nižších tříd.,107,360532,1000,10000000,0.5,120000000.0,0.41,0.0475,0.17300000000000001,20000000000.0,10000000000.0,8654980000.0,4999980000.0,76,141,9,568200000.0,0.0,120000000.0,90199999.99999999,54273399.99999999,8654980.0,16648984.587643774,16648984.587643774,13.2,62,30
h3_prize_structure,structure_aggressive,Vyšší skewness,Vyšší podíl jackpotu na úkor nižších tříd.,108,360533,1000,10000000,0.5,120000000.0,0.41,0.0475,0.17300000000000001,20000000000.0,10000000000.0,8678990000.0,5023990000.0,61,139,9,560000000.0,0.0,120000000.0,69699999.99999999,56091599.99999999,8678990.0,17152104.994137015,17152104.994137015,16.473684210526315,59,30
h3_prize_structure,structure_aggressive,Vyšší skewness,Vyšší podíl jackpotu na úkor nižších tříd.,109,360534,1000,10000000,0.5,120000000.0,0.41,0.0475,0.17300000000000001,20000000000.0,10000000000.0,8664615000.0,5009615000.0,75,153,8,618500000.0,0.0,120000000.0,53299999.99999999,54689499.99999999,8664615.0,16490209.766002825,16490209.766002825,14.015151515151516,77,30
h3_prize_structure,structure_aggressive,Vyšší skewness,Vyšší podíl jackpotu na úkor nižších tříd.,110,360535,1000,10000000,0.5,120000000.0,0.41,0.0475,0.17300000000000001,20000000000.0,10000000000.0,8678490000.0,5023490000.0,55,157,12,630500000.0,0.0,120000000.0,61499999.99999999,59195399.99999999,8678490.0,17441668.94451044,17441668.94451044,17.830188679245282,54,30
h3_prize_structure,structure_aggressive,Vyšší skewness,Vyšší podíl jackpotu na úkor nižších tříd.,111,360536,1000,10000000,0.5,120000000.0,0.41,0.0475,0.17300000000000001,20000000000.0,10000000000.0,8826035000.0,5171035000.0,80,55,7,217799999.99999994,0.0,120000000.0,16399999.999999998,44172899.99999999,8826035.0,16787948.73127074,16787948.73127074,12.105263157894736,43,30
h3_prize_structure,structure_aggressive,Vyšší skewness,Vyšší podíl jackpotu na úkor nižších tříd.,112,360537,1000,10000000,0.5,120000000.0,0.41,0.0475,0.17300000000000001,20000000000.0,10000000000.0,8616925000.0,4961925000.0,66,137,9,551799999.9999999,0.0,120000000.0,120000000.0,53346499.99999999,8616925.0,16245622.84184189,16245622.84184189,15.064516129032258,79,30
h3_prize_structure,structure_aggressive,Vyšší skewness,Vyšší podíl jackpotu na úkor nižších tříd.,113,360538,1000,10000000,0.5,120000000.0,0.41,0.0475,0.17300000000000001,20000000000.0,10000000000.0,8664060000.0,5009060000.0,75,90,10,357999999.99999994,0.0,120000000.0,120000000.0,48898499.99999999,8664060.0,16562936.563798098,16562936.563798098,12.847222222222221,56,30
h3_prize_structure,structure_aggressive,Vyšší skewness,Vyšší podíl jackpotu na úkor nižších tříd.,114,360539,1000,10000000,0.5,120000000.0,0.41,0.0475,0.17300000000000001,20000000000.0,10000000000.0,8559075000.0,4904075000.0,47,177,14,710300000.0,0.0,120000000.0,120000000.0,64393499.99999999,8559075.0,17931136.081391357,17931136.081391357,21.177777777777777,90,30
h3_prize_structure,structure_aggressive,Vyšší skewness,Vyšší podíl jackpotu na úkor nižších tříd.,115,360540,1000,10000000,0.5,120000000.0,0.41,0.0475,0.17300000000000001,20000000000.0,10000000000.0,8650485000.0,4995485000.0,62,171,6,694500000.0,0.0,120000000.0,81999999.99999999,56294099.99999999,8650485.0,16122176.740123369,16122176.740123369,15.129032258064516,101,30
h3_prize_structure,structure_aggressive,Vyšší skewness,Vyšší podíl jackpotu na úkor nižších tříd.,116,360541,1000,10000000,0.5,120000000.0,0.41,0.0475,0.17300000000000001,20000000000.0,10000000000.0,8608915000.0,4953915000.0,64,135,11,541400000.0,0.0,120000000.0,57399999.99999999,54895999.99999999,8608915.0,17042524.6617916,17042524.6617916,15.344262295081966,61,30
h3_prize_structure,structure_aggressive,Vyšší skewness,Vyšší podíl jackpotu na úkor nižších tříd.,117,360542,1000,10000000,0.5,120000000.0,0.41,0.0475,0.17300000000000001,20000000000.0,10000000000.0,8653570000.0,4998570000.0,59,122,10,489199999.99999994,0.0,120000000.0,102499999.99999999,55194399.99999999,8653570.0,17346813.214682978,17346813.214682978,17.754716981132077,63,30
h3_prize_structure,structure_aggressive,Vyšší skewness,Vyšší podíl jackpotu na úkor nižších tříd.,118,360543,1000,10000000,0.5,120000000.0,0.41,0.0475,0.17300000000000001,20000000000.0,10000000000.0,8724830000.0,5069830000.0,62,108,10,431799999.99999994,0.0,120000000.0,0.0,52698499.99999999,8724830.0,17324097.803957928,17324097.803957928,15.633333333333333,51,30
h3_prize_structure,structure_aggressive,Vyšší skewness,Vyšší podíl jackpotu na úkor nižších tříd.,119,360544,1000,10000000,0.5,120000000.0,0.41,0.0475,0.17300000000000001,20000000000.0,10000000000.0,8649100000.0,4994100000.0,69,129,9,518999999.99999994,0.0,120000000.0,120000000.0,52234799.99999999,8649100.0,16213352.928681962,16213352.928681962,14.546875,59,30
h3_prize_structure,structure_aggressive,Vyšší skewness,Vyšší podíl jackpotu na úkor nižších tříd.,120,360545,1000,10000000,0.5,120000000.0,0.41,0.0475,0.17300000000000001,20000000000.0,10000000000.0,8763165000.0,5108165000.0,72,110,8,442199999.99999994,0.0,120000000.0,4099999.9999999995,49845199.99999999,8763165.0,16568317.387646066,16568317.387646066,14.06060606060606,77,30
h3_prize_structure,structure_aggressive,Vyšší skewness,Vyšší podíl jackpotu na úkor nižších tříd.,121,360546,1000,10000000,0.5,120000000.0,0.41,0.0475,0.17300000000000001,20000000000.0,10000000000.0,8776740000.0,5121740000.0,69,61,8,241299999.99999994,0.0,120000000.0,28699999.999999996,46589199.99999999,8776740.0,17203547.069497034,17203547.069497034,14.106060606060606,43,30
h3_prize_structure,structure_aggressive,Vyšší skewness,Vyšší podíl jackpotu na úkor nižších tříd.,122,360547,1000,10000000,0.5,120000000.0,0.41,0.0475,0.17300000000000001,20000000000.0,10000000000.0,8747145000.0,5092145000.0,65,112,10,448199999.99999994,0.0,120000000.0,49199999.99999999,52009999.99999999,8747145.0,17058162.149656538,17058162.149656538,15.583333333333334,58,30
h3_prize_structure,structure_aggressive,Vyšší skewness,Vyšší podíl jackpotu na úkor nižších tříd.,123,360548,1000,10000000,0.5,120000000.0,0.41,0.0475,0.17300000000000001,20000000000.0,10000000000.0,8706295000.0,5051295000.0,75,79,8,315099999.99999994,0.0,120000000.0,120000000.0,45719299.99999999,8706295.0,16104288.335656902,16104288.335656902,12.5,55,30
h3_prize_structure,structure_aggressive,Vyšší skewness,Vyšší podíl jackpotu na úkor nižších tříd.,124,360549,1000,10000000,0.5,120000000.0,0.41,0.0475,0.17300000000000001,20000000000.0,10000000000.0,8639580000.0,4984580000.0,65,142,9,572300000.0,0.0,120000000.0,65599999.99999999,53770199.99999999,8639580.0,16395409.330773048,16395409.330773048,15.583333333333334,64,30
h3_prize_structure,structure_aggressive,Vyšší skewness,Vyšší podíl jackpotu na úkor nižších tříd.,125,360550,1000,10000000,0.5,120000000.0,0.41,0.0475,0.17300000000000001,20000000000.0,10000000000.0,8778770000.0,5123770000.0,75,74,4,298999999.99999994,0.0,120000000.0,8199999.999999999,46595599.99999999,8778770.0,16775350.292530404,16775350.292530404,12.67123287671233,61,30
h3_prize_structure,structure_aggressive,Vyšší skewness,Vyšší podíl jackpotu na úkor nižších tříd.,126,360551,1000,10000000,0.5,120000000.0,0.41,0.0475,0.17300000000000001,20000000000.0,10000000000.0,8776790000.0,5121790000.0,73,92,6,370599999.99999994,0.0,120000000.0,20499999.999999996,47445499.99999999,8776790.0,16498247.98716215,16498247.98716215,13.632352941176471,82,30
h3_prize_structure,structure_aggressive,Vyšší skewness,Vyšší podíl jackpotu na úkor nižších tříd.,127,360552,1000,10000000,0.5,120000000.0,0.41,0.0475,0.17300000000000001,20000000000.0,10000000000.0,8750095000.0,5095095000.0,72,76,8,302799999.9999999,0.0,120000000.0,57399999.99999999,48803299.99999999,8750095.0,17261951.96424712,17261951.96424712,13.257142857142858,56,30
h3_prize_structure,structure_aggressive,Vyšší skewness,Vyšší podíl jackpotu na úkor nižších tříd.,128,360553,1000,10000000,0.5,120000000.0,0.41,0.0475,0.17300000000000001,20000000000.0,10000000000.0,8767195000.0,5112195000.0,83,54,4,216999999.99999994,0.0,120000000.0,20499999.999999996,42502299.99999999,8767195.0,16288754.100819834,16288754.100819834,11.756410256410257,70,30
h3_prize_structure,structure_aggressive,Vyšší skewness,Vyšší podíl jackpotu na úkor nižších tříd.,129,360554,1000,10000000,0.5,120000000.0,0.41,0.0475,0.17300000000000001,20000000000.0,10000000000.0,8641925000.0,4986925000.0,64,109,7,439199999.99999994,0.0,120000000.0,120000000.0,52424099.99999999,8641925.0,16846140.960747506,16846140.960747506,16.42105263157895,57,30
h3_prize_structure,structure_aggressive,Vyšší skewness,Vyšší podíl jackpotu na úkor nižších tříd.,130,360555,1000,10000000,0.5,120000000.0,0.41,0.0475,0.17300000000000001,20000000000.0,10000000000.0,8665120000.0,5010120000.0,67,173,11,697200000.0,0.0,120000000.0,61499999.99999999,57012399.99999999,8665120.0,16568293.547785781,16568293.547785781,15.295081967213115,80,30
h3_prize_structure,structure_aggressive,Vyšší skewness,Vyšší podíl jackpotu na úkor nižších tříd.,131,360556,1000,10000000,0.5,120000000.0,0.41,0.0475,0.17300000000000001,20000000000.0,10000000000.0,8778550000.0,5123550000.0,76,119,8,479099999.99999994,0.0,120000000.0,8199999.999999999,49604999.99999999,8778550.0,16344775.588777594,16344775.588777594,12.833333333333334,62,30
h3_prize_structure,structure_aggressive,Vyšší skewness,Vyšší podíl jackpotu na úkor nižších tříd.,132,360557,1000,10000000,0.5,120000000.0,0.41,0.0475,0.17300000000000001,20000000000.0,10000000000.0,8670780000.0,5015780000.0,56,202,10,817200000.0,0.0,120000000.0,0.0,60128599.99999999,8670780.0,16547314.914861564,16547314.914861564,18.153846153846153,69,30
h3_prize_structure,structure_aggressive,Vyšší skewness,Vyšší podíl jackpotu na úkor nižších tříd.,133,360558,1000,10000000,0.5,120000000.0,0.41,0.0475,0.17300000000000001,20000000000.0,10000000000.0,8728065000.0,5073065000.0,69,101,10,403099999.99999994,0.0,120000000.0,8199999.999999999,50702299.99999999,8728065.0,17116422.728793975,17116422.728793975,14.777777777777779,54,30
h3_prize_structure,structure_aggressive,Vyšší skewness,Vyšší podíl jackpotu na úkor nižších tříd.,134,360559,1000,10000000,0.5,120000000.0,0.41,0.0475,0.17300000000000001,20000000000.0,10000000000.0,8692450000.0,5037450000.0,64,177,9,715800000.0,0.0,120000000.0,0.0,57556099.99999999,8692450.0,16501960.63040692,16501960.63040692,16.137931034482758,73,30
h3_prize_structure,structure_aggressive,Vyšší skewness,Vyšší podíl jackpotu na úkor nižších tříd.,135,360560,1000,10000000,0.5,120000000.0,0.41,0.0475,0.17300000000000001,20000000000.0,10000000000.0,8699390000.0,5044390000.0,67,161,11,648000000.0,0.0,120000000.0,12299999.999999998,56744999.99999999,8699390.0,16906055.899526063,16906055.899526063,14.578125,55,30
h3_prize_structure,structure_aggressive,Vyšší skewness,Vyšší podíl jackpotu na úkor nižších tříd.,136,360561,1000,10000000,0.5,120000000.0,0.41,0.0475,0.17300000000000001,20000000000.0,10000000000.0,8661025000.0,5006025000.0,70,121,6,489500000.0,0.0,120000000.0,120000000.0,51114099.99999999,8661025.0,16135440.710571712,16135440.710571712,14.090909090909092,64,30
h3_prize_structure,structure_aggressive,Vyšší skewness,Vyšší podíl jackpotu na úkor nižších tříd.,137,360562,1000,10000000,0.5,120000000.0,0.41,0.0475,0.17300000000000001,20000000000.0,10000000000.0,8692380000.0,5037380000.0,73,91,9,363199999.99999994,0.0,120000000.0,94299999.99999999,48515299.99999999,8692380.0,16503370.026621833,16503370.026621833,13.632352941176471,63,30
h3_prize_structure,structure_aggressive,Vyšší skewness,Vyšší podíl jackpotu na úkor nižších tříd.,138,360563,1000,10000000,0.5,120000000.0,0.41,0.0475,0.17300000000000001,20000000000.0,10000000000.0,8690100000.0,5035100000.0,52,183,10,739300000.0,0.0,120000000.0,8199999.999999999,60525899.99999999,8690100.0,17124074.16154228,17124074.16154228,18.58823529411765,88,30
h3_prize_structure,structure_aggressive,Vyšší skewness,Vyšší podíl jackpotu na úkor nižších tříd.,139,360564,1000,10000000,0.5,120000000.0,0.41,0.0475,0.17300000000000001,20000000000.0,10000000000.0,8770160000.0,5115160000.0,76,81,6,325500000.0,0.0,120000000.0,32799999.999999996,47404699.99999999,8770160.0,16782403.810968198,16782403.810968198,12.833333333333334,65,30
h3_prize_structure,structure_aggressive,Vyšší skewness,Vyšší podíl jackpotu na úkor nižších tříd.,140,360565,1000,10000000,0.5,120000000.0,0.41,0.0475,0.17300000000000001,20000000000.0,10000000000.0,8769510000.0,5114510000.0,80,95,10,378499999.99999994,0.0,120000000.0,28699999.999999996,49580499.99999999,8769510.0,17022909.29335817,17022909.29335817,13.333333333333334,57,30
h3_prize_structure,structure_aggressive,Vyšší skewness,Vyšší podíl jackpotu na úkor nižších tříd.,141,360566,1000,10000000,0.5,120000000.0,0.41,0.0475,0.17300000000000001,20000000000.0,10000000000.0,8621495000.0,4966495000.0,62,210,9,851100000.0,0.0,120000000.0,36899999.99999999,59113499.99999999,8621495.0,15943571.779559778,15943571.779559778,15.898305084745763,84,30
h3_prize_structure,structure_aggressive,Vyšší skewness,Vyšší podíl jackpotu na úkor nižších tříd.,142,360567,1000,10000000,0.5,120000000.0,0.41,0.0475,0.17300000000000001,20000000000.0,10000000000.0,8691895000.0,5036895000.0,78,73,6,292699999.99999994,0.0,120000000.0,94299999.99999999,45062999.99999999,8691895.0,16214453.448512377,16214453.448512377,12.131578947368421,49,30
h3_prize_structure,structure_aggressive,Vyšší skewness,Vyšší podíl jackpotu na úkor nižších tříd.,143,360568,1000,10000000,0.5,120000000.0,0.41,0.0475,0.17300000000000001,20000000000.0,10000000000.0,8711500000.0,5056500000.0,71,110,9,441099999.99999994,0.0,120000000.0,81999999.99999999,50803499.99999999,8711500.0,16692885.707689967,16692885.707689967,14.075757575757576,61,30
h3_prize_structure,structure_aggressive,Vyšší skewness,Vyšší podíl jackpotu na úkor nižších tříd.,144,360569,1000,10000000,0.5,120000000.0,0.41,0.0475,0.17300000000000001,20000000000.0,10000000000.0,8784480000.0,5129480000.0,74,63,7,250599999.99999994,0.0,120000000.0,8199999.999999999,45928299.99999999,8784480.0,16992335.39362968,16992335.39362968,12.86111111111111,51,30
h3_prize_structure,structure_aggressive,Vyšší skewness,Vyšší podíl jackpotu na úkor nižších tříd.,145,360570,1000,10000000,0.5,120000000.0,0.41,0.0475,0.17300000000000001,20000000000.0,10000000000.0,8708130000.0,5053130000.0,69,122,10,489199999.99999994,0.0,120000000.0,77899999.99999999,52500699.99999999,8708130.0,16828802.97445721,16828802.97445721,14.777777777777779,65,30
h3_prize_structure,structure_aggressive,Vyšší skewness,Vyšší podíl jackpotu na úkor nižších tříd.,146,360571,1000,10000000,0.5,120000000.0,0.41,0.0475,0.17300000000000001,20000000000.0,10000000000.0,8680525000.0,5025525000.0,64,117,8,470900000.0,0.0,120000000.0,24599999.999999996,53218999.99999999,8680525.0,17104586.270920876,17104586.270920876,16.42105263157895,62,30
h3_prize_structure,structure_aggressive,Vyšší skewness,Vyšší podíl jackpotu na úkor nižších tříd.,147,360572,1000,10000000,0.5,120000000.0,0.41,0.0475,0.17300000000000001,20000000000.0,10000000000.0,8744830000.0,5089830000.0,67,121,8,487299999.99999994,0.0,120000000.0,24599999.999999996,52202499.99999999,8744830.0,16878443.70257815,16878443.70257815,15.295081967213115,78,30
h3_prize_structure,structure_aggressive,Vyšší skewness,Vyšší podíl jackpotu na úkor nižších tříd.,148,360573,1000,10000000,0.5,120000000.0,0.41,0.0475,0.17300000000000001,20000000000.0,10000000000.0,8739470000.0,5084470000.0,82,83,7,332599999.99999994,0.0,120000000.0,61499999.99999999,47422199.99999999,8739470.0,16681688.124080846,16681688.124080846,12.24,51,30
h3_prize_structure,structure_aggressive,Vyšší skewness,Vyšší podíl jackpotu na úkor nižších tříd.,149,360574,1000,10000000,0.5,120000000.0,0.41,0.0475,0.17300000000000001,20000000000.0,10000000000.0,8715250000.0,5060250000.0,70,140,11,561900000.0,0.0,120000000.0,57399999.99999999,51883899.99999999,8715250.0,16244287.39241891,16244287.39241891,14.090909090909092,66,30
h3_prize_structure,structure_aggressive,Vyšší skewness,Vyšší podíl jackpotu na úkor nižších tříd.,150,360575,1000,10000000,0.5,120000000.0,0.41,0.0475,0.17300000000000001,20000000000.0,10000000000.0,8683180000.0,5028180000.0,75,105,10,419499999.99999994,0.0,120000000.0,120000000.0,49894899.99999999,8683180.0,16320425.986707576,16320425.986707576,13.028169014084508,50,30
h3_prize_structure,structure_aggressive,Vyšší skewness,Vyšší podíl jackpotu na úkor nižších tříd.,151,360576,1000,10000000,0.5,120000000.0,0.41,0.0475,0.17300000000000001,20000000000.0,10000000000.0,8624760000.0,4969760000.0,63,124,10,497399999.99999994,0.0,120000000.0,120000000.0,54401199.99999999,8624760.0,16935764.335937127,16935764.335937127,15.88135593220339,60,30
h3_prize_structure,structure_aggressive,Vyšší skewness,Vyšší podíl jackpotu na úkor nižších tříd.,152,360577,1000,10000000,0.5,120000000.0,0.41,0.0475,0.17300000000000001,20000000000.0,10000000000.0,8794995000.0,5139995000.0,76,80,10,316999999.99999994,0.0,120000000.0,4099999.9999999995,48920299.99999999,8794995.0,17354981.903619923,17354981.903619923,12.657534246575343,50,30
h3_prize_structure,structure_aggressive,Vyšší skewness,Vyšší podíl jackpotu na úkor nižších tříd.,153,360578,1000,10000000,0.5,120000000.0,0.41,0.0475,0.17300000000000001,20000000000.0,10000000000.0,8727330000.0,5072330000.0,67,126,11,504499999.99999994,0.0,120000000.0,45099999.99999999,53873399.99999999,8727330.0,17172532.589024253,17172532.58902425,14.80952380952381,63,30
h3_prize_structure,structure_aggressive,Vyšší skewness,Vyšší podíl jackpotu na úkor nižších tříd.,154,360579,1000,10000000,0.5,120000000.0,0.41,0.0475,0.17300000000000001,20000000000.0,10000000000.0,8733805000.0,5078805000.0,68,105,9,420600000.0,0.0,120000000.0,32799999.999999996,51359699.99999999,8733805.0,17176505.20906319,17176505.20906319,14.5625,62,30
h3_prize_structure,structure_aggressive,Vyšší skewness,Vyšší podíl jackpotu na úkor nižších tříd.,155,360580,1000,10000000,0.5,120000000.0,0.41,0.0475,0.17300000000000001,20000000000.0,10000000000.0,8692255000.0,5037255000.0,68,95,10,378499999.9999999,0.0,120000000.0,94299999.99999999,51409099.99999999,8692255.0,17250305.250631798,17250305.250631798,14.793650793650794,61,30
h3_prize_structure,structure_aggressive,Vyšší skewness,Vyšší podíl jackpotu na úkor nižších tříd.,156,360581,1000,10000000,0.5,120000000.0,0.41,0.0475,0.17300000000000001,20000000000.0,10000000000.0,8768285000.0,5113285000.0,78,70,9,277099999.99999994,0.0,120000000.0,32799999.999999996,47032599.99999999,8768285.0,17100856.6900543,17100856.6900543,12.45945945945946,51,30
h3_prize_structure,structure_aggressive,Vyšší skewness,Vyšší podíl jackpotu na úkor nižších tříd.,157,360582,1000,10000000,0.5,120000000.0,0.41,0.0475,0.17300000000000001,20000000000.0,10000000000.0,8720535000.0,5065535000.0,79,138,10,554800000.0,0.0,120000000.0,16399999.999999998,52727399.99999999,8720535.0,16527882.55460375,16527882.55460375,13.157142857142857,76,30
h3_prize_structure,structure_aggressive,Vyšší skewness,Vyšší podíl jackpotu na úkor nižších tříd.,158,360583,1000,10000000,0.5,120000000.0,0.41,0.0475,0.17300000000000001,20000000000.0,10000000000.0,8772160000.0,5117160000.0,81,66,6,263999999.99999994,0.0,120000000.0,49199999.99999999,44382899.99999999,8772160.0,16443651.417322125,16443651.417322125,12.092105263157896,62,30
h3_prize_structure,structure_aggressive,Vyšší skewness,Vyšší podíl jackpotu na úkor nižších tříd.,159,360584,1000,10000000,0.5,120000000.0,0.41,0.0475,0.17300000000000001,20000000000.0,10000000000.0,8691420000.0,5036420000.0,69,121,9,486199999.99999994,0.0,120000000.0,32799999.999999996,53550299.99999999,8691420.0,17168108.570358004,17168108.570358004,14.323076923076924,70,30
h3_prize_structure,structure_aggressive,Vyšší skewness,Vyšší podíl jackpotu na úkor nižších tříd.,160,360585,1000,10000000,0.5,120000000.0,0.41,0.0475,0.17300000000000001,20000000000.0,10000000000.0,8775995000.0,5120995000.0,74,98,9,391899999.99999994,0.0,120000000.0,4099999.9999999995,49412699.99999999,8775995.0,16878589.010488257,16878589.010488257,13.420289855072463,50,30
h3_prize_structure,structure_aggressive,Vyšší skewness,Vyšší podíl jackpotu na úkor nižších tříd.,161,360586,1000,10000000,0.5,120000000.0,0.41,0.0475,0.17300000000000001,20000000000.0,10000000000.0,8700360000.0,5045360000.0,61,152,13,608900000.0,0.0,120000000.0,4099999.9999999995,58135099.99999999,8700360.0,17476131.48469649,17476131.48469649,16.189655172413794,52,30
h3_prize_structure,structure_aggressive,Vyšší skewness,Vyšší podíl jackpotu na úkor nižších tříd.,162,360587,1000,10000000,0.5,120000000.0,0.41,0.0475,0.17300000000000001,20000000000.0,10000000000.0,8778155000.0,5123155000.0,85,84,8,335599999.99999994,0.0,120000000.0,20499999.999999996,46860499.99999999,8778155.0,16684527.000217145,16684527.000217145,11.582278481012658,64,30
h3_prize_structure,structure_aggressive,Vyšší skewness,Vyšší podíl jackpotu na úkor nižších tříd.,163,360588,1000,10000000,0.5,120000000.0,0.41,0.0475,0.17300000000000001,20000000000.0,10000000000.0,8660595000.0,5005595000.0,67,157,9,633800000.0,0.0,120000000.0,28699999.999999996,55258599.99999999,8660595.0,16547792.98489605,16547792.98489605,14.353846153846154,67,30
h3_prize_structure,structure_aggressive,Vyšší skewness,Vyšší podíl jackpotu na úkor nižších tříd.,164,360589,1000,10000000,0.5,120000000.0,0.41,0.0475,0.17300000000000001,20000000000.0,10000000000.0,8789550000.0,5134550000.0,71,84,10,333399999.99999994,0.0,120000000.0,0.0,49933299.99999999,8789550.0,17448887.550428536,17448887.550428536,14.292307692307693,47,30
h3_prize_structure,structure_aggressive,Vyšší skewness,Vyšší podíl jackpotu na úkor nižších tříd.,165,360590,1000,10000000,0.5,120000000.0,0.41,0.0475,0.17300000000000001,20000000000.0,10000000000.0,8684340000.0,5029340000.0,60,145,8,585700000.0,0.0,120000000.0,61499999.99999999,54184599.99999999,8684340.0,16575153.044976687,16575153.044976687,15.932203389830509,79,30
h3_prize_structure,structure_aggressive,Vyšší skewness,Vyšší podíl jackpotu na úkor nižších tříd.,166,360591,1000,10000000,0.5,120000000.0,0.41,0.0475,0.17300000000000001,20000000000.0,10000000000.0,8695930000.0,5040930000.0,80,105,8,421699999.99999994,0.0,120000000.0,40999999.99999999,47863499.99999999,8695930.0,16204253.613946553,16204253.613946553,12.777777777777779,76,30
h3_prize_structure,structure_aggressive,Vyšší skewness,Vyšší podíl jackpotu na úkor nižších tříd.,167,360592,1000,10000000,0.5,120000000.0,0.41,0.0475,0.17300000000000001,20000000000.0,10000000000.0,8695540000.0,5040540000.0,65,134,12,536199999.99999994,0.0,120000000.0,57399999.99999999,56201699.99999999,8695540.0,17434838.026445784,17434838.026445784,15.327868852459016,89,30
h3_prize_structure,structure_aggressive,Vyšší skewness,Vyšší podíl jackpotu na úkor nižších tříd.,168,360593,1000,10000000,0.5,120000000.0,0.41,0.0475,0.17300000000000001,20000000000.0,10000000000.0,8586750000.0,4931750000.0,54,174,13,699100000.0,0.0,120000000.0,120000000.0,60090399.99999999,8586750.0,17025024.707397636,17025024.707397636,18.192307692307693,73,30
h3_prize_structure,structure_aggressive,Vyšší skewness,Vyšší podíl jackpotu na úkor nižších tříd.,169,360594,1000,10000000,0.5,120000000.0,0.41,0.0475,0.17300000000000001,20000000000.0,10000000000.0,8710155000.0,5055155000.0,64,158,11,635700000.0,0.0,120000000.0,24599999.999999996,56036499.99999999,8710155.0,16803430.664628427,16803430.664628427,15.096774193548388,67,30
h3_prize_structure,structure_aggressive,Vyšší skewness,Vyšší podíl jackpotu na úkor nižších tříd.,170,360595,1000,10000000,0.5,120000000.0,0.41,0.0475,0.17300000000000001,20000000000.0,10000000000.0,8670650000.0,5015650000.0,73,117,8,470899999.99999994,0.0,120000000.0,106599999.99999999,51841399.99999999,8670650.0,16560454.38167383,16560454.38167383,13.434782608695652,75,30
h3_prize_structure,structure_aggressive,Vyšší skewness,Vyšší podíl jackpotu na úkor nižších tříd.,171,360596,1000,10000000,0.5,120000000.0,0.41,0.0475,0.17300000000000001,20000000000.0,10000000000.0,8723465000.0,5068465000.0,66,111,9,445199999.99999994,0.0,120000000.0,32799999.999999996,50591399.99999999,8723465.0,16790137.970510397,16790137.970510397,15.064516129032258,59,30
h3_prize_structure,structure_aggressive,Vyšší skewness,Vyšší podíl jackpotu na úkor nižších tříd.,172,360597,1000,10000000,0.5,120000000.0,0.41,0.0475,0.17300000000000001,20000000000.0,10000000000.0,8677350000.0,5022350000.0,49,225,13,908200000.0,0.0,120000000.0,0.0,65931599.99999999,8677350.0,17339811.17046838,17339811.17046838,20.67391304347826,67,30
h3_prize_structure,structure_aggressive,Vyšší skewness,Vyšší podíl jackpotu na úkor nižších tříd.,173,360598,1000,10000000,0.5,120000000.0,0.41,0.0475,0.17300000000000001,20000000000.0,10000000000.0,8703960000.0,5048960000.0,73,118,7,476099999.99999994,0.0,120000000.0,94299999.99999999,50929299.99999999,8703960.0,16392563.05214044,16392563.05214044,13.434782608695652,94,30
h3_prize_structure,structure_aggressive,Vyšší skewness,Vyšší podíl jackpotu na úkor nižších tříd.,174,360599,1000,10000000,0.5,120000000.0,0.41,0.0475,0.17300000000000001,20000000000.0,10000000000.0,8739465000.0,5084465000.0,68,63,5,252799999.99999994,0.0,120000000.0,45099999.99999999,47640199.99999999,8739465.0,17304913.21529163,17304913.21529163,13.91044776119403,53,30
h3_prize_structure,structure_aggressive,Vyšší skewness,Vyšší podíl jackpotu na úkor nižších tříd.,175,360600,1000,10000000,0.5,120000000.0,0.41,0.0475,0.17300000000000001,20000000000.0,10000000000.0,8751755000.0,5096755000.0,73,127,9,510800000.0,0.0,120000000.0,28699999.999999996,51285499.99999999,8751755.0,16446650.05540566,16446650.05540566,13.242857142857142,69,30
h3_prize_structure,structure_aggressive,Vyšší skewness,Vyšší podíl jackpotu na úkor nižších tříd.,176,360601,1000,10000000,0.5,120000000.0,0.41,0.0475,0.17300000000000001,20000000000.0,10000000000.0,8670430000.0,5015430000.0,88,88,5,355299999.99999994,0.0,120000000.0,120000000.0,44432799.99999999,8670430.0,15353896.497798204,15353896.497798204,11.4,54,30
h3_prize_structure,structure_aggressive,Vyšší skewness,Vyšší podíl jackpotu na úkor nižších tříd.,177,360602,1000,10000000,0.5,120000000.0,0.41,0.0475,0.17300000000000001,20000000000.0,10000000000.0,8712725000.0,5057725000.0,63,140,9,564100000.0,0.0,120000000.0,12299999.999999998,54924199.99999999,8712725.0,16949667.92150734,16949667.92150734,15.112903225806452,61,30
h3_prize_structure,structure_aggressive,Vyšší skewness,Vyšší podíl jackpotu na úkor nižších tříd.,178,360603,1000,10000000,0.5,120000000.0,0.41,0.0475,0.17300000000000001,20000000000.0,10000000000.0,8748990000.0,5093990000.0,71,105,8,421699999.99999994,0.0,120000000.0,12299999.999999998,50680199.99999999,8748990.0,16926243.11623521,16926243.11623521,14.515625,69,30
h3_prize_structure,structure_aggressive,Vyšší skewness,Vyšší podíl jackpotu na úkor nižších tříd.,179,360604,1000,10000000,0.5,120000000.0,0.41,0.0475,0.17300000000000001,20000000000.0,10000000000.0,8751725000.0,5096725000.0,68,134,12,536199999.99999994,0.0,120000000.0,24599999.999999996,54422299.99999999,8751725.0,17088077.723938845,17088077.723938845,14.338461538461539,61,30
h3_prize_structure,structure_aggressive,Vyšší skewness,Vyšší podíl jackpotu na úkor nižších tříd.,180,360605,1000,10000000,0.5,120000000.0,0.41,0.0475,0.17300000000000001,20000000000.0,10000000000.0,8721785000.0,5066785000.0,77,131,9,527199999.99999994,0.0,120000000.0,28699999.999999996,51511299.99999999,8721785.0,16333659.314090488,16333659.314090488,12.819444444444445,57,30
h3_prize_structure,structure_aggressive,Vyšší skewness,Vyšší podíl jackpotu na úkor nižších tříd.,181,360606,1000,10000000,0.5,120000000.0,0.41,0.0475,0.17300000000000001,20000000000.0,10000000000.0,8661635000.0,5006635000.0,63,102,12,404999999.99999994,0.0,120000000.0,114799999.99999999,55383399.99999999,8661635.0,17790781.91794208,17790781.91794208,15.616666666666667,58,30
h3_prize_structure,structure_aggressive,Vyšší skewness,Vyšší podíl jackpotu na úkor nižších tříd.,182,360607,1000,10000000,0.5,120000000.0,0.41,0.0475,0.17300000000000001,20000000000.0,10000000000.0,8689630000.0,5034630000.0,61,91,9,363199999.99999994,0.0,120000000.0,102499999.99999999,52115099.99999999,8689630.0,17371912.007982884,17371912.007982884,15.915254237288135,59,30
h3_prize_structure,structure_aggressive,Vyšší skewness,Vyšší podíl jackpotu na úkor nižších tříd.,183,360608,1000,10000000,0.5,120000000.0,0.41,0.0475,0.17300000000000001,20000000000.0,10000000000.0,8753215000.0,5098215000.0,65,133,8,536500000.0,0.0,120000000.0,8199999.999999999,54224699.99999999,8753215.0,16994567.40810942,16994567.40810942,14.609375,81,30
h3_prize_structure,structure_aggressive,Vyšší skewness,Vyšší podíl jackpotu na úkor nižších tříd.,184,360609,1000,10000000,0.5,120000000.0,0.41,0.0475,0.17300000000000001,20000000000.0,10000000000.0,8704060000.0,5049060000.0,79,111,6,448499999.99999994,0.0,120000000.0,40999999.99999999,49278599.99999999,8704060.0,16348752.46361018,16348752.46361018,12.616438356164384,56,30
h3_prize_structure,structure_aggressive,Vyšší skewness,Vyšší podíl jackpotu na úkor nižších tříd.,185,360610,1000,10000000,0.5,120000000.0,0.41,0.0475,0.17300000000000001,20000000000.0,10000000000.0,8709815000.0,5054815000.0,70,90,5,363499999.99999994,0.0,120000000.0,49199999.99999999,46739199.99999999,8709815.0,16229529.487658443,16229529.487658443,13.880597014925373,76,30
h3_prize_structure,structure_aggressive,Vyšší skewness,Vyšší podíl jackpotu na úkor nižších tříd.,186,360611,1000,10000000,0.5,120000000.0,0.41,0.0475,0.17300000000000001,20000000000.0,10000000000.0,8602280000.0,4947280000.0,57,181,11,730000000.0,0.0,120000000.0,120000000.0,58886699.99999999,8602280.0,16448264.79302908,16448264.79302908,18.134615384615383,82,30
h3_prize_structure,structure_aggressive,Vyšší skewness,Vyšší podíl jackpotu na úkor nižších tříd.,187,360612,1000,10000000,0.5,120000000.0,0.41,0.0475,0.17300000000000001,20000000000.0,10000000000.0,8755480000.0,5100480000.0,67,79,5,318399999.99999994,0.0,120000000.0,49199999.99999999,48891899.99999999,8755480.0,17132949.094350334,17132949.094350334,14.578125,66,30
h3_prize_structure,structure_aggressive,Vyšší skewness,Vyšší podíl jackpotu na úkor nižších tříd.,188,360613,1000,10000000,0.5,120000000.0,0.41,0.0475,0.17300000000000001,20000000000.0,10000000000.0,8635645000.0,4980645000.0,65,117,10,468699999.99999994,0.0,120000000.0,102499999.99999999,52532099.99999999,8635645.0,16896160.155756544,16896160.155756544,15.080645161290322,68,30
h3_prize_structure,structure_aggressive,Vyšší skewness,Vyšší podíl jackpotu na úkor nižších tříd.,189,360614,1000,10000000,0.5,120000000.0,0.41,0.0475,0.17300000000000001,20000000000.0,10000000000.0,8809160000.0,5154160000.0,81,56,9,219699999.99999988,0.0,120000000.0,0.0,45996299.99999999,8809160.0,17261119.187190615,17261119.187190615,12.76388888888889,40,30
h3_prize_structure,structure_aggressive,Vyšší skewness,Vyšší podíl jackpotu na úkor nižších tříd.,190,360615,1000,10000000,0.5,120000000.0,0.41,0.0475,0.17300000000000001,20000000000.0,10000000000.0,8808840000.0,5153840000.0,70,59,10,230899999.99999988,0.0,120000000.0,0.0,48081299.99999999,8808840.0,17740078.792226374,17740078.792226374,14.307692307692308,64,30
h3_prize_structure,structure_aggressive,Vyšší skewness,Vyšší podíl jackpotu na úkor nižších tříd.,191,360616,1000,10000000,0.5,120000000.0,0.41,0.0475,0.17300000000000001,20000000000.0,10000000000.0,8785400000.0,5130400000.0,72,79,8,315099999.99999994,0.0,120000000.0,0.0,47990699.99999999,8785400.0,17005033.635368086,17005033.635368086,13.070422535211268,57,30
h3_prize_structure,structure_aggressive,Vyšší skewness,Vyšší podíl jackpotu na úkor nižších tříd.,192,360617,1000,10000000,0.5,120000000.0,0.41,0.0475,0.17300000000000001,20000000000.0,10000000000.0,8736335000.0,5081335000.0,62,151,10,608100000.0,0.0,120000000.0,4099999.9999999995,56661299.99999999,8736335.0,17117769.617937233,17117769.617937233,15.129032258064516,83,30
h3_prize_structure,structure_aggressive,Vyšší skewness,Vyšší podíl jackpotu na úkor nižších tříd.,193,360618,1000,10000000,0.5,120000000.0,0.41,0.0475,0.17300000000000001,20000000000.0,10000000000.0,8656345000.0,5001345000.0,61,96,9,383699999.9999999,0.0,120000000.0,120000000.0,51829499.99999999,8656345.0,17075674.03987248,17075674.03987248,15.915254237288135,55,30
h3_prize_structure,structure_aggressive,Vyšší skewness,Vyšší podíl jackpotu na úkor nižších tříd.,194,360619,1000,10000000,0.5,120000000.0,0.41,0.0475,0.17300000000000001,20000000000.0,10000000000.0,8727155000.0,5072155000.0,66,160,8,647200000.0,0.0,120000000.0,24599999.999999996,54073999.99999999,8727155.0,16212867.255083999,16212867.255083999,14.59375,88,30
h3_prize_structure,structure_aggressive,Vyšší skewness,Vyšší podíl jackpotu na úkor nižších tříd.,195,360620,1000,10000000,0.5,120000000.0,0.41,0.0475,0.17300000000000001,20000000000.0,10000000000.0,8692325000.0,5037325000.0,73,88,8,351999999.99999994,0.0,120000000.0,120000000.0,49648799.99999999,8692325.0,16794049.975195825,16794049.975195825,13.835820895522389,60,30
h3_prize_structure,structure_aggressive,Vyšší skewness,Vyšší podíl jackpotu na úkor nižších tříd.,196,360621,1000,10000000,0.5,120000000.0,0.41,0.0475,0.17300000000000001,20000000000.0,10000000000.0,8779085000.0,5124085000.0,70,117,9,469799999.99999994,0.0,120000000.0,0.0,51590199.99999999,8779085.0,16937814.429192893,16937814.429192893,13.676470588235293,67,30
h3_prize_structure,structure_aggressive,Vyšší skewness,Vyšší podíl jackpotu na úkor nižších tříd.,197,360622,1000,10000000,0.5,120000000.0,0.41,0.0475,0.17300000000000001,20000000000.0,10000000000.0,8670705000.0,5015705000.0,68,151,10,608099999.9999999,0.0,120000000.0,106599999.99999999,54820399.99999999,8670705.0,16338793.504355667,16338793.504355667,15.533333333333333,67,30
h3_prize_structure,structure_aggressive,Vyšší skewness,Vyšší podíl jackpotu na úkor nižších tříd.,198,360623,1000,10000000,0.5,120000000.0,0.41,0.0475,0.17300000000000001,20000000000.0,10000000000.0,8594760000.0,4939760000.0,57,177,9,715800000.0,0.0,120000000.0,102499999.99999999,60385099.99999999,8594760.0,16986527.689389613,16986527.689389613,17.462962962962962,73,30
h3_prize_structure,structure_aggressive,Vyšší skewness,Vyšší podíl jackpotu na úkor nižších tříd.,199,360624,1000,10000000,0.5,120000000.0,0.41,0.0475,0.17300000000000001,20000000000.0,10000000000.0,8795480000.0,5140480000.0,69,82,7,328499999.99999994,0.0,120000000.0,4099999.9999999995,48987299.99999999,8795480.0,17170389.50838332,17170389.50838332,14.777777777777779,57,30
h3_prize_structure,structure_aggressive,Vyšší skewness,Vyšší podíl jackpotu na úkor nižších tříd.,200,360625,1000,10000000,0.5,120000000.0,0.41,0.0475,0.17300000000000001,20000000000.0,10000000000.0,8623435000.0,4968435000.0,68,123,8,495499999.99999994,0.0,120000000.0,120000000.0,52438399.99999999,8623435.0,16441465.403843265,16441465.403843263,14.793650793650794,75,30
h3_prize_structure,structure_flatter,Nižší skewness,Plošší rozdělení s menším podílem jackpotu.,1,370426,1000,10000000,0.5,120000000.0,0.31,0.08750000000000001,0.233,20000000000.0,10000000000.0,8799060000.0,4144060000.0,59,52,6,148000000.0,0.0,120000000.0,27900000.0,44462200.0,8799060.0,14952503.038501615,14952503.038501615,15.94915254237288,54,39
h3_prize_structure,structure_flatter,Nižší skewness,Plošší rozdělení s menším podílem jackpotu.,2,370427,1000,10000000,0.5,120000000.0,0.31,0.08750000000000001,0.233,20000000000.0,10000000000.0,8807115000.0,4152115000.0,60,79,8,227300000.0,0.0,120000000.0,15500000.0,48342600.0,8807115.0,15129296.292351969,15129296.292351969,18.431372549019606,66,39
h3_prize_structure,structure_flatter,Nižší skewness,Plošší rozdělení s menším podílem jackpotu.,3,370428,1000,10000000,0.5,120000000.0,0.31,0.08750000000000001,0.233,20000000000.0,10000000000.0,8822820000.0,4167820000.0,70,88,5,261800000.0,0.0,120000000.0,0.0,42584400.0,8822820.0,13561401.463255927,13561401.463255927,14.307692307692308,89,39
h3_prize_structure,structure_flatter,Nižší skewness,Plošší rozdělení s menším podílem jackpotu.,4,370429,1000,10000000,0.5,120000000.0,0.31,0.08750000000000001,0.233,20000000000.0,10000000000.0,8763150000.0,4108150000.0,54,105,6,312300000.0,0.0,120000000.0,34100000.0,49067600.0,8763150.0,14578055.913855592,14578055.913855592,17.849056603773583,102,39
h3_prize_structure,structure_flatter,Nižší skewness,Plošší rozdělení s menším podílem jackpotu.,5,370430,1000,10000000,0.5,120000000.0,0.31,0.08750000000000001,0.233,20000000000.0,10000000000.0,8825435000.0,4170435000.0,65,66,5,193600000.0,0.0,120000000.0,6200000.0,42272500.0,8825435.0,14038401.11927904,14038401.11927904,15.327868852459016,65,39
h3_prize_structure,structure_flatter,Nižší skewness,Plošší rozdělení s menším podílem jackpotu.,6,370431,1000,10000000,0.5,120000000.0,0.31,0.08750000000000001,0.233,20000000000.0,10000000000.0,8795475000.0,4140475000.0,71,65,4,192700000.0,0.0,120000000.0,31000000.0,40000200.0,8795475.0,13559070.843880676,13559070.843880676,13.271428571428572,70,39
h3_prize_structure,structure_flatter,Nižší skewness,Plošší rozdělení s menším podílem jackpotu.,7,370432,1000,10000000,0.5,120000000.0,0.31,0.08750000000000001,0.233,20000000000.0,10000000000.0,8773430000.0,4118430000.0,53,122,6,365000000.0,0.0,120000000.0,34100000.0,48395100.0,8773430.0,13956177.02614509,13956177.02614509,18.21153846153846,92,39
h3_prize_structure,structure_flatter,Nižší skewness,Plošší rozdělení s menším podílem jackpotu.,8,370433,1000,10000000,0.5,120000000.0,0.31,0.08750000000000001,0.233,20000000000.0,10000000000.0,8818325000.0,4163325000.0,65,63,4,186500000.0,0.0,120000000.0,21700000.0,43408900.0,8818325.0,14411320.538707582,14411320.538707582,15.847457627118644,83,39
h3_prize_structure,structure_flatter,Nižší skewness,Plošší rozdělení s menším podílem jackpotu.,9,370434,1000,10000000,0.5,120000000.0,0.31,0.08750000000000001,0.233,20000000000.0,10000000000.0,8845745000.0,4190745000.0,75,15,3,39900000.0,0.0,120000000.0,27900000.0,38447800.0,8845745.0,14548264.995179838,14548264.995179838,13.602941176470589,46,39
h3_prize_structure,structure_flatter,Nižší skewness,Plošší rozdělení s menším podílem jackpotu.,10,370435,1000,10000000,0.5,120000000.0,0.31,0.08750000000000001,0.233,20000000000.0,10000000000.0,8864555000.0,4209555000.0,77,51,3,151500000.0,0.0,120000000.0,6200000.0,38899000.0,8864555.0,13692839.343137529,13692839.343137529,13,64,39
h3_prize_structure,structure_flatter,Nižší skewness,Plošší rozdělení s menším podílem jackpotu.,11,370436,1000,10000000,0.5,120000000.0,0.31,0.08750000000000001,0.233,20000000000.0,10000000000.0,8777200000.0,4122200000.0,69,69,5,202900000.0,0.0,120000000.0,52700000.0,41346000.0,8777200.0,13777200.015242575,13777200.015242575,14.106060606060606,62,39
h3_prize_structure,structure_flatter,Nižší skewness,Plošší rozdělení s menším podílem jackpotu.,12,370437,1000,10000000,0.5,120000000.0,0.31,0.08750000000000001,0.233,20000000000.0,10000000000.0,8796815000.0,4141815000.0,74,83,4,248500000.0,0.0,120000000.0,3100000.0,41800600.0,8796815.0,13491578.535544869,13491578.535544869,13.420289855072463,93,39
h3_prize_structure,structure_flatter,Nižší skewness,Plošší rozdělení s menším podílem jackpotu.,13,370438,1000,10000000,0.5,120000000.0,0.31,0.08750000000000001,0.233,20000000000.0,10000000000.0,8787845000.0,4132845000.0,71,110,7,325600000.0,0.0,120000000.0,12400000.0,46683200.0,8787845.0,14005898.333594136,14005898.333594136,14.292307692307693,76,39
h3_prize_structure,structure_flatter,Nižší skewness,Plošší rozdělení s menším podílem jackpotu.,14,370439,1000,10000000,0.5,120000000.0,0.31,0.08750000000000001,0.233,20000000000.0,10000000000.0,8754585000.0,4099585000.0,71,61,4,180300000.0,0.0,120000000.0,96100000.0,42787600.0,8754585.0,14027513.402338099,14027513.402338099,13.46376811594203,58,39
h3_prize_structure,structure_flatter,Nižší skewness,Plošší rozdělení s menším podílem jackpotu.,15,370440,1000,10000000,0.5,120000000.0,0.31,0.08750000000000001,0.233,20000000000.0,10000000000.0,8827165000.0,4172165000.0,65,6,1,16400000.0,0.0,120000000.0,31000000.0,37322600.0,8827165.0,14441406.006264592,14441406.006264592,14.841269841269842,43,39
h3_prize_structure,structure_flatter,Nižší skewness,Plošší rozdělení s menším podílem jackpotu.,16,370441,1000,10000000,0.5,120000000.0,0.31,0.08750000000000001,0.233,20000000000.0,10000000000.0,8812885000.0,4157885000.0,66,23,3,64700000.0,0.0,120000000.0,15500000.0,36800700.0,8812885.0,13962538.782462701,13962538.782462701,14.36923076923077,50,39
h3_prize_structure,structure_flatter,Nižší skewness,Plošší rozdělení s menším podílem jackpotu.,17,370442,1000,10000000,0.5,120000000.0,0.31,0.08750000000000001,0.233,20000000000.0,10000000000.0,8771020000.0,4116020000.0,63,105,4,316700000.0,0.0,120000000.0,34100000.0,44170900.0,8771020.0,13425217.989276748,13425217.989276748,15.360655737704919,95,39
h3_prize_structure,structure_flatter,Nižší skewness,Plošší rozdělení s menším podílem jackpotu.,18,370443,1000,10000000,0.5,120000000.0,0.31,0.08750000000000001,0.233,20000000000.0,10000000000.0,8832705000.0,4177705000.0,68,33,5,91300000.0,0.0,120000000.0,9300000.0,40510400.0,8832705.0,14556615.570178907,14556615.570178907,14.793650793650794,53,39
h3_prize_structure,structure_flatter,Nižší skewness,Plošší rozdělení s menším podílem jackpotu.,19,370444,1000,10000000,0.5,120000000.0,0.31,0.08750000000000001,0.233,20000000000.0,10000000000.0,8804030000.0,4149030000.0,76,68,5,199800000.0,0.0,120000000.0,15500000.0,40699000.0,8804030.0,13734259.9403499,13734259.9403499,13.588235294117647,55,39
h3_prize_structure,structure_flatter,Nižší skewness,Plošší rozdělení s menším podílem jackpotu.,20,370445,1000,10000000,0.5,120000000.0,0.31,0.08750000000000001,0.233,20000000000.0,10000000000.0,8820155000.0,4165155000.0,63,112,7,331800000.0,0.0,120000000.0,18600000.0,48191100.0,8820155.0,14252288.100546347,14252288.100546347,15.616666666666667,74,39
h3_prize_structure,structure_flatter,Nižší skewness,Plošší rozdělení s menším podílem jackpotu.,21,370446,1000,10000000,0.5,120000000.0,0.31,0.08750000000000001,0.233,20000000000.0,10000000000.0,8706485000.0,4051485000.0,63,62,6,179000000.0,0.0,120000000.0,114700000.0,43662700.0,8706485.0,14115816.310783269,14115816.310783269,15.112903225806452,59,39
h3_prize_structure,structure_flatter,Nižší skewness,Plošší rozdělení s menším podílem jackpotu.,22,370447,1000,10000000,0.5,120000000.0,0.31,0.08750000000000001,0.233,20000000000.0,10000000000.0,8773540000.0,4118540000.0,72,58,3,173200000.0,0.0,120000000.0,65100000.0,39627400.0,8773540.0,13480879.269112976,13480879.269112976,13.257142857142858,69,39
h3_prize_structure,structure_flatter,Nižší skewness,Plošší rozdělení s menším podílem jackpotu.,23,370448,1000,10000000,0.5,120000000.0,0.31,0.08750000000000001,0.233,20000000000.0,10000000000.0,8782585000.0,4127585000.0,79,87,6,256500000.0,0.0,120000000.0,49600000.0,43686700.0,8782585.0,13840397.584346158,13840397.584346158,13.157142857142857,72,39
h3_prize_structure,structure_flatter,Nižší skewness,Plošší rozdělení s menším podílem jackpotu.,24,370449,1000,10000000,0.5,120000000.0,0.31,0.08750000000000001,0.233,20000000000.0,10000000000.0,8677360000.0,4022360000.0,67,84,6,247200000.0,0.0,120000000.0,120000000.0,45239400.0,8677360.0,13856334.317935606,13856334.317935606,14.353846153846154,76,39
h3_prize_structure,structure_flatter,Nižší skewness,Plošší rozdělení s menším podílem jackpotu.,25,370450,1000,10000000,0.5,120000000.0,0.31,0.08750000000000001,0.233,20000000000.0,10000000000.0,8812710000.0,4157710000.0,60,85,5,252500000.0,0.0,120000000.0,12400000.0,43613200.0,8812710.0,13921763.832427988,13921763.832427988,16.20689655172414,75,39
h3_prize_structure,structure_flatter,Nižší skewness,Plošší rozdělení s menším podílem jackpotu.,26,370451,1000,10000000,0.5,120000000.0,0.31,0.08750000000000001,0.233,20000000000.0,10000000000.0,8769850000.0,4114850000.0,70,28,5,75800000.0,0.0,120000000.0,86800000.0,37604000.0,8769850.0,13878263.811712904,13878263.811712904,13.676470588235293,46,39
h3_prize_structure,structure_flatter,Nižší skewness,Plošší rozdělení s menším podílem jackpotu.,27,370452,1000,10000000,0.5,120000000.0,0.31,0.08750000000000001,0.233,20000000000.0,10000000000.0,8789095000.0,4134095000.0,74,85,6,250300000.0,0.0,120000000.0,37200000.0,41013200.0,8789095.0,13329714.430773638,13329714.430773638,13.82089552238806,57,39
h3_prize_structure,structure_flatter,Nižší skewness,Plošší rozdělení s menším podílem jackpotu.,28,370453,1000,10000000,0.5,120000000.0,0.31,0.08750000000000001,0.233,20000000000.0,10000000000.0,8614880000.0,3959880000.0,49,194,8,583800000.0,0.0,120000000.0,120000000.0,57520500.0,8614880.0,13651480.64444293,13651480.64444293,19.8125,98,39
h3_prize_structure,structure_flatter,Nižší skewness,Plošší rozdělení s menším podílem jackpotu.,29,370454,1000,10000000,0.5,120000000.0,0.31,0.08750000000000001,0.233,20000000000.0,10000000000.0,8853765000.0,4198765000.0,66,29,5,78900000.0,0.0,120000000.0,6200000.0,40442700.0,8853765.0,14728446.404824067,14728446.404824067,15.566666666666666,49,39
h3_prize_structure,structure_flatter,Nižší skewness,Plošší rozdělení s menším podílem jackpotu.,30,370455,1000,10000000,0.5,120000000.0,0.31,0.08750000000000001,0.233,20000000000.0,10000000000.0,8851585000.0,4196585000.0,80,50,5,144000000.0,0.0,120000000.0,9300000.0,38427400.0,8851585.0,13706772.222619554,13706772.222619554,13.142857142857142,70,39
h3_prize_structure,structure_flatter,Nižší skewness,Plošší rozdělení s menším podílem jackpotu.,31,370456,1000,10000000,0.5,120000000.0,0.31,0.08750000000000001,0.233,20000000000.0,10000000000.0,8816900000.0,4161900000.0,65,46,6,129400000.0,0.0,120000000.0,37200000.0,40967700.0,8816900.0,14375083.665495655,14375083.665495655,15.583333333333334,51,39
h3_prize_structure,structure_flatter,Nižší skewness,Plošší rozdělení s menším podílem jackpotu.,32,370457,1000,10000000,0.5,120000000.0,0.31,0.08750000000000001,0.233,20000000000.0,10000000000.0,8771070000.0,4116070000.0,66,73,3,219700000.0,0.0,120000000.0,37200000.0,43516800.0,8771070.0,14052301.676419418,14052301.676419418,15.566666666666666,70,39
h3_prize_structure,structure_flatter,Nižší skewness,Plošší rozdělení s menším podílem jackpotu.,33,370458,1000,10000000,0.5,120000000.0,0.31,0.08750000000000001,0.233,20000000000.0,10000000000.0,8723760000.0,4068760000.0,71,62,4,183400000.0,0.0,120000000.0,120000000.0,40291200.0,8723760.0,13205579.043056007,13205579.043056007,14.983870967741936,70,39
h3_prize_structure,structure_flatter,Nižší skewness,Plošší rozdělení s menším podílem jackpotu.,34,370459,1000,10000000,0.5,120000000.0,0.31,0.08750000000000001,0.233,20000000000.0,10000000000.0,8775190000.0,4120190000.0,73,35,2,104100000.0,0.0,120000000.0,80600000.0,36665000.0,8775190.0,13378179.267519927,13378179.267519927,13.056338028169014,70,39
h3_prize_structure,structure_flatter,Nižší skewness,Plošší rozdělení s menším podílem jackpotu.,35,370460,1000,10000000,0.5,120000000.0,0.31,0.08750000000000001,0.233,20000000000.0,10000000000.0,8875080000.0,4220080000.0,78,22,1,66000000.0,0.0,120000000.0,6200000.0,34285700.0,8875080.0,13337265.65280905,13337265.65280905,12.45945945945946,59,39
h3_prize_structure,structure_flatter,Nižší skewness,Plošší rozdělení s menším podílem jackpotu.,36,370461,1000,10000000,0.5,120000000.0,0.31,0.08750000000000001,0.233,20000000000.0,10000000000.0,8817835000.0,4162835000.0,71,45,4,130700000.0,0.0,120000000.0,9300000.0,37665300.0,8817835.0,13558061.562693061,13558061.562693061,13.661764705882353,55,39
h3_prize_structure,structure_flatter,Nižší skewness,Plošší rozdělení s menším podílem jackpotu.,37,370462,1000,10000000,0.5,120000000.0,0.31,0.08750000000000001,0.233,20000000000.0,10000000000.0,8812355000.0,4157355000.0,76,47,3,139100000.0,0.0,120000000.0,34100000.0,38598800.0,8812355.0,13654647.556014583,13654647.556014583,12.833333333333334,67,39
h3_prize_structure,structure_flatter,Nižší skewness,Plošší rozdělení s menším podílem jackpotu.,38,370463,1000,10000000,0.5,120000000.0,0.31,0.08750000000000001,0.233,20000000000.0,10000000000.0,8720685000.0,4065685000.0,73,56,4,164800000.0,0.0,120000000.0,120000000.0,40963100.0,8720685.0,13536222.445932802,13536222.445932802,13.242857142857142,58,39
h3_prize_structure,structure_flatter,Nižší skewness,Plošší rozdělení s menším podílem jackpotu.,39,370464,1000,10000000,0.5,120000000.0,0.31,0.08750000000000001,0.233,20000000000.0,10000000000.0,8756875000.0,4101875000.0,68,106,5,317600000.0,0.0,120000000.0,37200000.0,45615500.0,8756875.0,13800881.604425676,13800881.604425676,14.338461538461539,75,39
h3_prize_structure,structure_flatter,Nižší skewness,Plošší rozdělení s menším podílem jackpotu.,40,370465,1000,10000000,0.5,120000000.0,0.31,0.08750000000000001,0.233,20000000000.0,10000000000.0,8799305000.0,4144305000.0,65,70,7,201600000.0,0.0,120000000.0,9300000.0,43501400.0,8799305.0,14354584.640175939,14354584.640175939,14.609375,53,39
h3_prize_structure,structure_flatter,Nižší skewness,Plošší rozdělení s menším podílem jackpotu.,41,370466,1000,10000000,0.5,120000000.0,0.31,0.08750000000000001,0.233,20000000000.0,10000000000.0,8690755000.0,4035755000.0,65,71,6,206900000.0,0.0,120000000.0,120000000.0,44355200.0,8690755.0,14010044.620020844,14010044.620020844,15.847457627118644,62,39
h3_prize_structure,structure_flatter,Nižší skewness,Plošší rozdělení s menším podílem jackpotu.,42,370467,1000,10000000,0.5,120000000.0,0.31,0.08750000000000001,0.233,20000000000.0,10000000000.0,8847255000.0,4192255000.0,56,69,6,200700000.0,0.0,120000000.0,0.0,46520800.0,8847255.0,15015879.02488479,15015879.02488479,18.153846153846153,75,39
h3_prize_structure,structure_flatter,Nižší skewness,Plošší rozdělení s menším podílem jackpotu.,43,370468,1000,10000000,0.5,120000000.0,0.31,0.08750000000000001,0.233,20000000000.0,10000000000.0,8785920000.0,4130920000.0,71,86,6,253400000.0,0.0,120000000.0,46500000.0,43817800.0,8785920.0,13907148.419197949,13907148.419197949,14.075757575757576,72,39
h3_prize_structure,structure_flatter,Nižší skewness,Plošší rozdělení s menším podílem jackpotu.,44,370469,1000,10000000,0.5,120000000.0,0.31,0.08750000000000001,0.233,20000000000.0,10000000000.0,8823100000.0,4168100000.0,73,67,5,196700000.0,0.0,120000000.0,15500000.0,42147600.0,8823100.0,14058734.032266205,14058734.032266205,13.434782608695652,85,39
h3_prize_structure,structure_flatter,Nižší skewness,Plošší rozdělení s menším podílem jackpotu.,45,370470,1000,10000000,0.5,120000000.0,0.31,0.08750000000000001,0.233,20000000000.0,10000000000.0,8769635000.0,4114635000.0,63,91,6,268900000.0,0.0,120000000.0,9300000.0,45478000.0,8769635.0,14267599.95555577,14267599.95555577,15.616666666666667,69,39
h3_prize_structure,structure_flatter,Nižší skewness,Plošší rozdělení s menším podílem jackpotu.,46,370471,1000,10000000,0.5,120000000.0,0.31,0.08750000000000001,0.233,20000000000.0,10000000000.0,8726745000.0,4071745000.0,59,148,5,447800000.0,0.0,120000000.0,15500000.0,50571800.0,8726745.0,13800340.940715015,13800340.940715015,16.224137931034484,129,39
h3_prize_structure,structure_flatter,Nižší skewness,Plošší rozdělení s menším podílem jackpotu.,47,370472,1000,10000000,0.5,120000000.0,0.31,0.08750000000000001,0.233,20000000000.0,10000000000.0,8840070000.0,4185070000.0,76,61,5,178100000.0,0.0,120000000.0,9300000.0,40320900.0,8840070.0,13825252.266960628,13825252.266960628,12.833333333333334,58,39
h3_prize_structure,structure_flatter,Nižší skewness,Plošší rozdělení s menším podílem jackpotu.,48,370473,1000,10000000,0.5,120000000.0,0.31,0.08750000000000001,0.233,20000000000.0,10000000000.0,8736040000.0,4081040000.0,90,27,2,79300000.0,0.0,120000000.0,120000000.0,34762600.0,8736040.0,12829199.414554285,12829199.414554285,10.963855421686747,57,39
h3_prize_structure,structure_flatter,Nižší skewness,Plošší rozdělení s menším podílem jackpotu.,49,370474,1000,10000000,0.5,120000000.0,0.31,0.08750000000000001,0.233,20000000000.0,10000000000.0,8746900000.0,4091900000.0,64,148,6,445600000.0,0.0,120000000.0,6200000.0,49118800.0,8746900.0,13437822.155766165,13437822.155766165,15.6,80,39
h3_prize_structure,structure_flatter,Nižší skewness,Plošší rozdělení s menším podílem jackpotu.,50,370475,1000,10000000,0.5,120000000.0,0.31,0.08750000000000001,0.233,20000000000.0,10000000000.0,8849860000.0,4194860000.0,78,30,3,86400000.0,0.0,120000000.0,18600000.0,36059700.0,8849860.0,13606088.01531138,13606088.01531138,13.17142857142857,49,39
h3_prize_structure,structure_flatter,Nižší skewness,Plošší rozdělení s menším podílem jackpotu.,51,370476,1000,10000000,0.5,120000000.0,0.31,0.08750000000000001,0.233,20000000000.0,10000000000.0,8828600000.0,4173600000.0,67,91,5,271100000.0,0.0,120000000.0,0.0,44757900.0,8828600.0,13980194.009383418,13980194.009383418,15.295081967213115,101,39
h3_prize_structure,structure_flatter,Nižší skewness,Plošší rozdělení s menším podílem jackpotu.,52,370477,1000,10000000,0.5,120000000.0,0.31,0.08750000000000001,0.233,20000000000.0,10000000000.0,8800595000.0,4145595000.0,61,45,2,135100000.0,0.0,120000000.0,9300000.0,42747500.0,8800595.0,14671085.5416692,14671085.5416692,15.915254237288135,60,39
h3_prize_structure,structure_flatter,Nižší skewness,Plošší rozdělení s menším podílem jackpotu.,53,370478,1000,10000000,0.5,120000000.0,0.31,0.08750000000000001,0.233,20000000000.0,10000000000.0,8758855000.0,4103855000.0,58,54,6,154200000.0,0.0,120000000.0,83700000.0,45204400.0,8758855.0,14832396.155509567,14832396.155509567,16.526315789473685,60,39
h3_prize_structure,structure_flatter,Nižší skewness,Plošší rozdělení s menším podílem jackpotu.,54,370479,1000,10000000,0.5,120000000.0,0.31,0.08750000000000001,0.233,20000000000.0,10000000000.0,8817945000.0,4162945000.0,62,73,3,219700000.0,0.0,120000000.0,3100000.0,45383000.0,8817945.0,14529129.893148283,14529129.893148283,15.898305084745763,67,39
h3_prize_structure,structure_flatter,Nižší skewness,Plošší rozdělení s menším podílem jackpotu.,55,370480,1000,10000000,0.5,120000000.0,0.31,0.08750000000000001,0.233,20000000000.0,10000000000.0,8837560000.0,4182560000.0,71,50,4,146200000.0,0.0,120000000.0,27900000.0,39176700.0,8837560.0,13774647.881031297,13774647.881031297,13.46376811594203,60,39
h3_prize_structure,structure_flatter,Nižší skewness,Plošší rozdělení s menším podílem jackpotu.,56,370481,1000,10000000,0.5,120000000.0,0.31,0.08750000000000001,0.233,20000000000.0,10000000000.0,8824180000.0,4169180000.0,76,40,5,113000000.0,0.0,120000000.0,37200000.0,37915600.0,8824180.0,13818264.964444704,13818264.964444704,13.014084507042254,49,39
h3_prize_structure,structure_flatter,Nižší skewness,Plošší rozdělení s menším podílem jackpotu.,57,370482,1000,10000000,0.5,120000000.0,0.31,0.08750000000000001,0.233,20000000000.0,10000000000.0,8744970000.0,4089970000.0,64,81,7,235700000.0,0.0,120000000.0,68200000.0,45404200.0,8744970.0,14377566.756899444,14377566.756899444,15.6,72,39
h3_prize_structure,structure_flatter,Nižší skewness,Plošší rozdělení s menším podílem jackpotu.,58,370483,1000,10000000,0.5,120000000.0,0.31,0.08750000000000001,0.233,20000000000.0,10000000000.0,8833890000.0,4178890000.0,65,12,1,35000000.0,0.0,120000000.0,52700000.0,38870300.0,8833890.0,14532662.599052522,14532662.599052522,15.080645161290322,49,39
h3_prize_structure,structure_flatter,Nižší skewness,Plošší rozdělení s menším podílem jackpotu.,59,370484,1000,10000000,0.5,120000000.0,0.31,0.08750000000000001,0.233,20000000000.0,10000000000.0,8755135000.0,4100135000.0,61,75,3,225900000.0,0.0,120000000.0,24800000.0,43285600.0,8755135.0,13991674.051262593,13991674.051262593,15.915254237288135,77,39
h3_prize_structure,structure_flatter,Nižší skewness,Plošší rozdělení s menším podílem jackpotu.,60,370485,1000,10000000,0.5,120000000.0,0.31,0.08750000000000001,0.233,20000000000.0,10000000000.0,8801060000.0,4146060000.0,87,39,3,114300000.0,0.0,120000000.0,37200000.0,37307100.0,8801060.0,13640888.969433041,13640888.969433041,11.4125,58,39
h3_prize_structure,structure_flatter,Nižší skewness,Plošší rozdělení s menším podílem jackpotu.,61,370486,1000,10000000,0.5,120000000.0,0.31,0.08750000000000001,0.233,20000000000.0,10000000000.0,8813390000.0,4158390000.0,74,50,4,146200000.0,0.0,120000000.0,15500000.0,38203300.0,8813390.0,13594117.531414093,13594117.531414093,13.04225352112676,56,39
h3_prize_structure,structure_flatter,Nižší skewness,Plošší rozdělení s menším podílem jackpotu.,62,370487,1000,10000000,0.5,120000000.0,0.31,0.08750000000000001,0.233,20000000000.0,10000000000.0,8792875000.0,4137875000.0,80,22,2,63800000.0,0.0,120000000.0,52700000.0,33998300.0,8792875.0,13268446.870654266,13268446.870654266,11.794871794871796,56,39
h3_prize_structure,structure_flatter,Nižší skewness,Plošší rozdělení s menším podílem jackpotu.,63,370488,1000,10000000,0.5,120000000.0,0.31,0.08750000000000001,0.233,20000000000.0,10000000000.0,8821360000.0,4166360000.0,74,38,5,106800000.0,0.0,120000000.0,3100000.0,38971400.0,8821360.0,14092571.144060263,14092571.144060263,12.86111111111111,59,39
h3_prize_structure,structure_flatter,Nižší skewness,Plošší rozdělení s menším podílem jackpotu.,64,370489,1000,10000000,0.5,120000000.0,0.31,0.08750000000000001,0.233,20000000000.0,10000000000.0,8745865000.0,4090865000.0,63,54,7,152000000.0,0.0,120000000.0,65100000.0,44681400.0,8745865.0,14773221.00548066,14773221.00548066,15.360655737704919,54,39
h3_prize_structure,structure_flatter,Nižší skewness,Plošší rozdělení s menším podílem jackpotu.,65,370490,1000,10000000,0.5,120000000.0,0.31,0.08750000000000001,0.233,20000000000.0,10000000000.0,8872970000.0,4217970000.0,68,35,4,99700000.0,0.0,120000000.0,0.0,40107800.0,8872970.0,14392274.564122934,14392274.564122934,14.793650793650794,50,39
h3_prize_structure,structure_flatter,Nižší skewness,Plošší rozdělení s menším podílem jackpotu.,66,370491,1000,10000000,0.5,120000000.0,0.31,0.08750000000000001,0.233,20000000000.0,10000000000.0,8782520000.0,4127520000.0,62,131,6,392900000.0,0.0,120000000.0,24800000.0,47968500.0,8782520.0,13707214.15713638,13707214.15713638,16.17241379310345,88,39
h3_prize_structure,structure_flatter,Nižší skewness,Plošší rozdělení s menším podílem jackpotu.,67,370492,1000,10000000,0.5,120000000.0,0.31,0.08750000000000001,0.233,20000000000.0,10000000000.0,8830350000.0,4175350000.0,70,33,3,95700000.0,0.0,120000000.0,31000000.0,40614000.0,8830350.0,14476979.900086205,14476979.900086205,14.307692307692308,56,39
h3_prize_structure,structure_flatter,Nižší skewness,Plošší rozdělení s menším podílem jackpotu.,68,370493,1000,10000000,0.5,120000000.0,0.31,0.08750000000000001,0.233,20000000000.0,10000000000.0,8817295000.0,4162295000.0,70,34,3,98800000.0,0.0,120000000.0,21700000.0,38632200.0,8817295.0,14103009.845702264,14103009.845702264,13.880597014925373,52,39
h3_prize_structure,structure_flatter,Nižší skewness,Plošší rozdělení s menším podílem jackpotu.,69,370494,1000,10000000,0.5,120000000.0,0.31,0.08750000000000001,0.233,20000000000.0,10000000000.0,8785375000.0,4130375000.0,64,45,3,132900000.0,0.0,120000000.0,43400000.0,41310000.0,8785375.0,14338070.628029944,14338070.628029944,15.344262295081966,64,39
h3_prize_structure,structure_flatter,Nižší skewness,Plošší rozdělení s menším podílem jackpotu.,70,370495,1000,10000000,0.5,120000000.0,0.31,0.08750000000000001,0.233,20000000000.0,10000000000.0,8733260000.0,4078260000.0,72,6,1,16400000.0,0.0,120000000.0,120000000.0,34002500.0,8733260.0,13197235.940620294,13197235.940620294,13.257142857142858,44,39
h3_prize_structure,structure_flatter,Nižší skewness,Plošší rozdělení s menším podílem jackpotu.,71,370496,1000,10000000,0.5,120000000.0,0.31,0.08750000000000001,0.233,20000000000.0,10000000000.0,8836025000.0,4181025000.0,77,42,3,123600000.0,0.0,120000000.0,18600000.0,36132600.0,8836025.0,13289934.039504297,13289934.039504297,12.472972972972974,61,39
h3_prize_structure,structure_flatter,Nižší skewness,Plošší rozdělení s menším podílem jackpotu.,72,370497,1000,10000000,0.5,120000000.0,0.31,0.08750000000000001,0.233,20000000000.0,10000000000.0,8803370000.0,4148370000.0,73,70,4,208200000.0,0.0,120000000.0,6200000.0,42872500.0,8803370.0,14149568.805907127,14149568.805907127,14.045454545454545,71,39
h3_prize_structure,structure_flatter,Nižší skewness,Plošší rozdělení s menším podílem jackpotu.,73,370498,1000,10000000,0.5,120000000.0,0.31,0.08750000000000001,0.233,20000000000.0,10000000000.0,8770995000.0,4115995000.0,75,16,2,45200000.0,0.0,120000000.0,86800000.0,36071400.0,8770995.0,13749662.775318345,13749662.775318345,13.405797101449275,45,39
h3_prize_structure,structure_flatter,Nižší skewness,Plošší rozdělení s menším podílem jackpotu.,74,370499,1000,10000000,0.5,120000000.0,0.31,0.08750000000000001,0.233,20000000000.0,10000000000.0,8801515000.0,4146515000.0,66,27,4,74900000.0,0.0,120000000.0,34100000.0,41100800.0,8801515.0,14831865.783837683,14831865.783837683,14.825396825396826,47,39
h3_prize_structure,structure_flatter,Nižší skewness,Plošší rozdělení s menším podílem jackpotu.,75,370500,1000,10000000,0.5,120000000.0,0.31,0.08750000000000001,0.233,20000000000.0,10000000000.0,8793875000.0,4138875000.0,85,11,4,25300000.0,0.0,120000000.0,93000000.0,32438300.0,8793875.0,13020007.23154081,13020007.23154081,11.73076923076923,43,39
h3_prize_structure,structure_flatter,Nižší skewness,Plošší rozdělení s menším podílem jackpotu.,76,370501,1000,10000000,0.5,120000000.0,0.31,0.08750000000000001,0.233,20000000000.0,10000000000.0,8871500000.0,4216500000.0,81,16,3,43000000.0,0.0,120000000.0,24800000.0,34072800.0,8871500.0,13561438.878304912,13561438.878304912,11.935064935064934,45,39
h3_prize_structure,structure_flatter,Nižší skewness,Plošší rozdělení s menším podílem jackpotu.,77,370502,1000,10000000,0.5,120000000.0,0.31,0.08750000000000001,0.233,20000000000.0,10000000000.0,8745815000.0,4090815000.0,75,107,3,325100000.0,0.0,120000000.0,27900000.0,42094300.0,8745815.0,12851367.114465877,12851367.114465877,13.028169014084508,106,39
h3_prize_structure,structure_flatter,Nižší skewness,Plošší rozdělení s menším podílem jackpotu.,78,370503,1000,10000000,0.5,120000000.0,0.31,0.08750000000000001,0.233,20000000000.0,10000000000.0,8725795000.0,4070795000.0,73,94,4,282600000.0,0.0,120000000.0,40300000.0,44109500.0,8725795.0,13705687.923011199,13705687.923011199,14.261538461538462,73,39
h3_prize_structure,structure_flatter,Nižší skewness,Plošší rozdělení s menším podílem jackpotu.,79,370504,1000,10000000,0.5,120000000.0,0.31,0.08750000000000001,0.233,20000000000.0,10000000000.0,8808975000.0,4153975000.0,61,67,3,201100000.0,0.0,120000000.0,15500000.0,42179900.0,8808975.0,13995557.104823481,13995557.104823481,16.189655172413794,81,39
h3_prize_structure,structure_flatter,Nižší skewness,Plošší rozdělení s menším podílem jackpotu.,80,370505,1000,10000000,0.5,120000000.0,0.31,0.08750000000000001,0.233,20000000000.0,10000000000.0,8800525000.0,4145525000.0,60,101,6,299900000.0,0.0,120000000.0,3100000.0,47490200.0,8800525.0,14403470.908061536,14403470.908061536,15.932203389830509,69,39
h3_prize_structure,structure_flatter,Nižší skewness,Plošší rozdělení s menším podílem jackpotu.,81,370506,1000,10000000,0.5,120000000.0,0.31,0.08750000000000001,0.233,20000000000.0,10000000000.0,8810590000.0,4155590000.0,69,20,4,53200000.0,0.0,120000000.0,43400000.0,39650100.0,8810590.0,14615603.997163443,14615603.997163443,14.323076923076924,44,39
h3_prize_structure,structure_flatter,Nižší skewness,Plošší rozdělení s menším podílem jackpotu.,82,370507,1000,10000000,0.5,120000000.0,0.31,0.08750000000000001,0.233,20000000000.0,10000000000.0,8824810000.0,4169810000.0,64,40,6,110800000.0,0.0,120000000.0,18600000.0,42014700.0,8824810.0,14744588.092378166,14744588.092378166,15.6,49,39
h3_prize_structure,structure_flatter,Nižší skewness,Plošší rozdělení s menším podílem jackpotu.,83,370508,1000,10000000,0.5,120000000.0,0.31,0.08750000000000001,0.233,20000000000.0,10000000000.0,8759555000.0,4104555000.0,66,81,5,240100000.0,0.0,120000000.0,62000000.0,45476800.0,8759555.0,14338775.325214319,14338775.325214319,15.311475409836065,75,39
h3_prize_structure,structure_flatter,Nižší skewness,Plošší rozdělení s menším podílem jackpotu.,84,370509,1000,10000000,0.5,120000000.0,0.31,0.08750000000000001,0.233,20000000000.0,10000000000.0,8810405000.0,4155405000.0,67,76,6,222400000.0,0.0,120000000.0,31000000.0,41446000.0,8810405.0,13680736.647234133,13680736.647234133,14.353846153846154,63,39
h3_prize_structure,structure_flatter,Nižší skewness,Plošší rozdělení s menším podílem jackpotu.,85,370510,1000,10000000,0.5,120000000.0,0.31,0.08750000000000001,0.233,20000000000.0,10000000000.0,8771535000.0,4116535000.0,73,33,3,95700000.0,0.0,120000000.0,89900000.0,37117200.0,8771535.0,13541464.550364373,13541464.550364373,12.875,65,39
h3_prize_structure,structure_flatter,Nižší skewness,Plošší rozdělení s menším podílem jackpotu.,86,370511,1000,10000000,0.5,120000000.0,0.31,0.08750000000000001,0.233,20000000000.0,10000000000.0,8807565000.0,4152565000.0,65,41,3,120500000.0,0.0,120000000.0,40300000.0,40330900.0,8807565.0,14270249.71911056,14270249.71911056,15.583333333333334,61,39
h3_prize_structure,structure_flatter,Nižší skewness,Plošší rozdělení s menším podílem jackpotu.,87,370512,1000,10000000,0.5,120000000.0,0.31,0.08750000000000001,0.233,20000000000.0,10000000000.0,8702270000.0,4047270000.0,61,60,6,172800000.0,0.0,120000000.0,102300000.0,44303100.0,8702270.0,14362793.321533943,14362793.321533943,15.65,65,39
h3_prize_structure,structure_flatter,Nižší skewness,Plošší rozdělení s menším podílem jackpotu.,88,370513,1000,10000000,0.5,120000000.0,0.31,0.08750000000000001,0.233,20000000000.0,10000000000.0,8748765000.0,4093765000.0,68,69,2,209500000.0,0.0,120000000.0,74400000.0,39374800.0,8748765.0,13110395.78158398,13110395.78158398,14.121212121212121,72,39
h3_prize_structure,structure_flatter,Nižší skewness,Plošší rozdělení s menším podílem jackpotu.,89,370514,1000,10000000,0.5,120000000.0,0.31,0.08750000000000001,0.233,20000000000.0,10000000000.0,8759990000.0,4104990000.0,63,141,4,428300000.0,0.0,120000000.0,27900000.0,47653900.0,8759990.0,13253691.751730911,13253691.751730911,14.873015873015873,94,39
h3_prize_structure,structure_flatter,Nižší skewness,Plošší rozdělení s menším podílem jackpotu.,90,370515,1000,10000000,0.5,120000000.0,0.31,0.08750000000000001,0.233,20000000000.0,10000000000.0,8821740000.0,4166740000.0,64,45,3,132900000.0,0.0,120000000.0,15500000.0,41353400.0,8821740.0,14383245.06752214,14383245.06752214,15.096774193548388,65,39
h3_prize_structure,structure_flatter,Nižší skewness,Plošší rozdělení s menším podílem jackpotu.,91,370516,1000,10000000,0.5,120000000.0,0.31,0.08750000000000001,0.233,20000000000.0,10000000000.0,8785725000.0,4130725000.0,73,47,5,134700000.0,0.0,120000000.0,31000000.0,40618700.0,8785725.0,14208675.986853069,14208675.986853069,13.835820895522389,66,39
h3_prize_structure,structure_flatter,Nižší skewness,Plošší rozdělení s menším podílem jackpotu.,92,370517,1000,10000000,0.5,120000000.0,0.31,0.08750000000000001,0.233,20000000000.0,10000000000.0,8814840000.0,4159840000.0,64,59,4,174100000.0,0.0,120000000.0,15500000.0,44782700.0,8814840.0,14746641.830410069,14746641.830410069,15.096774193548388,72,39
h3_prize_structure,structure_flatter,Nižší skewness,Plošší rozdělení s menším podílem jackpotu.,93,370518,1000,10000000,0.5,120000000.0,0.31,0.08750000000000001,0.233,20000000000.0,10000000000.0,8717315000.0,4062315000.0,59,103,6,306100000.0,0.0,120000000.0,102300000.0,47286900.0,8717315.0,13993746.196632802,13993746.196632802,16.50877192982456,68,39
h3_prize_structure,structure_flatter,Nižší skewness,Plošší rozdělení s menším podílem jackpotu.,94,370519,1000,10000000,0.5,120000000.0,0.31,0.08750000000000001,0.233,20000000000.0,10000000000.0,8748060000.0,4093060000.0,60,71,5,209100000.0,0.0,120000000.0,80600000.0,43216600.0,8748060.0,13981401.819431413,13981401.819431413,16.20689655172414,59,39
h3_prize_structure,structure_flatter,Nižší skewness,Plošší rozdělení s menším podílem jackpotu.,95,370520,1000,10000000,0.5,120000000.0,0.31,0.08750000000000001,0.233,20000000000.0,10000000000.0,8854860000.0,4199860000.0,80,42,5,119200000.0,0.0,120000000.0,15500000.0,38586500.0,8854860.0,13967283.593469419,13967283.593469419,13.142857142857142,60,39
h3_prize_structure,structure_flatter,Nižší skewness,Plošší rozdělení s menším podílem jackpotu.,96,370521,1000,10000000,0.5,120000000.0,0.31,0.08750000000000001,0.233,20000000000.0,10000000000.0,8715390000.0,4060390000.0,70,61,6,175900000.0,0.0,120000000.0,120000000.0,39453800.0,8715390.0,13144746.326875236,13144746.326875236,13.478260869565217,58,39
h3_prize_structure,structure_flatter,Nižší skewness,Plošší rozdělení s menším podílem jackpotu.,97,370522,1000,10000000,0.5,120000000.0,0.31,0.08750000000000001,0.233,20000000000.0,10000000000.0,8850725000.0,4195725000.0,86,38,4,109000000.0,0.0,120000000.0,12400000.0,34460000.0,8850725.0,13022958.340921428,13022958.340921428,11.283950617283951,55,39
h3_prize_structure,structure_flatter,Nižší skewness,Plošší rozdělení s menším podílem jackpotu.,98,370523,1000,10000000,0.5,120000000.0,0.31,0.08750000000000001,0.233,20000000000.0,10000000000.0,8860870000.0,4205870000.0,76,15,4,37700000.0,0.0,120000000.0,6200000.0,36148500.0,8860870.0,14109130.582466802,14109130.582466802,13.014084507042254,44,39
h3_prize_structure,structure_flatter,Nižší skewness,Plošší rozdělení s menším podílem jackpotu.,99,370524,1000,10000000,0.5,120000000.0,0.31,0.08750000000000001,0.233,20000000000.0,10000000000.0,8820085000.0,4165085000.0,64,96,6,284400000.0,0.0,120000000.0,9300000.0,45845500.0,8820085.0,14211740.764866738,14211740.764866738,15.6,91,39
h3_prize_structure,structure_flatter,Nižší skewness,Plošší rozdělení s menším podílem jackpotu.,100,370525,1000,10000000,0.5,120000000.0,0.31,0.08750000000000001,0.233,20000000000.0,10000000000.0,8745500000.0,4090500000.0,67,77,5,227700000.0,0.0,120000000.0,40300000.0,46243000.0,8745500.0,14670637.734945267,14670637.734945267,15.048387096774194,66,39
h3_prize_structure,structure_flatter,Nižší skewness,Plošší rozdělení s menším podílem jackpotu.,101,370526,1000,10000000,0.5,120000000.0,0.31,0.08750000000000001,0.233,20000000000.0,10000000000.0,8865770000.0,4210770000.0,62,34,6,92200000.0,0.0,120000000.0,0.0,43653800.0,8865770.0,15268561.453427758,15268561.453427758,15.898305084745763,49,39
h3_prize_structure,structure_flatter,Nižší skewness,Plošší rozdělení s menším podílem jackpotu.,102,370527,1000,10000000,0.5,120000000.0,0.31,0.08750000000000001,0.233,20000000000.0,10000000000.0,8840055000.0,4185055000.0,70,17,3,46100000.0,0.0,120000000.0,18600000.0,37587300.0,8840055.0,14296953.43847685,14296953.43847685,13.880597014925373,44,39
h3_prize_structure,structure_flatter,Nižší skewness,Plošší rozdělení s menším podílem jackpotu.,103,370528,1000,10000000,0.5,120000000.0,0.31,0.08750000000000001,0.233,20000000000.0,10000000000.0,8825025000.0,4170025000.0,77,98,4,295000000.0,0.0,120000000.0,12400000.0,43312300.0,8825025.0,13444751.605157122,13444751.605157122,12.819444444444445,77,39
h3_prize_structure,structure_flatter,Nižší skewness,Plošší rozdělení s menším podílem jackpotu.,104,370529,1000,10000000,0.5,120000000.0,0.31,0.08750000000000001,0.233,20000000000.0,10000000000.0,8842370000.0,4187370000.0,65,57,7,161300000.0,0.0,120000000.0,21700000.0,44185800.0,8842370.0,14851012.44471568,14851012.44471568,15.583333333333334,56,39
h3_prize_structure,structure_flatter,Nižší skewness,Plošší rozdělení s menším podílem jackpotu.,105,370530,1000,10000000,0.5,120000000.0,0.31,0.08750000000000001,0.233,20000000000.0,10000000000.0,8831010000.0,4176010000.0,56,45,6,126300000.0,0.0,120000000.0,3100000.0,45990600.0,8831010.0,15492215.329961691,15492215.329961691,17.163636363636364,52,39
h3_prize_structure,structure_flatter,Nižší skewness,Plošší rozdělení s menším podílem jackpotu.,106,370531,1000,10000000,0.5,120000000.0,0.31,0.08750000000000001,0.233,20000000000.0,10000000000.0,8659990000.0,4004990000.0,69,127,5,382700000.0,0.0,120000000.0,120000000.0,45351700.0,8659990.0,12653741.353840768,12653741.353840768,14.323076923076924,85,39
h3_prize_structure,structure_flatter,Nižší skewness,Plošší rozdělení s menším podílem jackpotu.,107,370532,1000,10000000,0.5,120000000.0,0.31,0.08750000000000001,0.233,20000000000.0,10000000000.0,8789900000.0,4134900000.0,81,51,5,147100000.0,0.0,120000000.0,40300000.0,39297600.0,8789900.0,13823673.407962155,13823673.407962155,12.41891891891892,59,39
h3_prize_structure,structure_flatter,Nižší skewness,Plošší rozdělení s menším podílem jackpotu.,108,370533,1000,10000000,0.5,120000000.0,0.31,0.08750000000000001,0.233,20000000000.0,10000000000.0,8792085000.0,4137085000.0,57,71,8,202500000.0,0.0,120000000.0,37200000.0,46325500.0,8792085.0,14902241.329000648,14902241.329000648,16.839285714285715,65,39
h3_prize_structure,structure_flatter,Nižší skewness,Plošší rozdělení s menším podílem jackpotu.,109,370534,1000,10000000,0.5,120000000.0,0.31,0.08750000000000001,0.233,20000000000.0,10000000000.0,8781935000.0,4126935000.0,71,37,4,105900000.0,0.0,120000000.0,46500000.0,39582100.0,8781935.0,14137992.77410959,14137992.77410959,13.46376811594203,56,39
h3_prize_structure,structure_flatter,Nižší skewness,Plošší rozdělení s menším podílem jackpotu.,110,370535,1000,10000000,0.5,120000000.0,0.31,0.08750000000000001,0.233,20000000000.0,10000000000.0,8809435000.0,4154435000.0,66,72,4,214400000.0,0.0,120000000.0,9300000.0,42328200.0,8809435.0,13885988.794672672,13885988.794672672,15.311475409836065,76,39
h3_prize_structure,structure_flatter,Nižší skewness,Plošší rozdělení s menším podílem jackpotu.,111,370536,1000,10000000,0.5,120000000.0,0.31,0.08750000000000001,0.233,20000000000.0,10000000000.0,8791845000.0,4136845000.0,68,134,6,402200000.0,0.0,120000000.0,0.0,48548600.0,8791845.0,13762093.727735436,13762093.727735436,14.793650793650794,100,39
h3_prize_structure,structure_flatter,Nižší skewness,Plošší rozdělení s menším podílem jackpotu.,112,370537,1000,10000000,0.5,120000000.0,0.31,0.08750000000000001,0.233,20000000000.0,10000000000.0,8682060000.0,4027060000.0,69,111,5,333100000.0,0.0,120000000.0,120000000.0,45487000.0,8682060.0,13107449.40316002,13107449.40316002,14.546875,73,39
h3_prize_structure,structure_flatter,Nižší skewness,Plošší rozdělení s menším podílem jackpotu.,113,370538,1000,10000000,0.5,120000000.0,0.31,0.08750000000000001,0.233,20000000000.0,10000000000.0,8833060000.0,4178060000.0,80,25,3,70900000.0,0.0,120000000.0,3100000.0,35217900.0,8833060.0,13601059.621823588,13601059.621823588,12.266666666666667,53,39
h3_prize_structure,structure_flatter,Nižší skewness,Plošší rozdělení s menším podílem jackpotu.,114,370539,1000,10000000,0.5,120000000.0,0.31,0.08750000000000001,0.233,20000000000.0,10000000000.0,8834360000.0,4179360000.0,75,61,3,182500000.0,0.0,120000000.0,6200000.0,39717700.0,8834360.0,13597782.631385162,13597782.631385162,13.214285714285714,68,39
h3_prize_structure,structure_flatter,Nižší skewness,Plošší rozdělení s menším podílem jackpotu.,115,370540,1000,10000000,0.5,120000000.0,0.31,0.08750000000000001,0.233,20000000000.0,10000000000.0,8728985000.0,4073985000.0,58,84,7,245000000.0,0.0,120000000.0,77500000.0,46877100.0,8728985.0,14524240.460167788,14524240.460167788,16.526315789473685,80,39
h3_prize_structure,structure_flatter,Nižší skewness,Plošší rozdělení s menším podílem jackpotu.,116,370541,1000,10000000,0.5,120000000.0,0.31,0.08750000000000001,0.233,20000000000.0,10000000000.0,8824050000.0,4169050000.0,67,62,4,183400000.0,0.0,120000000.0,27900000.0,42104700.0,8824050.0,14156423.208123583,14156423.208123583,15.55,68,39
h3_prize_structure,structure_flatter,Nižší skewness,Plošší rozdělení s menším podílem jackpotu.,117,370542,1000,10000000,0.5,120000000.0,0.31,0.08750000000000001,0.233,20000000000.0,10000000000.0,8832220000.0,4177220000.0,72,23,3,64700000.0,0.0,120000000.0,31000000.0,37259500.0,8832220.0,14093689.657843329,14093689.657843329,13.257142857142858,51,39
h3_prize_structure,structure_flatter,Nižší skewness,Plošší rozdělení s menším podílem jackpotu.,118,370543,1000,10000000,0.5,120000000.0,0.31,0.08750000000000001,0.233,20000000000.0,10000000000.0,8764420000.0,4109420000.0,70,79,4,236100000.0,0.0,120000000.0,43400000.0,44681000.0,8764420.0,14259355.345302256,14259355.345302256,15.245901639344263,95,39
h3_prize_structure,structure_flatter,Nižší skewness,Plošší rozdělení s menším podílem jackpotu.,119,370544,1000,10000000,0.5,120000000.0,0.31,0.08750000000000001,0.233,20000000000.0,10000000000.0,8755495000.0,4100495000.0,67,76,7,220200000.0,0.0,120000000.0,62000000.0,44460100.0,8755495.0,14338653.340881597,14338653.340881597,14.578125,75,39
h3_prize_structure,structure_flatter,Nižší skewness,Plošší rozdělení s menším podílem jackpotu.,120,370545,1000,10000000,0.5,120000000.0,0.31,0.08750000000000001,0.233,20000000000.0,10000000000.0,8820340000.0,4165340000.0,74,68,5,199800000.0,0.0,120000000.0,9300000.0,40544000.0,8820340.0,13709749.78197633,13709749.78197633,13.82089552238806,70,39
h3_prize_structure,structure_flatter,Nižší skewness,Plošší rozdělení s menším podílem jackpotu.,121,370546,1000,10000000,0.5,120000000.0,0.31,0.08750000000000001,0.233,20000000000.0,10000000000.0,8729925000.0,4074925000.0,62,86,6,253400000.0,0.0,120000000.0,37200000.0,45938200.0,8729925.0,14412075.602402834,14412075.602402834,16.17241379310345,65,39
h3_prize_structure,structure_flatter,Nižší skewness,Plošší rozdělení s menším podílem jackpotu.,122,370547,1000,10000000,0.5,120000000.0,0.31,0.08750000000000001,0.233,20000000000.0,10000000000.0,8814270000.0,4159270000.0,59,38,5,106800000.0,0.0,120000000.0,43400000.0,40722900.0,8814270.0,14449717.887111153,14449717.887111153,15.94915254237288,59,39
h3_prize_structure,structure_flatter,Nižší skewness,Plošší rozdělení s menším podílem jackpotu.,123,370548,1000,10000000,0.5,120000000.0,0.31,0.08750000000000001,0.233,20000000000.0,10000000000.0,8807570000.0,4152570000.0,59,42,4,121400000.0,0.0,120000000.0,52700000.0,42500900.0,8807570.0,14672433.957769243,14672433.957769243,17.10909090909091,56,39
h3_prize_structure,structure_flatter,Nižší skewness,Plošší rozdělení s menším podílem jackpotu.,124,370549,1000,10000000,0.5,120000000.0,0.31,0.08750000000000001,0.233,20000000000.0,10000000000.0,8837555000.0,4182555000.0,72,29,1,87700000.0,0.0,120000000.0,9300000.0,37317400.0,8837555.0,13854903.198758734,13854903.198758734,14.276923076923078,66,39
h3_prize_structure,structure_flatter,Nižší skewness,Plošší rozdělení s menším podílem jackpotu.,125,370550,1000,10000000,0.5,120000000.0,0.31,0.08750000000000001,0.233,20000000000.0,10000000000.0,8777790000.0,4122790000.0,74,29,6,76700000.0,0.0,120000000.0,49600000.0,38813000.0,8777790.0,14284567.885165446,14284567.885165446,13.420289855072463,47,39
h3_prize_structure,structure_flatter,Nižší skewness,Plošší rozdělení s menším podílem jackpotu.,126,370551,1000,10000000,0.5,120000000.0,0.31,0.08750000000000001,0.233,20000000000.0,10000000000.0,8824160000.0,4169160000.0,72,70,6,203800000.0,0.0,120000000.0,27900000.0,41640500.0,8824160.0,13939605.345719082,13939605.345719082,13.44927536231884,61,39
h3_prize_structure,structure_flatter,Nižší skewness,Plošší rozdělení s menším podílem jackpotu.,127,370552,1000,10000000,0.5,120000000.0,0.31,0.08750000000000001,0.233,20000000000.0,10000000000.0,8692940000.0,4037940000.0,60,85,7,248100000.0,0.0,120000000.0,120000000.0,46036100.0,8692940.0,14011685.8427671,14011685.8427671,15.932203389830509,80,39
h3_prize_structure,structure_flatter,Nižší skewness,Plošší rozdělení s menším podílem jackpotu.,128,370553,1000,10000000,0.5,120000000.0,0.31,0.08750000000000001,0.233,20000000000.0,10000000000.0,8794700000.0,4139700000.0,66,30,3,86400000.0,0.0,120000000.0,71300000.0,39017100.0,8794700.0,14107598.424607925,14107598.424607925,15.064516129032258,55,39
h3_prize_structure,structure_flatter,Nižší skewness,Plošší rozdělení s menším podílem jackpotu.,129,370554,1000,10000000,0.5,120000000.0,0.31,0.08750000000000001,0.233,20000000000.0,10000000000.0,8770390000.0,4115390000.0,58,55,4,161700000.0,0.0,120000000.0,58900000.0,42238100.0,8770390.0,14306364.78277763,14306364.78277763,15.966101694915254,60,39
h3_prize_structure,structure_flatter,Nižší skewness,Plošší rozdělení s menším podílem jackpotu.,130,370555,1000,10000000,0.5,120000000.0,0.31,0.08750000000000001,0.233,20000000000.0,10000000000.0,8785660000.0,4130660000.0,62,28,2,82400000.0,0.0,120000000.0,77500000.0,39439600.0,8785660.0,14167325.886150852,14167325.886150852,15.37704918032787,58,39
h3_prize_structure,structure_flatter,Nižší skewness,Plošší rozdělení s menším podílem jackpotu.,131,370556,1000,10000000,0.5,120000000.0,0.31,0.08750000000000001,0.233,20000000000.0,10000000000.0,8796870000.0,4141870000.0,56,79,8,227300000.0,0.0,120000000.0,21700000.0,48838600.0,8796870.0,15249213.509328932,15249213.509328932,17.163636363636364,67,39
h3_prize_structure,structure_flatter,Nižší skewness,Plošší rozdělení s menším podílem jackpotu.,132,370557,1000,10000000,0.5,120000000.0,0.31,0.08750000000000001,0.233,20000000000.0,10000000000.0,8854300000.0,4199300000.0,72,27,3,77100000.0,0.0,120000000.0,6200000.0,38375000.0,8854300.0,14215634.3055806,14215634.3055806,13.257142857142858,57,39
h3_prize_structure,structure_flatter,Nižší skewness,Plošší rozdělení s menším podílem jackpotu.,133,370558,1000,10000000,0.5,120000000.0,0.31,0.08750000000000001,0.233,20000000000.0,10000000000.0,8782360000.0,4127360000.0,67,117,5,351700000.0,0.0,120000000.0,12400000.0,45484700.0,8782360.0,13487663.238322642,13487663.238322642,15.295081967213115,72,39
h3_prize_structure,structure_flatter,Nižší skewness,Plošší rozdělení s menším podílem jackpotu.,134,370559,1000,10000000,0.5,120000000.0,0.31,0.08750000000000001,0.233,20000000000.0,10000000000.0,8794730000.0,4139730000.0,67,102,4,307400000.0,0.0,120000000.0,27900000.0,48237700.0,8794730.0,14433417.20373592,14433417.20373592,15.048387096774194,89,39
h3_prize_structure,structure_flatter,Nižší skewness,Plošší rozdělení s menším podílem jackpotu.,135,370560,1000,10000000,0.5,120000000.0,0.31,0.08750000000000001,0.233,20000000000.0,10000000000.0,8800755000.0,4145755000.0,65,80,2,243600000.0,0.0,120000000.0,46500000.0,42468000.0,8800755.0,13618460.480354415,13618460.480354415,15.080645161290322,108,39
h3_prize_structure,structure_flatter,Nižší skewness,Plošší rozdělení s menším podílem jackpotu.,136,370561,1000,10000000,0.5,120000000.0,0.31,0.08750000000000001,0.233,20000000000.0,10000000000.0,8833735000.0,4178735000.0,73,29,3,83300000.0,0.0,120000000.0,18600000.0,38704900.0,8833735.0,14231059.133977871,14231059.133977871,13.242857142857142,49,39
h3_prize_structure,structure_flatter,Nižší skewness,Plošší rozdělení s menším podílem jackpotu.,137,370562,1000,10000000,0.5,120000000.0,0.31,0.08750000000000001,0.233,20000000000.0,10000000000.0,8829875000.0,4174875000.0,67,78,6,228600000.0,0.0,120000000.0,12400000.0,44215600.0,8829875.0,14222117.564180624,14222117.564180624,15.048387096774194,63,39
h3_prize_structure,structure_flatter,Nižší skewness,Plošší rozdělení s menším podílem jackpotu.,138,370563,1000,10000000,0.5,120000000.0,0.31,0.08750000000000001,0.233,20000000000.0,10000000000.0,8841320000.0,4186320000.0,76,18,2,51400000.0,0.0,120000000.0,3100000.0,35865000.0,8841320.0,13851527.650681712,13851527.650681712,12.657534246575343,49,39
h3_prize_structure,structure_flatter,Nižší skewness,Plošší rozdělení s menším podílem jackpotu.,139,370564,1000,10000000,0.5,120000000.0,0.31,0.08750000000000001,0.233,20000000000.0,10000000000.0,8685615000.0,4030615000.0,63,127,6,380500000.0,0.0,120000000.0,99200000.0,49438400.0,8685615.0,13741074.852309588,13741074.852309588,15.88135593220339,96,39
h3_prize_structure,structure_flatter,Nižší skewness,Plošší rozdělení s menším podílem jackpotu.,140,370565,1000,10000000,0.5,120000000.0,0.31,0.08750000000000001,0.233,20000000000.0,10000000000.0,8723825000.0,4068825000.0,62,52,6,148000000.0,0.0,120000000.0,120000000.0,43597300.0,8723825.0,14317079.38597726,14317079.38597726,15.898305084745763,50,39
h3_prize_structure,structure_flatter,Nižší skewness,Plošší rozdělení s menším podílem jackpotu.,141,370566,1000,10000000,0.5,120000000.0,0.31,0.08750000000000001,0.233,20000000000.0,10000000000.0,8747655000.0,4092655000.0,64,137,6,411500000.0,0.0,120000000.0,21700000.0,49630900.0,8747655.0,13897500.754667185,13897500.754667185,15.344262295081966,85,39
h3_prize_structure,structure_flatter,Nižší skewness,Plošší rozdělení s menším podílem jackpotu.,142,370567,1000,10000000,0.5,120000000.0,0.31,0.08750000000000001,0.233,20000000000.0,10000000000.0,8826000000.0,4171000000.0,82,0,0,0.0,0.0,117800000.0,31000000.0,31127100.0,8826000.0,13153830.79562756,13153830.79562756,11.76923076923077,37,0.0
h3_prize_structure,structure_flatter,Nižší skewness,Plošší rozdělení s menším podílem jackpotu.,143,370568,1000,10000000,0.5,120000000.0,0.31,0.08750000000000001,0.233,20000000000.0,10000000000.0,8832405000.0,4177405000.0,66,26,2,76200000.0,0.0,120000000.0,9300000.0,37454300.0,8832405.0,14030045.003169984,14030045.003169984,14.825396825396826,53,39
h3_prize_structure,structure_flatter,Nižší skewness,Plošší rozdělení s menším podílem jackpotu.,144,370569,1000,10000000,0.5,120000000.0,0.31,0.08750000000000001,0.233,20000000000.0,10000000000.0,8821160000.0,4166160000.0,85,38,4,109000000.0,0.0,120000000.0,12400000.0,35749600.0,8821160.0,13358588.224599184,13358588.224599184,12.039473684210526,64,39
h3_prize_structure,structure_flatter,Nižší skewness,Plošší rozdělení s menším podílem jackpotu.,145,370570,1000,10000000,0.5,120000000.0,0.31,0.08750000000000001,0.233,20000000000.0,10000000000.0,8797905000.0,4142905000.0,72,58,5,168800000.0,0.0,120000000.0,15500000.0,39418400.0,8797905.0,13679176.184477448,13679176.184477448,13.070422535211268,74,39
h3_prize_structure,structure_flatter,Nižší skewness,Plošší rozdělení s menším podílem jackpotu.,146,370571,1000,10000000,0.5,120000000.0,0.31,0.08750000000000001,0.233,20000000000.0,10000000000.0,8793575000.0,4138575000.0,65,53,6,151100000.0,0.0,120000000.0,12400000.0,44142000.0,8793575.0,14923513.619264567,14923513.619264567,15.847457627118644,54,39
h3_prize_structure,structure_flatter,Nižší skewness,Plošší rozdělení s menším podílem jackpotu.,147,370572,1000,10000000,0.5,120000000.0,0.31,0.08750000000000001,0.233,20000000000.0,10000000000.0,8823395000.0,4168395000.0,81,34,3,98800000.0,0.0,120000000.0,12400000.0,34636300.0,8823395.0,13127860.000737935,13127860.000737935,11.782051282051283,61,39
h3_prize_structure,structure_flatter,Nižší skewness,Plošší rozdělení s menším podílem jackpotu.,148,370573,1000,10000000,0.5,120000000.0,0.31,0.08750000000000001,0.233,20000000000.0,10000000000.0,8855260000.0,4200260000.0,72,32,4,90400000.0,0.0,120000000.0,3100000.0,39831500.0,8855260.0,14361033.689550346,14361033.689550346,13.44927536231884,53,39
h3_prize_structure,structure_flatter,Nižší skewness,Plošší rozdělení s menším podílem jackpotu.,149,370574,1000,10000000,0.5,120000000.0,0.31,0.08750000000000001,0.233,20000000000.0,10000000000.0,8757645000.0,4102645000.0,77,31,6,82900000.0,0.0,120000000.0,120000000.0,37155800.0,8757645.0,13399443.448478559,13399443.448478559,13,49,39
h3_prize_structure,structure_flatter,Nižší skewness,Plošší rozdělení s menším podílem jackpotu.,150,370575,1000,10000000,0.5,120000000.0,0.31,0.08750000000000001,0.233,20000000000.0,10000000000.0,8824740000.0,4169740000.0,73,59,6,169700000.0,0.0,120000000.0,9300000.0,41923200.0,8824740.0,14274273.425726438,14274273.425726438,13.835820895522389,64,39
h3_prize_structure,structure_flatter,Nižší skewness,Plošší rozdělení s menším podílem jackpotu.,151,370576,1000,10000000,0.5,120000000.0,0.31,0.08750000000000001,0.233,20000000000.0,10000000000.0,8804605000.0,4149605000.0,72,74,4,220600000.0,0.0,120000000.0,0.0,41384000.0,8804605.0,13685805.568872262,13685805.568872262,14.06060606060606,67,39
h3_prize_structure,structure_flatter,Nižší skewness,Plošší rozdělení s menším podílem jackpotu.,152,370577,1000,10000000,0.5,120000000.0,0.31,0.08750000000000001,0.233,20000000000.0,10000000000.0,8787520000.0,4132520000.0,61,74,5,218400000.0,0.0,120000000.0,52700000.0,44745300.0,8787520.0,14379524.249765707,14379524.249765707,15.915254237288135,77,39
h3_prize_structure,structure_flatter,Nižší skewness,Plošší rozdělení s menším podílem jackpotu.,153,370578,1000,10000000,0.5,120000000.0,0.31,0.08750000000000001,0.233,20000000000.0,10000000000.0,8768530000.0,4113530000.0,71,69,4,205100000.0,0.0,120000000.0,52700000.0,41621000.0,8768530.0,13749701.458180828,13749701.458180828,13.661764705882353,61,39
h3_prize_structure,structure_flatter,Nižší skewness,Plošší rozdělení s menším podílem jackpotu.,154,370579,1000,10000000,0.5,120000000.0,0.31,0.08750000000000001,0.233,20000000000.0,10000000000.0,8848435000.0,4193435000.0,63,60,4,177200000.0,0.0,120000000.0,12400000.0,42277000.0,8848435.0,14241512.015083756,14241512.015083756,15.88135593220339,65,39
h3_prize_structure,structure_flatter,Nižší skewness,Plošší rozdělení s menším podílem jackpotu.,155,370580,1000,10000000,0.5,120000000.0,0.31,0.08750000000000001,0.233,20000000000.0,10000000000.0,8837910000.0,4182910000.0,75,26,3,74000000.0,0.0,120000000.0,40300000.0,39175700.0,8837910.0,14367619.64564416,14367619.64564416,12.67123287671233,47,39
h3_prize_structure,structure_flatter,Nižší skewness,Plošší rozdělení s menším podílem jackpotu.,156,370581,1000,10000000,0.5,120000000.0,0.31,0.08750000000000001,0.233,20000000000.0,10000000000.0,8806315000.0,4151315000.0,70,32,4,90400000.0,0.0,120000000.0,24800000.0,40234500.0,8806315.0,14489984.580591347,14489984.580591347,14.090909090909092,47,39
h3_prize_structure,structure_flatter,Nižší skewness,Plošší rozdělení s menším podílem jackpotu.,157,370582,1000,10000000,0.5,120000000.0,0.31,0.08750000000000001,0.233,20000000000.0,10000000000.0,8749140000.0,4094140000.0,51,142,6,427000000.0,0.0,120000000.0,15500000.0,53334000.0,8749140.0,14562343.470760467,14562343.470760467,18.98,101,39
h3_prize_structure,structure_flatter,Nižší skewness,Plošší rozdělení s menším podílem jackpotu.,158,370583,1000,10000000,0.5,120000000.0,0.31,0.08750000000000001,0.233,20000000000.0,10000000000.0,8709080000.0,4054080000.0,74,80,5,237000000.0,0.0,120000000.0,96100000.0,41956100.0,8709080.0,13363256.723329086,13363256.723329086,13.420289855072463,92,39
h3_prize_structure,structure_flatter,Nižší skewness,Plošší rozdělení s menším podílem jackpotu.,159,370584,1000,10000000,0.5,120000000.0,0.31,0.08750000000000001,0.233,20000000000.0,10000000000.0,8770090000.0,4115090000.0,62,74,6,216200000.0,0.0,120000000.0,58900000.0,43946400.0,8770090.0,14239348.743601304,14239348.743601304,16.17241379310345,62,39
h3_prize_structure,structure_flatter,Nižší skewness,Plošší rozdělení s menším podílem jackpotu.,160,370585,1000,10000000,0.5,120000000.0,0.31,0.08750000000000001,0.233,20000000000.0,10000000000.0,8834930000.0,4179930000.0,71,49,5,140900000.0,0.0,120000000.0,15500000.0,38729000.0,8834930.0,13766457.236526033,13766457.236526033,13.271428571428572,59,39
h3_prize_structure,structure_flatter,Nižší skewness,Plošší rozdělení s menším podílem jackpotu.,161,370586,1000,10000000,0.5,120000000.0,0.31,0.08750000000000001,0.233,20000000000.0,10000000000.0,8840310000.0,4185310000.0,71,10,3,24400000.0,0.0,120000000.0,18600000.0,36576800.0,8840310.0,14244202.285628352,14244202.285628352,14.292307692307693,42,39
h3_prize_structure,structure_flatter,Nižší skewness,Plošší rozdělení s menším podílem jackpotu.,162,370587,1000,10000000,0.5,120000000.0,0.31,0.08750000000000001,0.233,20000000000.0,10000000000.0,8815025000.0,4160025000.0,60,53,6,151100000.0,0.0,120000000.0,0.0,45682700.0,8815025.0,15230309.193328118,15230309.193328118,16.20689655172414,60,39
h3_prize_structure,structure_flatter,Nižší skewness,Plošší rozdělení s menším podílem jackpotu.,163,370588,1000,10000000,0.5,120000000.0,0.31,0.08750000000000001,0.233,20000000000.0,10000000000.0,8770985000.0,4115985000.0,50,64,6,185200000.0,0.0,120000000.0,49600000.0,48360500.0,8770985.0,15354324.9087928,15354324.9087928,19,61,39
h3_prize_structure,structure_flatter,Nižší skewness,Plošší rozdělení s menším podílem jackpotu.,164,370589,1000,10000000,0.5,120000000.0,0.31,0.08750000000000001,0.233,20000000000.0,10000000000.0,8782115000.0,4127115000.0,59,144,6,433200000.0,0.0,120000000.0,3100000.0,52101500.0,8782115.0,14212559.40539124,14212559.40539124,17.10909090909091,113,39
h3_prize_structure,structure_flatter,Nižší skewness,Plošší rozdělení s menším podílem jackpotu.,165,370590,1000,10000000,0.5,120000000.0,0.31,0.08750000000000001,0.233,20000000000.0,10000000000.0,8810395000.0,4155395000.0,74,46,6,129400000.0,0.0,120000000.0,21700000.0,40366300.0,8810395.0,14242516.802481752,14242516.802481752,13.228571428571428,51,39
h3_prize_structure,structure_flatter,Nižší skewness,Plošší rozdělení s menším podílem jackpotu.,166,370591,1000,10000000,0.5,120000000.0,0.31,0.08750000000000001,0.233,20000000000.0,10000000000.0,8848270000.0,4193270000.0,67,58,5,168800000.0,0.0,120000000.0,34100000.0,42456400.0,8848270.0,14354846.932555567,14354846.932555567,15.813559322033898,61,39
h3_prize_structure,structure_flatter,Nižší skewness,Plošší rozdělení s menším podílem jackpotu.,167,370592,1000,10000000,0.5,120000000.0,0.31,0.08750000000000001,0.233,20000000000.0,10000000000.0,8785445000.0,4130445000.0,72,75,6,219300000.0,0.0,120000000.0,15500000.0,42380000.0,8785445.0,13982870.957960494,13982870.957960494,13.070422535211268,68,39
h3_prize_structure,structure_flatter,Nižší skewness,Plošší rozdělení s menším podílem jackpotu.,168,370593,1000,10000000,0.5,120000000.0,0.31,0.08750000000000001,0.233,20000000000.0,10000000000.0,8852160000.0,4197160000.0,86,2,1,4000000.0,0.0,120000000.0,18600000.0,30546500.0,8852160.0,13029698.420700304,13029698.420700304,11.425,39,39
h3_prize_structure,structure_flatter,Nižší skewness,Plošší rozdělení s menším podílem jackpotu.,169,370594,1000,10000000,0.5,120000000.0,0.31,0.08750000000000001,0.233,20000000000.0,10000000000.0,8805930000.0,4150930000.0,73,44,3,129800000.0,0.0,120000000.0,46500000.0,40380900.0,8805930.0,14097332.591135815,14097332.591135815,14.484375,58,39
h3_prize_structure,structure_flatter,Nižší skewness,Plošší rozdělení s menším podílem jackpotu.,170,370595,1000,10000000,0.5,120000000.0,0.31,0.08750000000000001,0.233,20000000000.0,10000000000.0,8777425000.0,4122425000.0,64,81,4,242300000.0,0.0,120000000.0,55800000.0,41883000.0,8777425.0,13495955.30684564,13495955.30684564,14.857142857142858,79,39
h3_prize_structure,structure_flatter,Nižší skewness,Plošší rozdělení s menším podílem jackpotu.,171,370596,1000,10000000,0.5,120000000.0,0.31,0.08750000000000001,0.233,20000000000.0,10000000000.0,8784620000.0,4129620000.0,78,36,4,102800000.0,0.0,120000000.0,52700000.0,39300900.0,8784620.0,14132169.039308863,14132169.039308863,12.805555555555555,52,39
h3_prize_structure,structure_flatter,Nižší skewness,Plošší rozdělení s menším podílem jackpotu.,172,370597,1000,10000000,0.5,120000000.0,0.31,0.08750000000000001,0.233,20000000000.0,10000000000.0,8771580000.0,4116580000.0,61,100,7,294600000.0,0.0,120000000.0,21700000.0,48220500.0,8771580.0,14600004.955601899,14600004.955601899,17.71698113207547,86,39
h3_prize_structure,structure_flatter,Nižší skewness,Plošší rozdělení s menším podílem jackpotu.,173,370598,1000,10000000,0.5,120000000.0,0.31,0.08750000000000001,0.233,20000000000.0,10000000000.0,8790460000.0,4135460000.0,53,132,8,391600000.0,0.0,120000000.0,31000000.0,54324400.0,8790460.0,15103298.285089916,15103298.285089916,18.568627450980394,67,39
h3_prize_structure,structure_flatter,Nižší skewness,Plošší rozdělení s menším podílem jackpotu.,174,370599,1000,10000000,0.5,120000000.0,0.31,0.08750000000000001,0.233,20000000000.0,10000000000.0,8710780000.0,4055780000.0,76,44,5,125400000.0,0.0,120000000.0,120000000.0,38848200.0,8710780.0,13415483.956667386,13415483.956667386,12.833333333333334,58,39
h3_prize_structure,structure_flatter,Nižší skewness,Plošší rozdělení s menším podílem jackpotu.,175,370600,1000,10000000,0.5,120000000.0,0.31,0.08750000000000001,0.233,20000000000.0,10000000000.0,8750425000.0,4095425000.0,49,153,7,458900000.0,0.0,120000000.0,27900000.0,53706300.0,8750425.0,14442181.587086314,14442181.587086314,19.8125,85,39
h3_prize_structure,structure_flatter,Nižší skewness,Plošší rozdělení s menším podílem jackpotu.,176,370601,1000,10000000,0.5,120000000.0,0.31,0.08750000000000001,0.233,20000000000.0,10000000000.0,8811455000.0,4156455000.0,76,42,4,121400000.0,0.0,120000000.0,43400000.0,38201200.0,8811455.0,13736180.815931879,13736180.815931879,12.486486486486486,55,39
h3_prize_structure,structure_flatter,Nižší skewness,Plošší rozdělení s menším podílem jackpotu.,177,370602,1000,10000000,0.5,120000000.0,0.31,0.08750000000000001,0.233,20000000000.0,10000000000.0,8781800000.0,4126800000.0,62,28,4,78000000.0,0.0,120000000.0,80600000.0,41521500.0,8781800.0,14650419.323691728,14650419.323691728,15.129032258064516,51,39
h3_prize_structure,structure_flatter,Nižší skewness,Plošší rozdělení s menším podílem jackpotu.,178,370603,1000,10000000,0.5,120000000.0,0.31,0.08750000000000001,0.233,20000000000.0,10000000000.0,8792885000.0,4137885000.0,63,83,6,244100000.0,0.0,120000000.0,0.0,46669400.0,8792885.0,14683620.58389466,14683620.58389466,16.43859649122807,63,39
h3_prize_structure,structure_flatter,Nižší skewness,Plošší rozdělení s menším podílem jackpotu.,179,370604,1000,10000000,0.5,120000000.0,0.31,0.08750000000000001,0.233,20000000000.0,10000000000.0,8713005000.0,4058005000.0,66,85,7,248100000.0,0.0,120000000.0,120000000.0,44210200.0,8713005.0,13669300.770155545,13669300.770155545,14.36923076923077,61,39
h3_prize_structure,structure_flatter,Nižší skewness,Plošší rozdělení s menším podílem jackpotu.,180,370605,1000,10000000,0.5,120000000.0,0.31,0.08750000000000001,0.233,20000000000.0,10000000000.0,8829855000.0,4174855000.0,77,35,2,104100000.0,0.0,120000000.0,12400000.0,37672500.0,8829855.0,13819258.359404638,13819258.359404638,13.185714285714285,56,39
h3_prize_structure,structure_flatter,Nižší skewness,Plošší rozdělení s menším podílem jackpotu.,181,370606,1000,10000000,0.5,120000000.0,0.31,0.08750000000000001,0.233,20000000000.0,10000000000.0,8789870000.0,4134870000.0,61,112,6,334000000.0,0.0,120000000.0,12400000.0,47861600.0,8789870.0,14131455.750668436,14131455.750668436,15.39344262295082,68,39
h3_prize_structure,structure_flatter,Nižší skewness,Plošší rozdělení s menším podílem jackpotu.,182,370607,1000,10000000,0.5,120000000.0,0.31,0.08750000000000001,0.233,20000000000.0,10000000000.0,8864000000.0,4209000000.0,89,2,1,4000000.0,0.0,120000000.0,3100000.0,33001700.0,8864000.0,13615419.61527444,13615419.61527444,11.246913580246913,39,39
h3_prize_structure,structure_flatter,Nižší skewness,Plošší rozdělení s menším podílem jackpotu.,183,370608,1000,10000000,0.5,120000000.0,0.31,0.08750000000000001,0.233,20000000000.0,10000000000.0,8723540000.0,4068540000.0,54,107,2,327300000.0,0.0,120000000.0,58900000.0,45887800.0,8723540.0,13561749.900672847,13561749.900672847,17.51851851851852,109,39
h3_prize_structure,structure_flatter,Nižší skewness,Plošší rozdělení s menším podílem jackpotu.,184,370609,1000,10000000,0.5,120000000.0,0.31,0.08750000000000001,0.233,20000000000.0,10000000000.0,8822165000.0,4167165000.0,64,21,5,54100000.0,0.0,120000000.0,37200000.0,39746200.0,8822165.0,14712208.661100991,14712208.661100991,15.344262295081966,45,39
h3_prize_structure,structure_flatter,Nižší skewness,Plošší rozdělení s menším podílem jackpotu.,185,370610,1000,10000000,0.5,120000000.0,0.31,0.08750000000000001,0.233,20000000000.0,10000000000.0,8708775000.0,4053775000.0,57,121,5,364100000.0,0.0,120000000.0,86800000.0,50751100.0,8708775.0,14190709.5180042,14190709.5180042,17.145454545454545,108,39
h3_prize_structure,structure_flatter,Nižší skewness,Plošší rozdělení s menším podílem jackpotu.,186,370611,1000,10000000,0.5,120000000.0,0.31,0.08750000000000001,0.233,20000000000.0,10000000000.0,8815440000.0,4160440000.0,77,66,5,193600000.0,0.0,120000000.0,12400000.0,39367800.0,8815440.0,13521771.086155837,13521771.086155837,12.306666666666667,64,39
h3_prize_structure,structure_flatter,Nižší skewness,Plošší rozdělení s menším podílem jackpotu.,187,370612,1000,10000000,0.5,120000000.0,0.31,0.08750000000000001,0.233,20000000000.0,10000000000.0,8835820000.0,4180820000.0,68,19,2,54500000.0,0.0,120000000.0,31000000.0,37066900.0,8835820.0,14056127.735888002,14056127.735888002,15.278688524590164,54,39
h3_prize_structure,structure_flatter,Nižší skewness,Plošší rozdělení s menším podílem jackpotu.,188,370613,1000,10000000,0.5,120000000.0,0.31,0.08750000000000001,0.233,20000000000.0,10000000000.0,8796625000.0,4141625000.0,71,100,5,299000000.0,0.0,120000000.0,12400000.0,45983600.0,8796625.0,14023333.087550014,14023333.087550014,14.292307692307693,101,39
h3_prize_structure,structure_flatter,Nižší skewness,Plošší rozdělení s menším podílem jackpotu.,189,370614,1000,10000000,0.5,120000000.0,0.31,0.08750000000000001,0.233,20000000000.0,10000000000.0,8821495000.0,4166495000.0,60,72,6,210000000.0,0.0,120000000.0,3100000.0,47169100.0,8821495.0,15034667.106057752,15034667.106057752,16.49122807017544,73,39
h3_prize_structure,structure_flatter,Nižší skewness,Plošší rozdělení s menším podílem jackpotu.,190,370615,1000,10000000,0.5,120000000.0,0.31,0.08750000000000001,0.233,20000000000.0,10000000000.0,8843205000.0,4188205000.0,67,37,4,105900000.0,0.0,120000000.0,3100000.0,40102900.0,8843205.0,14340269.097997256,14340269.097997256,14.80952380952381,54,39
h3_prize_structure,structure_flatter,Nižší skewness,Plošší rozdělení s menším podílem jackpotu.,191,370616,1000,10000000,0.5,120000000.0,0.31,0.08750000000000001,0.233,20000000000.0,10000000000.0,8777115000.0,4122115000.0,75,90,4,270200000.0,0.0,120000000.0,0.0,42296500.0,8777115.0,13413963.549293512,13413963.549293512,13.028169014084508,69,39
h3_prize_structure,structure_flatter,Nižší skewness,Plošší rozdělení s menším podílem jackpotu.,192,370617,1000,10000000,0.5,120000000.0,0.31,0.08750000000000001,0.233,20000000000.0,10000000000.0,8803550000.0,4148550000.0,67,65,7,186100000.0,0.0,120000000.0,9300000.0,45945600.0,8803550.0,14927157.89919501,14927157.89919501,15.295081967213115,61,39
h3_prize_structure,structure_flatter,Nižší skewness,Plošší rozdělení s menším podílem jackpotu.,193,370618,1000,10000000,0.5,120000000.0,0.31,0.08750000000000001,0.233,20000000000.0,10000000000.0,8726105000.0,4071105000.0,58,50,3,148400000.0,0.0,120000000.0,108500000.0,42034000.0,8726105.0,14004850.606271207,14004850.606271207,15.966101694915254,77,39
h3_prize_structure,structure_flatter,Nižší skewness,Plošší rozdělení s menším podílem jackpotu.,194,370619,1000,10000000,0.5,120000000.0,0.31,0.08750000000000001,0.233,20000000000.0,10000000000.0,8806080000.0,4151080000.0,75,30,3,86400000.0,0.0,120000000.0,55800000.0,36158900.0,8806080.0,13551987.892320447,13551987.892320447,13.028169014084508,63,39
h3_prize_structure,structure_flatter,Nižší skewness,Plošší rozdělení s menším podílem jackpotu.,195,370620,1000,10000000,0.5,120000000.0,0.31,0.08750000000000001,0.233,20000000000.0,10000000000.0,8796775000.0,4141775000.0,63,50,5,144000000.0,0.0,120000000.0,40300000.0,42035800.0,8796775.0,14419814.958049046,14419814.958049046,15.616666666666667,60,39
h3_prize_structure,structure_flatter,Nižší skewness,Plošší rozdělení s menším podílem jackpotu.,196,370621,1000,10000000,0.5,120000000.0,0.31,0.08750000000000001,0.233,20000000000.0,10000000000.0,8826715000.0,4171715000.0,79,34,4,96600000.0,0.0,120000000.0,40300000.0,37021100.0,8826715.0,13761022.721214255,13761022.721214255,12.118421052631579,51,39
h3_prize_structure,structure_flatter,Nižší skewness,Plošší rozdělení s menším podílem jackpotu.,197,370622,1000,10000000,0.5,120000000.0,0.31,0.08750000000000001,0.233,20000000000.0,10000000000.0,8808885000.0,4153885000.0,61,29,4,81100000.0,0.0,120000000.0,34100000.0,40971900.0,8808885.0,14754025.539891647,14754025.539891647,15.65,51,39
h3_prize_structure,structure_flatter,Nižší skewness,Plošší rozdělení s menším podílem jackpotu.,198,370623,1000,10000000,0.5,120000000.0,0.31,0.08750000000000001,0.233,20000000000.0,10000000000.0,8754740000.0,4099740000.0,61,86,3,260000000.0,0.0,120000000.0,52700000.0,44211900.0,8754740.0,13885415.839376219,13885415.839376219,16.473684210526315,91,39
h3_prize_structure,structure_flatter,Nižší skewness,Plošší rozdělení s menším podílem jackpotu.,199,370624,1000,10000000,0.5,120000000.0,0.31,0.08750000000000001,0.233,20000000000.0,10000000000.0,8706985000.0,4051985000.0,72,58,3,173200000.0,0.0,120000000.0,120000000.0,38824500.0,8706985.0,12975994.385201275,12975994.385201275,14.06060606060606,68,39
h3_prize_structure,structure_flatter,Nižší skewness,Plošší rozdělení s menším podílem jackpotu.,200,370625,1000,10000000,0.5,120000000.0,0.31,0.08750000000000001,0.233,20000000000.0,10000000000.0,8799050000.0,4144050000.0,73,55,3,163900000.0,0.0,120000000.0,27900000.0,38576100.0,8799050.0,13506468.58906872,13506468.58906872,13.434782608695652,78,39
