experiment,scenario,label_cs,description,repetition,seed,draws,tickets_sold_per_draw,prize_pool_share,jackpot_cap,jackpot_share,class11_share,class12_share,total_ticket_sales,total_prize_pool,total_actual_payout,total_actual_upper_tier_payout,jackpot_hits,jackpot_cap_hits,cap_reach_count,total_overflow_to_class2,total_overflow_to_class3,max_jackpot_fund_observed,final_jackpot_carryover,average_jackpot_available,average_total_payout,payout_std_dev,upper_tier_payout_std_dev,average_rollover_length,longest_rollover_length,average_time_to_cap
h3_prize_structure,structure_standard,Standardní,Oficiální rozdělení fondu mezi výherní třídy.,1,350426,1000,25000000,0.5,120000000.0,0.36,0.0675,0.203,50000000000.0,25000000000.0,22688187500.0,12300687500.0,153,95,16,807000000.0,0.0,120000000.0,0.0,52806000.0,22688187.5,24999138.27257039,24999138.27257039,6.776,30,14
h3_prize_structure,structure_standard,Standardní,Oficiální rozdělení fondu mezi výherní třídy.,2,350427,1000,25000000,0.5,120000000.0,0.36,0.0675,0.203,50000000000.0,25000000000.0,22655600000.0,12268100000.0,169,72,20,588000000.0,0.0,120000000.0,36000000.0,49845000.0,22655600.0,25101228.030516755,25101228.030516755,5.935714285714286,22,14
h3_prize_structure,structure_standard,Standardní,Oficiální rozdělení fondu mezi výherní třídy.,3,350428,1000,25000000,0.5,120000000.0,0.36,0.0675,0.203,50000000000.0,25000000000.0,22643900000.0,12256400000.0,172,98,16,834000000.0,0.0,120000000.0,0.0,50763000.0,22643900.0,24147424.454587284,24147424.454587284,6.043795620437956,42,14
h3_prize_structure,structure_standard,Standardní,Oficiální rozdělení fondu mezi výherní třídy.,4,350429,1000,25000000,0.5,120000000.0,0.36,0.0675,0.203,50000000000.0,25000000000.0,22618737500.0,12231237500.0,172,64,13,537000000.0,0.0,120000000.0,45000000.0,46530000.0,22618737.5,23920770.740349144,23920770.740349144,5.671232876712328,33,14
h3_prize_structure,structure_standard,Standardní,Oficiální rozdělení fondu mezi výherní třídy.,5,350430,1000,25000000,0.5,120000000.0,0.36,0.0675,0.203,50000000000.0,25000000000.0,22566750000.0,12179250000.0,157,102,15,873000000.0,0.0,120000000.0,63000000.0,51606000.0,22566750.0,24210305.800164938,24210305.800164938,6.291044776119403,33,14
h3_prize_structure,structure_standard,Standardní,Oficiální rozdělení fondu mezi výherní třídy.,6,350431,1000,25000000,0.5,120000000.0,0.36,0.0675,0.203,50000000000.0,25000000000.0,22502000000.0,12114500000.0,192,70,14,588000000.0,0.0,120000000.0,120000000.0,46221000.0,22502000.0,23262418.103026178,23262418.103026178,5.281045751633987,29,14
h3_prize_structure,structure_standard,Standardní,Oficiální rozdělení fondu mezi výherní třídy.,7,350432,1000,25000000,0.5,120000000.0,0.36,0.0675,0.203,50000000000.0,25000000000.0,22653400000.0,12265900000.0,144,142,18,1224000000.0,0.0,120000000.0,9000000.0,56172000.0,22653400.0,24252865.98404403,24252865.98404403,7.016393442622951,41,14
h3_prize_structure,structure_standard,Standardní,Oficiální rozdělení fondu mezi výherní třídy.,8,350433,1000,25000000,0.5,120000000.0,0.36,0.0675,0.203,50000000000.0,25000000000.0,22584750000.0,12197250000.0,176,85,13,726000000.0,0.0,120000000.0,45000000.0,47349000.0,22584750.0,23216041.43555701,23216041.43555701,5.722222222222222,28,14
h3_prize_structure,structure_standard,Standardní,Oficiální rozdělení fondu mezi výherní třídy.,9,350434,1000,25000000,0.5,120000000.0,0.36,0.0675,0.203,50000000000.0,25000000000.0,22584000000.0,12196500000.0,162,128,15,1107000000.0,0.0,120000000.0,99000000.0,52602000.0,22584000.0,23270328.6182211,23270328.6182211,6.161764705882353,35,14
h3_prize_structure,structure_standard,Standardní,Oficiální rozdělení fondu mezi výherní třídy.,10,350435,1000,25000000,0.5,120000000.0,0.36,0.0675,0.203,50000000000.0,25000000000.0,22666700000.0,12279200000.0,158,74,11,633000000.0,0.0,120000000.0,27000000.0,49104000.0,22666700.0,24351155.12886401,24351155.12886401,6.378787878787879,27,14
h3_prize_structure,structure_standard,Standardní,Oficiální rozdělení fondu mezi výherní třídy.,11,350436,1000,25000000,0.5,120000000.0,0.36,0.0675,0.203,50000000000.0,25000000000.0,22650350000.0,12262850000.0,170,89,19,744000000.0,0.0,120000000.0,18000000.0,49962000.0,22650350.0,24408772.344743192,24408772.344743192,5.886524822695035,27,14
h3_prize_structure,structure_standard,Standardní,Oficiální rozdělení fondu mezi výherní třídy.,12,350437,1000,25000000,0.5,120000000.0,0.36,0.0675,0.203,50000000000.0,25000000000.0,22623850000.0,12236350000.0,160,104,14,894000000.0,0.0,120000000.0,36000000.0,51021000.0,22623850.0,23887464.467320513,23887464.467320513,6.176470588235294,33,14
h3_prize_structure,structure_standard,Standardní,Oficiální rozdělení fondu mezi výherní třídy.,13,350438,1000,25000000,0.5,120000000.0,0.36,0.0675,0.203,50000000000.0,25000000000.0,22597650000.0,12210150000.0,155,95,16,807000000.0,0.0,120000000.0,63000000.0,50907000.0,22597650.0,24257274.001369156,24257274.001369156,6.401515151515151,41,14
h3_prize_structure,structure_standard,Standardní,Oficiální rozdělení fondu mezi výherní třídy.,14,350439,1000,25000000,0.5,120000000.0,0.36,0.0675,0.203,50000000000.0,25000000000.0,22651650000.0,12264150000.0,174,88,20,732000000.0,0.0,120000000.0,9000000.0,50505000.0,22651650.0,24766943.286919765,24766943.286919765,6.073529411764706,24,14
h3_prize_structure,structure_standard,Standardní,Oficiální rozdělení fondu mezi výherní třídy.,15,350440,1000,25000000,0.5,120000000.0,0.36,0.0675,0.203,50000000000.0,25000000000.0,22622500000.0,12235000000.0,170,94,18,792000000.0,0.0,120000000.0,45000000.0,50367000.0,22622500.0,24294814.647368684,24294814.647368684,6.0583941605839415,26,14
h3_prize_structure,structure_standard,Standardní,Oficiální rozdělení fondu mezi výherní třídy.,16,350441,1000,25000000,0.5,120000000.0,0.36,0.0675,0.203,50000000000.0,25000000000.0,22628675000.0,12241175000.0,168,87,14,741000000.0,0.0,120000000.0,45000000.0,50367000.0,22628675.0,24392895.595990136,24392895.595990136,5.985611510791367,25,14
h3_prize_structure,structure_standard,Standardní,Oficiální rozdělení fondu mezi výherní třídy.,17,350442,1000,25000000,0.5,120000000.0,0.36,0.0675,0.203,50000000000.0,25000000000.0,22545800000.0,12158300000.0,165,99,17,840000000.0,0.0,120000000.0,117000000.0,51168000.0,22545800.0,24073521.39509299,24073521.39509299,6.139705882352941,42,14
h3_prize_structure,structure_standard,Standardní,Oficiální rozdělení fondu mezi výherní třídy.,18,350443,1000,25000000,0.5,120000000.0,0.36,0.0675,0.203,50000000000.0,25000000000.0,22623837500.0,12236337500.0,149,122,17,1047000000.0,0.0,120000000.0,18000000.0,55386000.0,22623837.5,24855631.065813713,24855631.065813713,7.151260504201681,34,14
h3_prize_structure,structure_standard,Standardní,Oficiální rozdělení fondu mezi výherní třídy.,19,350444,1000,25000000,0.5,120000000.0,0.36,0.0675,0.203,50000000000.0,25000000000.0,22632437500.0,12244937500.0,144,153,17,1326000000.0,0.0,120000000.0,18000000.0,56793000.0,22632437.5,24065628.53355058,24065628.53355058,6.6875,33,14
h3_prize_structure,structure_standard,Standardní,Oficiální rozdělení fondu mezi výherní třídy.,20,350445,1000,25000000,0.5,120000000.0,0.36,0.0675,0.203,50000000000.0,25000000000.0,22698000000.0,12310500000.0,151,123,15,1062000000.0,0.0,120000000.0,0.0,53388000.0,22698000.0,24003088.259638593,24003088.259638593,6.6328125,33,14
h3_prize_structure,structure_standard,Standardní,Oficiální rozdělení fondu mezi výherní třídy.,21,350446,1000,25000000,0.5,120000000.0,0.36,0.0675,0.203,50000000000.0,25000000000.0,22613537500.0,12226037500.0,174,84,19,699000000.0,0.0,120000000.0,18000000.0,48867000.0,22613537.5,24209876.820057217,24209876.820057217,5.736111111111111,23,14
h3_prize_structure,structure_standard,Standardní,Oficiální rozdělení fondu mezi výherní třídy.,22,350447,1000,25000000,0.5,120000000.0,0.36,0.0675,0.203,50000000000.0,25000000000.0,22678250000.0,12290750000.0,171,82,13,699000000.0,0.0,120000000.0,9000000.0,47565000.0,22678250.0,23482291.507378493,23482291.507378493,5.526666666666666,30,14
h3_prize_structure,structure_standard,Standardní,Oficiální rozdělení fondu mezi výherní třídy.,23,350448,1000,25000000,0.5,120000000.0,0.36,0.0675,0.203,50000000000.0,25000000000.0,22642650000.0,12255150000.0,157,66,16,546000000.0,0.0,120000000.0,27000000.0,49425000.0,22642650.0,25082442.633792665,25082442.633792665,6.386363636363637,25,14
h3_prize_structure,structure_standard,Standardní,Oficiální rozdělení fondu mezi výherní třídy.,24,350449,1000,25000000,0.5,120000000.0,0.36,0.0675,0.203,50000000000.0,25000000000.0,22635400000.0,12247900000.0,165,84,12,720000000.0,0.0,120000000.0,45000000.0,48330000.0,22635400.0,23568744.27796271,23568744.27796271,5.964285714285714,30,14
h3_prize_structure,structure_standard,Standardní,Oficiální rozdělení fondu mezi výherní třídy.,25,350450,1000,25000000,0.5,120000000.0,0.36,0.0675,0.203,50000000000.0,25000000000.0,22694100000.0,12306600000.0,170,77,11,660000000.0,0.0,120000000.0,0.0,48060000.0,22694100.0,23835827.239472937,23835827.239472937,5.928571428571429,32,14
h3_prize_structure,structure_standard,Standardní,Oficiální rozdělení fondu mezi výherní třídy.,26,350451,1000,25000000,0.5,120000000.0,0.36,0.0675,0.203,50000000000.0,25000000000.0,22563387500.0,12175887500.0,173,52,11,435000000.0,0.0,120000000.0,108000000.0,44466000.0,22563387.5,23342030.88703067,23342030.88703067,5.47682119205298,31,14
h3_prize_structure,structure_standard,Standardní,Oficiální rozdělení fondu mezi výherní třídy.,27,350452,1000,25000000,0.5,120000000.0,0.36,0.0675,0.203,50000000000.0,25000000000.0,22641850000.0,12254350000.0,160,119,22,1005000000.0,0.0,120000000.0,36000000.0,52896000.0,22641850.0,24364633.715233643,24364633.715233643,6.268656716417911,32,14
h3_prize_structure,structure_standard,Standardní,Oficiální rozdělení fondu mezi výherní třídy.,28,350453,1000,25000000,0.5,120000000.0,0.36,0.0675,0.203,50000000000.0,25000000000.0,22654337500.0,12266837500.0,174,81,15,684000000.0,0.0,120000000.0,36000000.0,47511000.0,22654337.5,23663018.855216756,23663018.855216756,5.657534246575342,30,14
h3_prize_structure,structure_standard,Standardní,Oficiální rozdělení fondu mezi výherní třídy.,29,350454,1000,25000000,0.5,120000000.0,0.36,0.0675,0.203,50000000000.0,25000000000.0,22614850000.0,12227350000.0,170,76,12,648000000.0,0.0,120000000.0,81000000.0,48009000.0,22614850.0,23826697.357743476,23826697.357743476,5.763888888888889,32,14
h3_prize_structure,structure_standard,Standardní,Oficiální rozdělení fondu mezi výherní třídy.,30,350455,1000,25000000,0.5,120000000.0,0.36,0.0675,0.203,50000000000.0,25000000000.0,22646050000.0,12258550000.0,150,111,17,948000000.0,0.0,120000000.0,0.0,54480000.0,22646050.0,25066153.2129982,25066153.2129982,6.854838709677419,45,14
h3_prize_structure,structure_standard,Standardní,Oficiální rozdělení fondu mezi výherní třídy.,31,350456,1000,25000000,0.5,120000000.0,0.36,0.0675,0.203,50000000000.0,25000000000.0,22550100000.0,12162600000.0,179,91,13,780000000.0,0.0,120000000.0,120000000.0,47196000.0,22550100.0,22655962.239331175,22655962.239331175,5.3311688311688314,31,14
h3_prize_structure,structure_standard,Standardní,Oficiální rozdělení fondu mezi výherní třídy.,32,350457,1000,25000000,0.5,120000000.0,0.36,0.0675,0.203,50000000000.0,25000000000.0,22613100000.0,12225600000.0,166,72,9,621000000.0,0.0,120000000.0,54000000.0,47700000.0,22613100.0,23754861.46854997,23754861.46854997,5.712328767123288,38,14
h3_prize_structure,structure_standard,Standardní,Oficiální rozdělení fondu mezi výherní třídy.,33,350458,1000,25000000,0.5,120000000.0,0.36,0.0675,0.203,50000000000.0,25000000000.0,22695850000.0,12308350000.0,163,100,15,855000000.0,0.0,120000000.0,9000000.0,50016000.0,22695850.0,23774230.592755258,23774230.592755258,5.8125,35,14
h3_prize_structure,structure_standard,Standardní,Oficiální rozdělení fondu mezi výherní třídy.,34,350459,1000,25000000,0.5,120000000.0,0.36,0.0675,0.203,50000000000.0,25000000000.0,22644400000.0,12256900000.0,156,96,19,807000000.0,0.0,120000000.0,27000000.0,51585000.0,22644400.0,24641383.659202255,24641383.659202255,6.345864661654136,27,14
h3_prize_structure,structure_standard,Standardní,Oficiální rozdělení fondu mezi výherní třídy.,35,350460,1000,25000000,0.5,120000000.0,0.36,0.0675,0.203,50000000000.0,25000000000.0,22600200000.0,12212700000.0,169,74,15,621000000.0,0.0,120000000.0,63000000.0,48066000.0,22600200.0,24076286.672990084,24076286.672990084,5.614864864864865,25,14
h3_prize_structure,structure_standard,Standardní,Oficiální rozdělení fondu mezi výherní třídy.,36,350461,1000,25000000,0.5,120000000.0,0.36,0.0675,0.203,50000000000.0,25000000000.0,22622050000.0,12234550000.0,176,98,16,834000000.0,0.0,120000000.0,36000000.0,48990000.0,22622050.0,23508465.94947233,23508465.94947233,5.843971631205674,40,14
h3_prize_structure,structure_standard,Standardní,Oficiální rozdělení fondu mezi výherní třídy.,37,350462,1000,25000000,0.5,120000000.0,0.36,0.0675,0.203,50000000000.0,25000000000.0,22637587500.0,12250087500.0,174,94,17,795000000.0,0.0,120000000.0,9000000.0,49848000.0,22637587.5,24046348.75789033,24046348.75789033,5.581081081081081,28,14
h3_prize_structure,structure_standard,Standardní,Oficiální rozdělení fondu mezi výherní třídy.,38,350463,1000,25000000,0.5,120000000.0,0.36,0.0675,0.203,50000000000.0,25000000000.0,22649100000.0,12261600000.0,188,85,14,723000000.0,0.0,120000000.0,36000000.0,47256000.0,22649100.0,23228988.445259515,23228988.445259515,5.413333333333333,32,14
h3_prize_structure,structure_standard,Standardní,Oficiální rozdělení fondu mezi výherní třídy.,39,350464,1000,25000000,0.5,120000000.0,0.36,0.0675,0.203,50000000000.0,25000000000.0,22650300000.0,12262800000.0,196,46,9,387000000.0,0.0,120000000.0,0.0,43284000.0,22650300.0,23306701.073081963,23306701.073081963,4.9937888198757765,29,14
h3_prize_structure,structure_standard,Standardní,Oficiální rozdělení fondu mezi výherní třídy.,40,350465,1000,25000000,0.5,120000000.0,0.36,0.0675,0.203,50000000000.0,25000000000.0,22666700000.0,12279200000.0,166,134,16,1158000000.0,0.0,120000000.0,27000000.0,53067000.0,22666700.0,23420765.489411313,23420765.489411313,6.2706766917293235,40,14
h3_prize_structure,structure_standard,Standardní,Oficiální rozdělení fondu mezi výherní třídy.,41,350466,1000,25000000,0.5,120000000.0,0.36,0.0675,0.203,50000000000.0,25000000000.0,22588250000.0,12200750000.0,175,60,13,501000000.0,0.0,120000000.0,72000000.0,45483000.0,22588250.0,23648418.53988338,23648418.53988338,5.4635761589403975,29,14
h3_prize_structure,structure_standard,Standardní,Oficiální rozdělení fondu mezi výherní třídy.,42,350467,1000,25000000,0.5,120000000.0,0.36,0.0675,0.203,50000000000.0,25000000000.0,22614962500.0,12227462500.0,165,122,19,1041000000.0,0.0,120000000.0,18000000.0,52284000.0,22614962.5,23790150.49011552,23790150.49011552,5.798611111111111,32,14
h3_prize_structure,structure_standard,Standardní,Oficiální rozdělení fondu mezi výherní třídy.,43,350468,1000,25000000,0.5,120000000.0,0.36,0.0675,0.203,50000000000.0,25000000000.0,22615650000.0,12228150000.0,177,71,15,594000000.0,0.0,120000000.0,54000000.0,47121000.0,22615650.0,23931537.82307982,23931537.82307982,5.379084967320262,27,14
h3_prize_structure,structure_standard,Standardní,Oficiální rozdělení fondu mezi výherní třídy.,44,350469,1000,25000000,0.5,120000000.0,0.36,0.0675,0.203,50000000000.0,25000000000.0,22676500000.0,12289000000.0,181,48,9,405000000.0,0.0,120000000.0,0.0,44721000.0,22676500.0,23763675.489073656,23763675.489073656,5.46,26,14
h3_prize_structure,structure_standard,Standardní,Oficiální rozdělení fondu mezi výherní třídy.,45,350470,1000,25000000,0.5,120000000.0,0.36,0.0675,0.203,50000000000.0,25000000000.0,22560975000.0,12173475000.0,150,146,17,1263000000.0,0.0,120000000.0,99000000.0,55755000.0,22560975.0,23673618.22497514,23673618.22497514,6.967213114754099,36,14
h3_prize_structure,structure_standard,Standardní,Oficiální rozdělení fondu mezi výherní třídy.,46,350471,1000,25000000,0.5,120000000.0,0.36,0.0675,0.203,50000000000.0,25000000000.0,22632837500.0,12245337500.0,157,95,20,795000000.0,0.0,120000000.0,9000000.0,51660000.0,22632837.5,24820822.11782768,24820822.11782768,6.386363636363637,23,14
h3_prize_structure,structure_standard,Standardní,Oficiální rozdělení fondu mezi výherní třídy.,47,350472,1000,25000000,0.5,120000000.0,0.36,0.0675,0.203,50000000000.0,25000000000.0,22592550000.0,12205050000.0,161,131,19,1122000000.0,0.0,120000000.0,45000000.0,54516000.0,22592550.0,24226170.291597884,24226170.291597884,6.821138211382114,28,14
h3_prize_structure,structure_standard,Standardní,Oficiální rozdělení fondu mezi výherní třídy.,48,350473,1000,25000000,0.5,120000000.0,0.36,0.0675,0.203,50000000000.0,25000000000.0,22672600000.0,12285100000.0,177,63,17,516000000.0,0.0,120000000.0,0.0,47802000.0,22672600.0,24676021.138749253,24676021.138749253,5.836879432624113,20,14
h3_prize_structure,structure_standard,Standardní,Oficiální rozdělení fondu mezi výherní třídy.,49,350474,1000,25000000,0.5,120000000.0,0.36,0.0675,0.203,50000000000.0,25000000000.0,22572800000.0,12185300000.0,157,93,15,792000000.0,0.0,120000000.0,99000000.0,51345000.0,22572800.0,24389887.866900906,24389887.866900906,6.386363636363637,27,14
h3_prize_structure,structure_standard,Standardní,Oficiální rozdělení fondu mezi výherní třídy.,50,350475,1000,25000000,0.5,120000000.0,0.36,0.0675,0.203,50000000000.0,25000000000.0,22596787500.0,12209287500.0,151,90,18,756000000.0,0.0,120000000.0,36000000.0,51813000.0,22596787.5,24925738.1252009,24925738.1252009,6.738095238095238,36,14
h3_prize_structure,structure_standard,Standardní,Oficiální rozdělení fondu mezi výherní třídy.,51,350476,1000,25000000,0.5,120000000.0,0.36,0.0675,0.203,50000000000.0,25000000000.0,22644400000.0,12256900000.0,141,194,20,1686000000.0,0.0,120000000.0,27000000.0,59652000.0,22644400.0,23477829.72593506,23477829.72593506,6.92741935483871,41,14
h3_prize_structure,structure_standard,Standardní,Oficiální rozdělení fondu mezi výherní třídy.,52,350477,1000,25000000,0.5,120000000.0,0.36,0.0675,0.203,50000000000.0,25000000000.0,22634050000.0,12246550000.0,176,81,17,678000000.0,0.0,120000000.0,18000000.0,49053000.0,22634050.0,24381097.14712404,24381097.14712404,5.722222222222222,23,14
h3_prize_structure,structure_standard,Standardní,Oficiální rozdělení fondu mezi výherní třídy.,53,350478,1000,25000000,0.5,120000000.0,0.36,0.0675,0.203,50000000000.0,25000000000.0,22689400000.0,12301900000.0,160,83,18,693000000.0,0.0,120000000.0,0.0,49938000.0,22689400.0,24624009.982941445,24624009.982941445,6,27,14
h3_prize_structure,structure_standard,Standardní,Oficiální rozdělení fondu mezi výherní třídy.,54,350479,1000,25000000,0.5,120000000.0,0.36,0.0675,0.203,50000000000.0,25000000000.0,22655950000.0,12268450000.0,171,58,14,480000000.0,0.0,120000000.0,18000000.0,46743000.0,22655950.0,24281372.739149243,24281372.739149243,5.756944444444445,21,14
h3_prize_structure,structure_standard,Standardní,Oficiální rozdělení fondu mezi výherní třídy.,55,350480,1000,25000000,0.5,120000000.0,0.36,0.0675,0.203,50000000000.0,25000000000.0,22671800000.0,12284300000.0,160,114,11,993000000.0,0.0,120000000.0,18000000.0,50988000.0,22671800.0,23241734.33201576,23241734.33201576,6.222222222222222,33,14
h3_prize_structure,structure_standard,Standardní,Oficiální rozdělení fondu mezi výherní třídy.,56,350481,1000,25000000,0.5,120000000.0,0.36,0.0675,0.203,50000000000.0,25000000000.0,22646587500.0,12259087500.0,155,103,17,876000000.0,0.0,120000000.0,0.0,51729000.0,22646587.5,24389645.979617946,24389645.979617946,6.550387596899225,28,14
h3_prize_structure,structure_standard,Standardní,Oficiální rozdělení fondu mezi výherní třídy.,57,350482,1000,25000000,0.5,120000000.0,0.36,0.0675,0.203,50000000000.0,25000000000.0,22543250000.0,12155750000.0,159,131,21,1116000000.0,0.0,120000000.0,120000000.0,54366000.0,22543250.0,24055265.887898643,24055265.887898643,6.5703125,27,14
h3_prize_structure,structure_standard,Standardní,Oficiální rozdělení fondu mezi výherní třídy.,58,350483,1000,25000000,0.5,120000000.0,0.36,0.0675,0.203,50000000000.0,25000000000.0,22635437500.0,12247937500.0,159,106,12,918000000.0,0.0,120000000.0,36000000.0,49899000.0,22635437.5,23216936.126238614,23216936.126238614,5.922535211267606,40,14
h3_prize_structure,structure_standard,Standardní,Oficiální rozdělení fondu mezi výherní třídy.,59,350484,1000,25000000,0.5,120000000.0,0.36,0.0675,0.203,50000000000.0,25000000000.0,22646550000.0,12259050000.0,176,96,16,816000000.0,0.0,120000000.0,54000000.0,49371000.0,22646550.0,23724845.9551901,23724845.9551901,5.7622377622377625,29,14
h3_prize_structure,structure_standard,Standardní,Oficiální rozdělení fondu mezi výherní třídy.,60,350485,1000,25000000,0.5,120000000.0,0.36,0.0675,0.203,50000000000.0,25000000000.0,22652950000.0,12265450000.0,161,106,18,900000000.0,0.0,120000000.0,9000000.0,50844000.0,22652950.0,23946581.985692654,23946581.985692654,5.992857142857143,27,14
h3_prize_structure,structure_standard,Standardní,Oficiální rozdělení fondu mezi výherní třídy.,61,350486,1000,25000000,0.5,120000000.0,0.36,0.0675,0.203,50000000000.0,25000000000.0,22663200000.0,12275700000.0,183,66,11,561000000.0,0.0,120000000.0,0.0,44652000.0,22663200.0,23013089.444053356,23013089.444053356,5.339869281045751,30,14
h3_prize_structure,structure_standard,Standardní,Oficiální rozdělení fondu mezi výherní třídy.,62,350487,1000,25000000,0.5,120000000.0,0.36,0.0675,0.203,50000000000.0,25000000000.0,22633650000.0,12246150000.0,163,80,14,678000000.0,0.0,120000000.0,36000000.0,48780000.0,22633650.0,24143326.514328964,24143326.514328964,5.9361702127659575,29,14
h3_prize_structure,structure_standard,Standardní,Oficiální rozdělení fondu mezi výherní třídy.,63,350488,1000,25000000,0.5,120000000.0,0.36,0.0675,0.203,50000000000.0,25000000000.0,22594700000.0,12207200000.0,159,61,12,513000000.0,0.0,120000000.0,108000000.0,48108000.0,22594700.0,24403007.53821135,24403007.53821135,6.0503597122302155,24,14
h3_prize_structure,structure_standard,Standardní,Oficiální rozdělení fondu mezi výherní třídy.,64,350489,1000,25000000,0.5,120000000.0,0.36,0.0675,0.203,50000000000.0,25000000000.0,22655150000.0,12267650000.0,161,89,18,747000000.0,0.0,120000000.0,45000000.0,51333000.0,22655150.0,24857625.207921613,24857625.207921613,6.453846153846154,24,14
h3_prize_structure,structure_standard,Standardní,Oficiální rozdělení fondu mezi výherní třídy.,65,350490,1000,25000000,0.5,120000000.0,0.36,0.0675,0.203,50000000000.0,25000000000.0,22634850000.0,12247350000.0,164,81,13,690000000.0,0.0,120000000.0,27000000.0,48849000.0,22634850.0,24050157.233945478,24050157.233945478,6.057971014492754,30,14
h3_prize_structure,structure_standard,Standardní,Oficiální rozdělení fondu mezi výherní třídy.,66,350491,1000,25000000,0.5,120000000.0,0.36,0.0675,0.203,50000000000.0,25000000000.0,22643987500.0,12256487500.0,166,89,15,756000000.0,0.0,120000000.0,9000000.0,50154000.0,22643987.5,24261491.122890484,24261491.122890484,6.087591240875913,32,14
h3_prize_structure,structure_standard,Standardní,Oficiální rozdělení fondu mezi výherní třídy.,67,350492,1000,25000000,0.5,120000000.0,0.36,0.0675,0.203,50000000000.0,25000000000.0,22618200000.0,12230700000.0,161,123,17,1056000000.0,0.0,120000000.0,0.0,52248000.0,22618200.0,23662141.677371472,23662141.677371472,6.079710144927536,43,14
h3_prize_structure,structure_standard,Standardní,Oficiální rozdělení fondu mezi výherní třídy.,68,350493,1000,25000000,0.5,120000000.0,0.36,0.0675,0.203,50000000000.0,25000000000.0,22677850000.0,12290350000.0,170,91,12,783000000.0,0.0,120000000.0,0.0,49008000.0,22677850.0,23569229.238087103,23569229.238087103,6.0144927536231885,31,14
h3_prize_structure,structure_standard,Standardní,Oficiální rozdělení fondu mezi výherní třídy.,69,350494,1000,25000000,0.5,120000000.0,0.36,0.0675,0.203,50000000000.0,25000000000.0,22526987500.0,12139487500.0,142,148,20,1272000000.0,0.0,120000000.0,108000000.0,57543000.0,22526987.5,24363693.90263089,24363693.90263089,6.864,42,14
h3_prize_structure,structure_standard,Standardní,Oficiální rozdělení fondu mezi výherní třídy.,70,350495,1000,25000000,0.5,120000000.0,0.36,0.0675,0.203,50000000000.0,25000000000.0,22622100000.0,12234600000.0,182,89,15,756000000.0,0.0,120000000.0,45000000.0,47877000.0,22622100.0,23416597.24618417,23416597.24618417,5.489932885906041,36,14
h3_prize_structure,structure_standard,Standardní,Oficiální rozdělení fondu mezi výherní třídy.,71,350496,1000,25000000,0.5,120000000.0,0.36,0.0675,0.203,50000000000.0,25000000000.0,22664550000.0,12277050000.0,170,116,15,999000000.0,0.0,120000000.0,27000000.0,51081000.0,22664550.0,23403750.03706671,23403750.03706671,5.845070422535211,41,14
h3_prize_structure,structure_standard,Standardní,Oficiální rozdělení fondu mezi výherní třídy.,72,350497,1000,25000000,0.5,120000000.0,0.36,0.0675,0.203,50000000000.0,25000000000.0,22610550000.0,12223050000.0,147,120,19,1023000000.0,0.0,120000000.0,63000000.0,53943000.0,22610550.0,24507989.94608697,24507989.94608697,6.716535433070866,42,14
h3_prize_structure,structure_standard,Standardní,Oficiální rozdělení fondu mezi výherní třídy.,73,350498,1000,25000000,0.5,120000000.0,0.36,0.0675,0.203,50000000000.0,25000000000.0,22546200000.0,12158700000.0,150,112,16,960000000.0,0.0,120000000.0,117000000.0,53991000.0,22546200.0,24565369.64020692,24565369.64020692,6.854838709677419,32,14
h3_prize_structure,structure_standard,Standardní,Oficiální rozdělení fondu mezi výherní třídy.,74,350499,1000,25000000,0.5,120000000.0,0.36,0.0675,0.203,50000000000.0,25000000000.0,22572837500.0,12185337500.0,177,66,11,561000000.0,0.0,120000000.0,90000000.0,46020000.0,22572837.5,23425034.708722286,23425034.708722286,5.5608108108108105,31,14
h3_prize_structure,structure_standard,Standardní,Oficiální rozdělení fondu mezi výherní třídy.,75,350500,1000,25000000,0.5,120000000.0,0.36,0.0675,0.203,50000000000.0,25000000000.0,22585687500.0,12198187500.0,164,131,13,1140000000.0,0.0,120000000.0,54000000.0,51249000.0,22585687.5,22674885.590860073,22674885.590860073,5.929078014184397,41,14
h3_prize_structure,structure_standard,Standardní,Oficiální rozdělení fondu mezi výherní třídy.,76,350501,1000,25000000,0.5,120000000.0,0.36,0.0675,0.203,50000000000.0,25000000000.0,22653800000.0,12266300000.0,160,99,18,837000000.0,0.0,120000000.0,9000000.0,50868000.0,22653800.0,24285153.397909597,24285153.397909597,6.131386861313868,36,14
h3_prize_structure,structure_standard,Standardní,Oficiální rozdělení fondu mezi výherní třídy.,77,350502,1000,25000000,0.5,120000000.0,0.36,0.0675,0.203,50000000000.0,25000000000.0,22673950000.0,12286450000.0,147,119,18,1017000000.0,0.0,120000000.0,9000000.0,54933000.0,22673950.0,24920183.06308162,24920183.06308162,7.108333333333333,31,14
h3_prize_structure,structure_standard,Standardní,Oficiální rozdělení fondu mezi výherní třídy.,78,350503,1000,25000000,0.5,120000000.0,0.36,0.0675,0.203,50000000000.0,25000000000.0,22667100000.0,12279600000.0,174,114,13,987000000.0,0.0,120000000.0,0.0,49434000.0,22667100.0,22720986.171159033,22720986.171159033,5.696551724137931,51,14
h3_prize_structure,structure_standard,Standardní,Oficiální rozdělení fondu mezi výherní třídy.,79,350504,1000,25000000,0.5,120000000.0,0.36,0.0675,0.203,50000000000.0,25000000000.0,22575875000.0,12188375000.0,171,64,14,534000000.0,0.0,120000000.0,81000000.0,47760000.0,22575875.0,24356568.432291012,24356568.432291012,5.879432624113475,24,14
h3_prize_structure,structure_standard,Standardní,Oficiální rozdělení fondu mezi výherní třídy.,80,350505,1000,25000000,0.5,120000000.0,0.36,0.0675,0.203,50000000000.0,25000000000.0,22663337500.0,12275837500.0,147,75,17,624000000.0,0.0,120000000.0,18000000.0,50358000.0,22663337.5,25107695.578593902,25107695.578593902,6.318518518518519,24,14
h3_prize_structure,structure_standard,Standardní,Oficiální rozdělení fondu mezi výherní třídy.,81,350506,1000,25000000,0.5,120000000.0,0.36,0.0675,0.203,50000000000.0,25000000000.0,22576250000.0,12188750000.0,185,60,16,492000000.0,0.0,120000000.0,81000000.0,45879000.0,22576250.0,23921569.20934536,23921569.20934536,5.506756756756757,23,14
h3_prize_structure,structure_standard,Standardní,Oficiální rozdělení fondu mezi výherní třídy.,82,350507,1000,25000000,0.5,120000000.0,0.36,0.0675,0.203,50000000000.0,25000000000.0,22604950000.0,12217450000.0,166,90,13,771000000.0,0.0,120000000.0,45000000.0,48309000.0,22604950.0,23388727.370199088,23388727.370199088,5.751724137931035,28,14
h3_prize_structure,structure_standard,Standardní,Oficiální rozdělení fondu mezi výherní třídy.,83,350508,1000,25000000,0.5,120000000.0,0.36,0.0675,0.203,50000000000.0,25000000000.0,22653800000.0,12266300000.0,177,88,15,747000000.0,0.0,120000000.0,18000000.0,48189000.0,22653800.0,23521776.624226324,23521776.624226324,5.636986301369863,24,14
h3_prize_structure,structure_standard,Standardní,Oficiální rozdělení fondu mezi výherní třídy.,84,350509,1000,25000000,0.5,120000000.0,0.36,0.0675,0.203,50000000000.0,25000000000.0,22649100000.0,12261600000.0,146,114,17,975000000.0,0.0,120000000.0,18000000.0,53706000.0,22649100.0,24525335.96487518,24525335.96487518,6.671875,29,14
h3_prize_structure,structure_standard,Standardní,Oficiální rozdělení fondu mezi výherní třídy.,85,350510,1000,25000000,0.5,120000000.0,0.36,0.0675,0.203,50000000000.0,25000000000.0,22618737500.0,12231237500.0,173,65,15,540000000.0,0.0,120000000.0,45000000.0,47247000.0,22618737.5,24272584.798746586,24272584.798746586,5.865248226950355,26,14
h3_prize_structure,structure_standard,Standardní,Oficiální rozdělení fondu mezi výherní třídy.,86,350511,1000,25000000,0.5,120000000.0,0.36,0.0675,0.203,50000000000.0,25000000000.0,22645250000.0,12257750000.0,158,73,17,606000000.0,0.0,120000000.0,45000000.0,48948000.0,22645250.0,24655715.157697212,24655715.157697212,5.929577464788732,22,14
h3_prize_structure,structure_standard,Standardní,Oficiální rozdělení fondu mezi výherní třídy.,87,350512,1000,25000000,0.5,120000000.0,0.36,0.0675,0.203,50000000000.0,25000000000.0,22610900000.0,12223400000.0,147,130,17,1119000000.0,0.0,120000000.0,9000000.0,55248000.0,22610900.0,24413447.44582379,24413447.44582379,6.934959349593496,35,14
h3_prize_structure,structure_standard,Standardní,Oficiální rozdělení fondu mezi výherní třídy.,88,350513,1000,25000000,0.5,120000000.0,0.36,0.0675,0.203,50000000000.0,25000000000.0,22578300000.0,12190800000.0,141,149,24,1269000000.0,0.0,120000000.0,9000000.0,57669000.0,22578300.0,24794373.8398452,24794373.8398452,7.158333333333333,31,14
h3_prize_structure,structure_standard,Standardní,Oficiální rozdělení fondu mezi výherní třídy.,89,350514,1000,25000000,0.5,120000000.0,0.36,0.0675,0.203,50000000000.0,25000000000.0,22653400000.0,12265900000.0,169,82,14,696000000.0,0.0,120000000.0,9000000.0,48480000.0,22653400.0,23918315.33448792,23918315.33448792,5.9784172661870505,30,14
h3_prize_structure,structure_standard,Standardní,Oficiální rozdělení fondu mezi výherní třídy.,90,350515,1000,25000000,0.5,120000000.0,0.36,0.0675,0.203,50000000000.0,25000000000.0,22663650000.0,12276150000.0,167,124,16,1068000000.0,0.0,120000000.0,0.0,52731000.0,22663650.0,23700139.159454316,23700139.159454316,5.907801418439717,36,14
h3_prize_structure,structure_standard,Standardní,Oficiální rozdělení fondu mezi výherní třídy.,91,350516,1000,25000000,0.5,120000000.0,0.36,0.0675,0.203,50000000000.0,25000000000.0,22605437500.0,12217937500.0,156,98,17,831000000.0,0.0,120000000.0,45000000.0,50814000.0,22605437.5,24251973.101994067,24251973.101994067,6.115942028985507,29,14
h3_prize_structure,structure_standard,Standardní,Oficiální rozdělení fondu mezi výherní třídy.,92,350517,1000,25000000,0.5,120000000.0,0.36,0.0675,0.203,50000000000.0,25000000000.0,22649900000.0,12262400000.0,165,88,15,747000000.0,0.0,120000000.0,9000000.0,50646000.0,22649900.0,24515644.902592305,24515644.902592305,6.185185185185185,31,14
h3_prize_structure,structure_standard,Standardní,Oficiální rozdělení fondu mezi výherní třídy.,93,350518,1000,25000000,0.5,120000000.0,0.36,0.0675,0.203,50000000000.0,25000000000.0,22619537500.0,12232037500.0,164,49,8,417000000.0,0.0,120000000.0,36000000.0,45924000.0,22619537.5,24095654.42548394,24095654.42548394,5.9714285714285715,28,14
h3_prize_structure,structure_standard,Standardní,Oficiální rozdělení fondu mezi výherní třídy.,94,350519,1000,25000000,0.5,120000000.0,0.36,0.0675,0.203,50000000000.0,25000000000.0,22564200000.0,12176700000.0,168,85,15,720000000.0,0.0,120000000.0,99000000.0,48954000.0,22564200.0,23811056.22100792,23811056.22100792,5.698630136986301,38,14
h3_prize_structure,structure_standard,Standardní,Oficiální rozdělení fondu mezi výherní třídy.,95,350520,1000,25000000,0.5,120000000.0,0.36,0.0675,0.203,50000000000.0,25000000000.0,22545750000.0,12158250000.0,153,140,19,1203000000.0,0.0,120000000.0,54000000.0,55344000.0,22545750.0,24119758.90089907,24119758.90089907,6.776,43,14
h3_prize_structure,structure_standard,Standardní,Oficiální rozdělení fondu mezi výherní třídy.,96,350521,1000,25000000,0.5,120000000.0,0.36,0.0675,0.203,50000000000.0,25000000000.0,22675425000.0,12287925000.0,179,86,17,723000000.0,0.0,120000000.0,18000000.0,48366000.0,22675425.0,23831804.172824915,23831804.172824915,5.78169014084507,25,14
h3_prize_structure,structure_standard,Standardní,Oficiální rozdělení fondu mezi výherní třídy.,97,350522,1000,25000000,0.5,120000000.0,0.36,0.0675,0.203,50000000000.0,25000000000.0,22628950000.0,12241450000.0,173,80,12,684000000.0,0.0,120000000.0,45000000.0,46752000.0,22628950.0,23119875.743556667,23119875.743556667,5.550335570469799,34,14
h3_prize_structure,structure_standard,Standardní,Oficiální rozdělení fondu mezi výherní třídy.,98,350523,1000,25000000,0.5,120000000.0,0.36,0.0675,0.203,50000000000.0,25000000000.0,22670187500.0,12282687500.0,175,63,12,531000000.0,0.0,120000000.0,9000000.0,46872000.0,22670187.5,24063031.08756446,24063031.08756446,5.769230769230769,30,14
h3_prize_structure,structure_standard,Standardní,Oficiální rozdělení fondu mezi výherní třídy.,99,350524,1000,25000000,0.5,120000000.0,0.36,0.0675,0.203,50000000000.0,25000000000.0,22579250000.0,12191750000.0,150,132,19,1131000000.0,0.0,120000000.0,90000000.0,55419000.0,22579250.0,24451196.431616593,24451196.431616593,6.967213114754099,30,14
h3_prize_structure,structure_standard,Standardní,Oficiální rozdělení fondu mezi výherní třídy.,100,350525,1000,25000000,0.5,120000000.0,0.36,0.0675,0.203,50000000000.0,25000000000.0,22659850000.0,12272350000.0,182,55,15,450000000.0,0.0,120000000.0,45000000.0,44760000.0,22659850.0,23732632.502052948,23732632.502052948,5.417218543046357,21,14
h3_prize_structure,structure_standard,Standardní,Oficiální rozdělení fondu mezi výherní třídy.,101,350526,1000,25000000,0.5,120000000.0,0.36,0.0675,0.203,50000000000.0,25000000000.0,22554350000.0,12166850000.0,171,88,16,744000000.0,0.0,120000000.0,120000000.0,48771000.0,22554350.0,23553853.582322787,23553853.582322787,5.563758389261745,28,14
h3_prize_structure,structure_standard,Standardní,Oficiální rozdělení fondu mezi výherní třídy.,102,350527,1000,25000000,0.5,120000000.0,0.36,0.0675,0.203,50000000000.0,25000000000.0,22677850000.0,12290350000.0,159,104,17,885000000.0,0.0,120000000.0,18000000.0,52542000.0,22677850.0,24618872.169079963,24618872.169079963,6.276119402985074,35,14
h3_prize_structure,structure_standard,Standardní,Oficiální rozdělení fondu mezi výherní třídy.,103,350528,1000,25000000,0.5,120000000.0,0.36,0.0675,0.203,50000000000.0,25000000000.0,22655550000.0,12268050000.0,177,68,14,570000000.0,0.0,120000000.0,45000000.0,46971000.0,22655550.0,23960972.36544252,23960972.36544252,5.636986301369863,24,14
h3_prize_structure,structure_standard,Standardní,Oficiální rozdělení fondu mezi výherní třídy.,104,350529,1000,25000000,0.5,120000000.0,0.36,0.0675,0.203,50000000000.0,25000000000.0,22634587500.0,12247087500.0,184,59,11,498000000.0,0.0,120000000.0,54000000.0,43605000.0,22634587.5,22907645.12365018,22907645.12365018,5.132075471698113,22,14
h3_prize_structure,structure_standard,Standardní,Oficiální rozdělení fondu mezi výherní třídy.,105,350530,1000,25000000,0.5,120000000.0,0.36,0.0675,0.203,50000000000.0,25000000000.0,22551800000.0,12164300000.0,167,117,15,1008000000.0,0.0,120000000.0,120000000.0,52281000.0,22551800.0,23468511.813917816,23468511.813917816,5.9928057553956835,38,14
h3_prize_structure,structure_standard,Standardní,Oficiální rozdělení fondu mezi výherní třídy.,106,350531,1000,25000000,0.5,120000000.0,0.36,0.0675,0.203,50000000000.0,25000000000.0,22645600000.0,12258100000.0,173,73,15,612000000.0,0.0,120000000.0,0.0,48675000.0,22645600.0,24410073.958101805,24410073.958101805,5.865248226950355,29,14
h3_prize_structure,structure_standard,Standardní,Oficiální rozdělení fondu mezi výherní třídy.,107,350532,1000,25000000,0.5,120000000.0,0.36,0.0675,0.203,50000000000.0,25000000000.0,22686487500.0,12298987500.0,176,45,9,378000000.0,0.0,120000000.0,0.0,44154000.0,22686487.5,23599090.15870302,23599090.15870302,5.282051282051282,23,14
h3_prize_structure,structure_standard,Standardní,Oficiální rozdělení fondu mezi výherní třídy.,108,350533,1000,25000000,0.5,120000000.0,0.36,0.0675,0.203,50000000000.0,25000000000.0,22686487500.0,12298987500.0,161,100,17,849000000.0,0.0,120000000.0,9000000.0,51513000.0,22686487.5,24431779.638794094,24431779.638794094,6.169117647058823,27,14
h3_prize_structure,structure_standard,Standardní,Oficiální rozdělení fondu mezi výherní třídy.,109,350534,1000,25000000,0.5,120000000.0,0.36,0.0675,0.203,50000000000.0,25000000000.0,22680400000.0,12292900000.0,176,88,14,750000000.0,0.0,120000000.0,9000000.0,48615000.0,22680400.0,23737676.715297982,23737676.715297982,5.682758620689655,35,14
h3_prize_structure,structure_standard,Standardní,Oficiální rozdělení fondu mezi výherní třídy.,110,350535,1000,25000000,0.5,120000000.0,0.36,0.0675,0.203,50000000000.0,25000000000.0,22648200000.0,12260700000.0,167,106,17,903000000.0,0.0,120000000.0,9000000.0,50793000.0,22648200.0,23905969.061303496,23905969.061303496,5.825174825174825,35,14
h3_prize_structure,structure_standard,Standardní,Oficiální rozdělení fondu mezi výherní třídy.,111,350536,1000,25000000,0.5,120000000.0,0.36,0.0675,0.203,50000000000.0,25000000000.0,22673550000.0,12286050000.0,182,66,15,549000000.0,0.0,120000000.0,18000000.0,47322000.0,22673550.0,24259737.692264937,24259737.692264937,5.927536231884058,23,14
h3_prize_structure,structure_standard,Standardní,Oficiální rozdělení fondu mezi výherní třídy.,112,350537,1000,25000000,0.5,120000000.0,0.36,0.0675,0.203,50000000000.0,25000000000.0,22609650000.0,12222150000.0,152,125,21,1062000000.0,0.0,120000000.0,27000000.0,55131000.0,22609650.0,24730690.535799846,24730690.535799846,6.677165354330708,31,14
h3_prize_structure,structure_standard,Standardní,Oficiální rozdělení fondu mezi výherní třídy.,113,350538,1000,25000000,0.5,120000000.0,0.36,0.0675,0.203,50000000000.0,25000000000.0,22518787500.0,12131287500.0,168,135,16,1167000000.0,0.0,120000000.0,99000000.0,52764000.0,22518787.5,23107765.165331192,23107765.165331192,6.208955223880597,44,14
h3_prize_structure,structure_standard,Standardní,Oficiální rozdělení fondu mezi výherní třídy.,114,350539,1000,25000000,0.5,120000000.0,0.36,0.0675,0.203,50000000000.0,25000000000.0,22656400000.0,12268900000.0,156,95,17,804000000.0,0.0,120000000.0,27000000.0,51912000.0,22656400.0,24767712.430501126,24767712.430501126,6.393939393939394,33,14
h3_prize_structure,structure_standard,Standardní,Oficiální rozdělení fondu mezi výherní třídy.,115,350540,1000,25000000,0.5,120000000.0,0.36,0.0675,0.203,50000000000.0,25000000000.0,22599300000.0,12211800000.0,162,106,17,903000000.0,0.0,120000000.0,18000000.0,51270000.0,22599300.0,24114419.846017446,24114419.846017446,5.985714285714286,28,14
h3_prize_structure,structure_standard,Standardní,Oficiální rozdělení fondu mezi výherní třídy.,116,350541,1000,25000000,0.5,120000000.0,0.36,0.0675,0.203,50000000000.0,25000000000.0,22540250000.0,12152750000.0,166,106,14,912000000.0,0.0,120000000.0,120000000.0,50604000.0,22540250.0,23321937.47177751,23321937.47177751,5.914893617021277,36,14
h3_prize_structure,structure_standard,Standardní,Oficiální rozdělení fondu mezi výherní třídy.,117,350542,1000,25000000,0.5,120000000.0,0.36,0.0675,0.203,50000000000.0,25000000000.0,22610950000.0,12223450000.0,152,125,18,1071000000.0,0.0,120000000.0,45000000.0,53718000.0,22610950.0,24214984.46411849,24214984.46411849,6.625,34,14
h3_prize_structure,structure_standard,Standardní,Oficiální rozdělení fondu mezi výherní třídy.,118,350543,1000,25000000,0.5,120000000.0,0.36,0.0675,0.203,50000000000.0,25000000000.0,22636650000.0,12249150000.0,153,120,17,1029000000.0,0.0,120000000.0,27000000.0,53292000.0,22636650.0,24214584.536545325,24214584.536545325,6.465648854961832,31,14
h3_prize_structure,structure_standard,Standardní,Oficiální rozdělení fondu mezi výherní třídy.,119,350544,1000,25000000,0.5,120000000.0,0.36,0.0675,0.203,50000000000.0,25000000000.0,22623000000.0,12235500000.0,158,95,18,801000000.0,0.0,120000000.0,54000000.0,51783000.0,22623000.0,24699028.74608635,24699028.74608635,6.378787878787879,27,14
h3_prize_structure,structure_standard,Standardní,Oficiální rozdělení fondu mezi výherní třídy.,120,350545,1000,25000000,0.5,120000000.0,0.36,0.0675,0.203,50000000000.0,25000000000.0,22664150000.0,12276650000.0,152,97,17,822000000.0,0.0,120000000.0,9000000.0,52431000.0,22664150.0,24812866.7686243,24812866.7686243,6.281481481481482,33,14
h3_prize_structure,structure_standard,Standardní,Oficiální rozdělení fondu mezi výherní třídy.,121,350546,1000,25000000,0.5,120000000.0,0.36,0.0675,0.203,50000000000.0,25000000000.0,22661587500.0,12274087500.0,151,124,15,1071000000.0,0.0,120000000.0,18000000.0,53967000.0,22661587.5,24198092.04020213,24198092.04020213,6.792,41,14
h3_prize_structure,structure_standard,Standardní,Oficiální rozdělení fondu mezi výherní třídy.,122,350547,1000,25000000,0.5,120000000.0,0.36,0.0675,0.203,50000000000.0,25000000000.0,22594250000.0,12206750000.0,154,117,16,1005000000.0,0.0,120000000.0,63000000.0,52476000.0,22594250.0,23876233.045384273,23876233.045384273,6.266666666666667,40,14
h3_prize_structure,structure_standard,Standardní,Oficiální rozdělení fondu mezi výherní třídy.,123,350548,1000,25000000,0.5,120000000.0,0.36,0.0675,0.203,50000000000.0,25000000000.0,22653400000.0,12265900000.0,148,91,18,765000000.0,0.0,120000000.0,45000000.0,52707000.0,22653400.0,25290460.819051914,25290460.819051914,6.604651162790698,29,14
h3_prize_structure,structure_standard,Standardní,Oficiální rozdělení fondu mezi výherní třídy.,124,350549,1000,25000000,0.5,120000000.0,0.36,0.0675,0.203,50000000000.0,25000000000.0,22544087500.0,12156587500.0,175,67,15,558000000.0,0.0,120000000.0,72000000.0,48387000.0,22544087.5,24489926.5045568,24489926.5045568,6.111111111111111,26,14
h3_prize_structure,structure_standard,Standardní,Oficiální rozdělení fondu mezi výherní třídy.,125,350550,1000,25000000,0.5,120000000.0,0.36,0.0675,0.203,50000000000.0,25000000000.0,22611800000.0,12224300000.0,151,116,13,1005000000.0,0.0,120000000.0,36000000.0,51897000.0,22611800.0,23557627.867847815,23557627.867847815,6.431818181818182,47,14
h3_prize_structure,structure_standard,Standardní,Oficiální rozdělení fondu mezi výherní třídy.,126,350551,1000,25000000,0.5,120000000.0,0.36,0.0675,0.203,50000000000.0,25000000000.0,22638837500.0,12251337500.0,168,99,15,846000000.0,0.0,120000000.0,0.0,49518000.0,22638837.5,23626683.65545287,23626683.65545287,5.659863945578231,23,14
h3_prize_structure,structure_standard,Standardní,Oficiální rozdělení fondu mezi výherní třídy.,127,350552,1000,25000000,0.5,120000000.0,0.36,0.0675,0.203,50000000000.0,25000000000.0,22543200000.0,12155700000.0,160,95,12,819000000.0,0.0,120000000.0,120000000.0,50091000.0,22543200.0,23553436.13488274,23553436.13488274,6.131386861313868,41,14
h3_prize_structure,structure_standard,Standardní,Oficiální rozdělení fondu mezi výherní třídy.,128,350553,1000,25000000,0.5,120000000.0,0.36,0.0675,0.203,50000000000.0,25000000000.0,22647350000.0,12259850000.0,157,96,19,807000000.0,0.0,120000000.0,0.0,53205000.0,22647350.0,25221541.595975056,25221541.595975056,6.690476190476191,30,14
h3_prize_structure,structure_standard,Standardní,Oficiální rozdělení fondu mezi výherní třídy.,129,350554,1000,25000000,0.5,120000000.0,0.36,0.0675,0.203,50000000000.0,25000000000.0,22689800000.0,12302300000.0,191,39,13,312000000.0,0.0,120000000.0,0.0,43647000.0,22689800.0,23939037.28139459,23939037.28139459,5.120253164556962,26,14
h3_prize_structure,structure_standard,Standardní,Oficiální rozdělení fondu mezi výherní třídy.,130,350555,1000,25000000,0.5,120000000.0,0.36,0.0675,0.203,50000000000.0,25000000000.0,22619950000.0,12232450000.0,158,135,18,1161000000.0,0.0,120000000.0,27000000.0,53235000.0,22619950.0,23535598.452078927,23535598.452078927,6.101449275362318,31,14
h3_prize_structure,structure_standard,Standardní,Oficiální rozdělení fondu mezi výherní třídy.,131,350556,1000,25000000,0.5,120000000.0,0.36,0.0675,0.203,50000000000.0,25000000000.0,22650850000.0,12263350000.0,185,76,14,642000000.0,0.0,120000000.0,9000000.0,47022000.0,22650850.0,23511795.80077838,23511795.80077838,5.620689655172414,32,14
h3_prize_structure,structure_standard,Standardní,Oficiální rozdělení fondu mezi výherní třídy.,132,350557,1000,25000000,0.5,120000000.0,0.36,0.0675,0.203,50000000000.0,25000000000.0,22671400000.0,12283900000.0,166,133,22,1131000000.0,0.0,120000000.0,9000000.0,54729000.0,22671400.0,24469729.504839238,24469729.504839238,6.415384615384616,29,14
h3_prize_structure,structure_standard,Standardní,Oficiální rozdělení fondu mezi výherní třídy.,133,350558,1000,25000000,0.5,120000000.0,0.36,0.0675,0.203,50000000000.0,25000000000.0,22582650000.0,12195150000.0,157,151,15,1314000000.0,0.0,120000000.0,36000000.0,54480000.0,22582650.0,23027929.70454574,23027929.70454574,6.338345864661654,41,14
h3_prize_structure,structure_standard,Standardní,Oficiální rozdělení fondu mezi výherní třídy.,134,350559,1000,25000000,0.5,120000000.0,0.36,0.0675,0.203,50000000000.0,25000000000.0,22653400000.0,12265900000.0,158,171,20,1479000000.0,0.0,120000000.0,0.0,57540000.0,22653400.0,23577676.061054025,23577676.061054025,6.790322580645161,34,14
h3_prize_structure,structure_standard,Standardní,Oficiální rozdělení fondu mezi výherní třídy.,135,350560,1000,25000000,0.5,120000000.0,0.36,0.0675,0.203,50000000000.0,25000000000.0,22635800000.0,12248300000.0,155,125,14,1083000000.0,0.0,120000000.0,36000000.0,53082000.0,22635800.0,23739864.96086277,23739864.96086277,6.450381679389313,33,14
h3_prize_structure,structure_standard,Standardní,Oficiální rozdělení fondu mezi výherní třídy.,136,350561,1000,25000000,0.5,120000000.0,0.36,0.0675,0.203,50000000000.0,25000000000.0,22569037500.0,12181537500.0,155,102,18,864000000.0,0.0,120000000.0,120000000.0,51759000.0,22569037.5,24175754.59483827,24175754.59483827,6.213235294117647,35,14
h3_prize_structure,structure_standard,Standardní,Oficiální rozdělení fondu mezi výherní třídy.,137,350562,1000,25000000,0.5,120000000.0,0.36,0.0675,0.203,50000000000.0,25000000000.0,22648700000.0,12261200000.0,167,62,12,522000000.0,0.0,120000000.0,36000000.0,48534000.0,22648700.0,24719155.190054532,24719155.190054532,6.3106060606060606,27,14
h3_prize_structure,structure_standard,Standardní,Oficiální rozdělení fondu mezi výherní třídy.,138,350563,1000,25000000,0.5,120000000.0,0.36,0.0675,0.203,50000000000.0,25000000000.0,22677850000.0,12290350000.0,177,61,13,510000000.0,0.0,120000000.0,0.0,46836000.0,22677850.0,24118148.08142408,24118148.08142408,5.715277777777778,26,14
h3_prize_structure,structure_standard,Standardní,Oficiální rozdělení fondu mezi výherní třídy.,139,350564,1000,25000000,0.5,120000000.0,0.36,0.0675,0.203,50000000000.0,25000000000.0,22554000000.0,12166500000.0,159,91,14,777000000.0,0.0,120000000.0,108000000.0,49947000.0,22554000.0,23824830.198765323,23824830.198765323,6.323308270676692,39,14
h3_prize_structure,structure_standard,Standardní,Oficiální rozdělení fondu mezi výherní třídy.,140,350565,1000,25000000,0.5,120000000.0,0.36,0.0675,0.203,50000000000.0,25000000000.0,22673150000.0,12285650000.0,173,84,15,711000000.0,0.0,120000000.0,36000000.0,48951000.0,22673150.0,24048008.682165347,24048008.682165347,5.865248226950355,37,14
h3_prize_structure,structure_standard,Standardní,Oficiální rozdělení fondu mezi výherní třídy.,141,350566,1000,25000000,0.5,120000000.0,0.36,0.0675,0.203,50000000000.0,25000000000.0,22628950000.0,12241450000.0,165,62,14,516000000.0,0.0,120000000.0,36000000.0,46476000.0,22628950.0,23966803.174338877,23966803.174338877,5.839160839160839,31,14
h3_prize_structure,structure_standard,Standardní,Oficiální rozdělení fondu mezi výherní třídy.,142,350567,1000,25000000,0.5,120000000.0,0.36,0.0675,0.203,50000000000.0,25000000000.0,22664950000.0,12277450000.0,150,122,13,1059000000.0,0.0,120000000.0,9000000.0,53544000.0,22664950.0,24015213.38646609,24015213.38646609,6.854838709677419,36,14
h3_prize_structure,structure_standard,Standardní,Oficiální rozdělení fondu mezi výherní třídy.,143,350568,1000,25000000,0.5,120000000.0,0.36,0.0675,0.203,50000000000.0,25000000000.0,22662850000.0,12275350000.0,143,129,17,1110000000.0,0.0,120000000.0,18000000.0,54255000.0,22662850.0,24135742.73515319,24135742.73515319,6.541984732824427,46,14
h3_prize_structure,structure_standard,Standardní,Oficiální rozdělení fondu mezi výherní třídy.,144,350569,1000,25000000,0.5,120000000.0,0.36,0.0675,0.203,50000000000.0,25000000000.0,22599562500.0,12212062500.0,158,94,17,795000000.0,0.0,120000000.0,63000000.0,50874000.0,22599562.5,24389074.890765,24389074.890765,6.145985401459854,29,14
h3_prize_structure,structure_standard,Standardní,Oficiální rozdělení fondu mezi výherní třídy.,145,350570,1000,25000000,0.5,120000000.0,0.36,0.0675,0.203,50000000000.0,25000000000.0,22635400000.0,12247900000.0,179,90,14,768000000.0,0.0,120000000.0,45000000.0,47604000.0,22635400.0,23166203.979935944,23166203.979935944,5.401315789473684,28,14
h3_prize_structure,structure_standard,Standardní,Oficiální rozdělení fondu mezi výherní třídy.,146,350571,1000,25000000,0.5,120000000.0,0.36,0.0675,0.203,50000000000.0,25000000000.0,22668850000.0,12281350000.0,171,132,17,1137000000.0,0.0,120000000.0,27000000.0,52167000.0,22668850.0,23234405.24690701,23234405.24690701,5.7172413793103445,32,14
h3_prize_structure,structure_standard,Standardní,Oficiální rozdělení fondu mezi výherní třídy.,147,350572,1000,25000000,0.5,120000000.0,0.36,0.0675,0.203,50000000000.0,25000000000.0,22635300000.0,12247800000.0,168,63,14,525000000.0,0.0,120000000.0,0.0,47379000.0,22635300.0,24287235.308079015,24287235.308079015,5.777777777777778,27,14
h3_prize_structure,structure_standard,Standardní,Oficiální rozdělení fondu mezi výherní třídy.,148,350573,1000,25000000,0.5,120000000.0,0.36,0.0675,0.203,50000000000.0,25000000000.0,22635350000.0,12247850000.0,159,110,22,924000000.0,0.0,120000000.0,27000000.0,52347000.0,22635350.0,24517421.415750474,24517421.415750474,6.276119402985074,32,14
h3_prize_structure,structure_standard,Standardní,Oficiální rozdělení fondu mezi výherní třídy.,149,350574,1000,25000000,0.5,120000000.0,0.36,0.0675,0.203,50000000000.0,25000000000.0,22656350000.0,12268850000.0,174,82,13,699000000.0,0.0,120000000.0,0.0,47034000.0,22656350.0,23326817.76791468,23326817.76791468,5.470198675496689,26,14
h3_prize_structure,structure_standard,Standardní,Oficiální rozdělení fondu mezi výherní třídy.,150,350575,1000,25000000,0.5,120000000.0,0.36,0.0675,0.203,50000000000.0,25000000000.0,22574050000.0,12186550000.0,176,78,14,660000000.0,0.0,120000000.0,81000000.0,47145000.0,22574050.0,23514758.85688603,23514758.85688603,5.682758620689655,34,14
h3_prize_structure,structure_standard,Standardní,Oficiální rozdělení fondu mezi výherní třídy.,151,350576,1000,25000000,0.5,120000000.0,0.36,0.0675,0.203,50000000000.0,25000000000.0,22614800000.0,12227300000.0,165,114,18,972000000.0,0.0,120000000.0,27000000.0,52065000.0,22614800.0,24007558.2048654,24007558.2048654,5.964285714285714,35,14
h3_prize_structure,structure_standard,Standardní,Oficiální rozdělení fondu mezi výherní třídy.,152,350577,1000,25000000,0.5,120000000.0,0.36,0.0675,0.203,50000000000.0,25000000000.0,22557037500.0,12169537500.0,181,75,17,624000000.0,0.0,120000000.0,120000000.0,47055000.0,22557037.5,23581334.21012992,23581334.21012992,5.496644295302014,29,14
h3_prize_structure,structure_standard,Standardní,Oficiální rozdělení fondu mezi výherní třídy.,153,350578,1000,25000000,0.5,120000000.0,0.36,0.0675,0.203,50000000000.0,25000000000.0,22671400000.0,12283900000.0,160,78,13,663000000.0,0.0,120000000.0,0.0,49326000.0,22671400.0,24334476.81870313,24334476.81870313,6.131386861313868,23,14
h3_prize_structure,structure_standard,Standardní,Oficiální rozdělení fondu mezi výherní třídy.,154,350579,1000,25000000,0.5,120000000.0,0.36,0.0675,0.203,50000000000.0,25000000000.0,22661587500.0,12274087500.0,177,46,12,378000000.0,0.0,120000000.0,18000000.0,45804000.0,22661587.5,24347614.01834056,24347614.01834056,5.715277777777778,27,14
h3_prize_structure,structure_standard,Standardní,Oficiální rozdělení fondu mezi výherní třídy.,155,350580,1000,25000000,0.5,120000000.0,0.36,0.0675,0.203,50000000000.0,25000000000.0,22630700000.0,12243200000.0,176,73,14,615000000.0,0.0,120000000.0,63000000.0,47463000.0,22630700.0,23840013.894920446,23840013.894920446,5.682758620689655,26,14
h3_prize_structure,structure_standard,Standardní,Oficiální rozdělení fondu mezi výherní třídy.,156,350581,1000,25000000,0.5,120000000.0,0.36,0.0675,0.203,50000000000.0,25000000000.0,22649100000.0,12261600000.0,157,119,17,1020000000.0,0.0,120000000.0,18000000.0,52308000.0,22649100.0,23898445.643807046,23898445.643807046,6.198529411764706,35,14
h3_prize_structure,structure_standard,Standardní,Oficiální rozdělení fondu mezi výherní třídy.,157,350582,1000,25000000,0.5,120000000.0,0.36,0.0675,0.203,50000000000.0,25000000000.0,22586500000.0,12199000000.0,174,57,14,471000000.0,0.0,120000000.0,90000000.0,46263000.0,22586500.0,24116070.2178029,24116070.2178029,5.619047619047619,23,14
h3_prize_structure,structure_standard,Standardní,Oficiální rozdělení fondu mezi výherní třídy.,158,350583,1000,25000000,0.5,120000000.0,0.36,0.0675,0.203,50000000000.0,25000000000.0,22647750000.0,12260250000.0,169,63,16,519000000.0,0.0,120000000.0,0.0,47481000.0,22647750.0,24518153.12044323,24518153.12044323,5.811188811188811,20,14
h3_prize_structure,structure_standard,Standardní,Oficiální rozdělení fondu mezi výherní třídy.,159,350584,1000,25000000,0.5,120000000.0,0.36,0.0675,0.203,50000000000.0,25000000000.0,22574950000.0,12187450000.0,147,145,19,1248000000.0,0.0,120000000.0,99000000.0,56025000.0,22574950.0,24071735.811891507,24071735.811891507,6.824,41,14
h3_prize_structure,structure_standard,Standardní,Oficiální rozdělení fondu mezi výherní třídy.,160,350585,1000,25000000,0.5,120000000.0,0.36,0.0675,0.203,50000000000.0,25000000000.0,22643587500.0,12256087500.0,162,94,14,804000000.0,0.0,120000000.0,0.0,50325000.0,22643587.5,24083276.387071874,24083276.387071874,6.253731343283582,36,14
h3_prize_structure,structure_standard,Standardní,Oficiální rozdělení fondu mezi výherní třídy.,161,350586,1000,25000000,0.5,120000000.0,0.36,0.0675,0.203,50000000000.0,25000000000.0,22675700000.0,12288200000.0,169,118,12,1026000000.0,0.0,120000000.0,18000000.0,50421000.0,22675700.0,22908351.6323196,22908351.6323196,5.9784172661870505,46,14
h3_prize_structure,structure_standard,Standardní,Oficiální rozdělení fondu mezi výherní třídy.,162,350587,1000,25000000,0.5,120000000.0,0.36,0.0675,0.203,50000000000.0,25000000000.0,22651250000.0,12263750000.0,151,155,17,1344000000.0,0.0,120000000.0,18000000.0,55899000.0,22651250.0,23574545.82674924,23574545.82674924,6.738095238095238,36,14
h3_prize_structure,structure_standard,Standardní,Oficiální rozdělení fondu mezi výherní třídy.,163,350588,1000,25000000,0.5,120000000.0,0.36,0.0675,0.203,50000000000.0,25000000000.0,22616187500.0,12228687500.0,140,148,20,1272000000.0,0.0,120000000.0,54000000.0,56868000.0,22616187.5,24420442.34593415,24420442.34593415,7.049180327868853,33,14
h3_prize_structure,structure_standard,Standardní,Oficiální rozdělení fondu mezi výherní třídy.,164,350589,1000,25000000,0.5,120000000.0,0.36,0.0675,0.203,50000000000.0,25000000000.0,22580450000.0,12192950000.0,179,85,13,726000000.0,0.0,120000000.0,72000000.0,47979000.0,22580450.0,23431262.989807017,23431262.989807017,5.585034013605442,40,14
h3_prize_structure,structure_standard,Standardní,Oficiální rozdělení fondu mezi výherní třídy.,165,350590,1000,25000000,0.5,120000000.0,0.36,0.0675,0.203,50000000000.0,25000000000.0,22545837500.0,12158337500.0,155,126,17,1083000000.0,0.0,120000000.0,81000000.0,53148000.0,22545837.5,23705762.360233087,23705762.360233087,6.353383458646617,36,14
h3_prize_structure,structure_standard,Standardní,Oficiální rozdělení fondu mezi výherní třídy.,166,350591,1000,25000000,0.5,120000000.0,0.36,0.0675,0.203,50000000000.0,25000000000.0,22616100000.0,12228600000.0,138,131,21,1116000000.0,0.0,120000000.0,63000000.0,56616000.0,22616100.0,25084885.006513383,25084885.006513383,7.305084745762712,36,14
h3_prize_structure,structure_standard,Standardní,Oficiální rozdělení fondu mezi výherní třídy.,167,350592,1000,25000000,0.5,120000000.0,0.36,0.0675,0.203,50000000000.0,25000000000.0,22547500000.0,12160000000.0,166,106,16,906000000.0,0.0,120000000.0,120000000.0,50220000.0,22547500.0,23306766.58719523,23306766.58719523,5.56,28,14
h3_prize_structure,structure_standard,Standardní,Oficiální rozdělení fondu mezi výherní třídy.,168,350593,1000,25000000,0.5,120000000.0,0.36,0.0675,0.203,50000000000.0,25000000000.0,22625050000.0,12237550000.0,171,70,15,585000000.0,0.0,120000000.0,36000000.0,47514000.0,22625050.0,24096141.392295573,24096141.392295573,5.7172413793103445,26,14
h3_prize_structure,structure_standard,Standardní,Oficiální rozdělení fondu mezi výherní třídy.,169,350594,1000,25000000,0.5,120000000.0,0.36,0.0675,0.203,50000000000.0,25000000000.0,22629000000.0,12241500000.0,161,92,15,783000000.0,0.0,120000000.0,27000000.0,49983000.0,22629000.0,23989906.39831677,23989906.39831677,5.908450704225352,33,14
h3_prize_structure,structure_standard,Standardní,Oficiální rozdělení fondu mezi výherní třídy.,170,350595,1000,25000000,0.5,120000000.0,0.36,0.0675,0.203,50000000000.0,25000000000.0,22631900000.0,12244400000.0,155,132,19,1131000000.0,0.0,120000000.0,9000000.0,54420000.0,22631900.0,24158771.023998715,24158771.023998715,6.653543307086614,34,14
h3_prize_structure,structure_standard,Standardní,Oficiální rozdělení fondu mezi výherní třídy.,171,350596,1000,25000000,0.5,120000000.0,0.36,0.0675,0.203,50000000000.0,25000000000.0,22612287500.0,12224787500.0,155,116,17,993000000.0,0.0,120000000.0,27000000.0,52668000.0,22612287.5,24130051.915062133,24130051.915062133,6.550387596899225,32,14
h3_prize_structure,structure_standard,Standardní,Oficiální rozdělení fondu mezi výherní třídy.,172,350597,1000,25000000,0.5,120000000.0,0.36,0.0675,0.203,50000000000.0,25000000000.0,22506800000.0,12119300000.0,162,119,15,1026000000.0,0.0,120000000.0,120000000.0,51153000.0,22506800.0,23052927.878254425,23052927.878254425,6.3007518796992485,28,14
h3_prize_structure,structure_standard,Standardní,Oficiální rozdělení fondu mezi výherní třídy.,173,350598,1000,25000000,0.5,120000000.0,0.36,0.0675,0.203,50000000000.0,25000000000.0,22580487500.0,12192987500.0,173,91,16,771000000.0,0.0,120000000.0,63000000.0,49788000.0,22580487.5,24083249.4831697,24083249.4831697,6.125925925925926,34,14
h3_prize_structure,structure_standard,Standardní,Oficiální rozdělení fondu mezi výherní třídy.,174,350599,1000,25000000,0.5,120000000.0,0.36,0.0675,0.203,50000000000.0,25000000000.0,22652500000.0,12265000000.0,148,143,18,1233000000.0,0.0,120000000.0,0.0,55788000.0,22652500.0,24181163.511088543,24181163.511088543,6.926829268292683,39,14
h3_prize_structure,structure_standard,Standardní,Oficiální rozdělení fondu mezi výherní třídy.,175,350600,1000,25000000,0.5,120000000.0,0.36,0.0675,0.203,50000000000.0,25000000000.0,22635400000.0,12247900000.0,164,124,18,1062000000.0,0.0,120000000.0,54000000.0,52428000.0,22635400.0,23629306.10153417,23629306.10153417,6.147058823529412,47,14
h3_prize_structure,structure_standard,Standardní,Oficiální rozdělení fondu mezi výherní třídy.,176,350601,1000,25000000,0.5,120000000.0,0.36,0.0675,0.203,50000000000.0,25000000000.0,22609650000.0,12222150000.0,143,145,24,1233000000.0,0.0,120000000.0,45000000.0,57153000.0,22609650.0,24825262.423134625,24825262.423134625,7.082644628099174,27,14
h3_prize_structure,structure_standard,Standardní,Oficiální rozdělení fondu mezi výherní třídy.,177,350602,1000,25000000,0.5,120000000.0,0.36,0.0675,0.203,50000000000.0,25000000000.0,22621825000.0,12234325000.0,169,97,15,828000000.0,0.0,120000000.0,27000000.0,49476000.0,22621825.0,23685753.608063117,23685753.608063117,5.770833333333333,31,14
h3_prize_structure,structure_standard,Standardní,Oficiální rozdělení fondu mezi výherní třídy.,178,350603,1000,25000000,0.5,120000000.0,0.36,0.0675,0.203,50000000000.0,25000000000.0,22581387500.0,12193887500.0,148,94,19,789000000.0,0.0,120000000.0,72000000.0,52632000.0,22581387.5,25122455.592180748,25122455.592180748,6.454545454545454,35,14
h3_prize_structure,structure_standard,Standardní,Oficiální rozdělení fondu mezi výherní třídy.,179,350604,1000,25000000,0.5,120000000.0,0.36,0.0675,0.203,50000000000.0,25000000000.0,22661900000.0,12274400000.0,155,70,12,594000000.0,0.0,120000000.0,0.0,48585000.0,22661900.0,24349314.228330947,24349314.228330947,6.213235294117647,35,14
h3_prize_structure,structure_standard,Standardní,Oficiální rozdělení fondu mezi výherní třídy.,180,350605,1000,25000000,0.5,120000000.0,0.36,0.0675,0.203,50000000000.0,25000000000.0,22604587500.0,12217087500.0,160,82,17,687000000.0,0.0,120000000.0,63000000.0,50721000.0,22604587.5,24826057.990770377,24826057.990770377,6.131386861313868,32,14
h3_prize_structure,structure_standard,Standardní,Oficiální rozdělení fondu mezi výherní třídy.,181,350606,1000,25000000,0.5,120000000.0,0.36,0.0675,0.203,50000000000.0,25000000000.0,22509800000.0,12122300000.0,141,131,24,1107000000.0,0.0,120000000.0,120000000.0,57003000.0,22509800.0,25024634.541986823,25024634.541986823,7.279661016949152,26,14
h3_prize_structure,structure_standard,Standardní,Oficiální rozdělení fondu mezi výherní třídy.,182,350607,1000,25000000,0.5,120000000.0,0.36,0.0675,0.203,50000000000.0,25000000000.0,22698000000.0,12310500000.0,162,85,14,723000000.0,0.0,120000000.0,9000000.0,49857000.0,22698000.0,24303975.929876164,24303975.929876164,6.116788321167883,31,14
h3_prize_structure,structure_standard,Standardní,Oficiální rozdělení fondu mezi výherní třídy.,183,350608,1000,25000000,0.5,120000000.0,0.36,0.0675,0.203,50000000000.0,25000000000.0,22626800000.0,12239300000.0,189,50,14,408000000.0,0.0,120000000.0,63000000.0,45459000.0,22626800.0,24167917.820118472,24167917.820118472,5.517006802721088,21,14
h3_prize_structure,structure_standard,Standardní,Oficiální rozdělení fondu mezi výherní třídy.,184,350609,1000,25000000,0.5,120000000.0,0.36,0.0675,0.203,50000000000.0,25000000000.0,22591337500.0,12203837500.0,162,106,17,903000000.0,0.0,120000000.0,45000000.0,50775000.0,22591337.5,23796774.757671338,23796774.757671338,5.943262411347518,41,14
h3_prize_structure,structure_standard,Standardní,Oficiální rozdělení fondu mezi výherní třídy.,185,350610,1000,25000000,0.5,120000000.0,0.36,0.0675,0.203,50000000000.0,25000000000.0,22640450000.0,12252950000.0,160,103,17,876000000.0,0.0,120000000.0,0.0,50955000.0,22640450.0,24000825.637829628,24000825.637829628,6.268656716417911,35,14
h3_prize_structure,structure_standard,Standardní,Oficiální rozdělení fondu mezi výherní třídy.,186,350611,1000,25000000,0.5,120000000.0,0.36,0.0675,0.203,50000000000.0,25000000000.0,22608800000.0,12221300000.0,148,100,21,837000000.0,0.0,120000000.0,45000000.0,53202000.0,22608800.0,25205171.94069503,25205171.94069503,6.65625,27,14
h3_prize_structure,structure_standard,Standardní,Oficiální rozdělení fondu mezi výherní třídy.,187,350612,1000,25000000,0.5,120000000.0,0.36,0.0675,0.203,50000000000.0,25000000000.0,22650037500.0,12262537500.0,165,91,14,777000000.0,0.0,120000000.0,27000000.0,49641000.0,22650037.5,23959578.776657235,23959578.776657235,6.2781954887218046,40,14
h3_prize_structure,structure_standard,Standardní,Oficiální rozdělení fondu mezi výherní třídy.,188,350613,1000,25000000,0.5,120000000.0,0.36,0.0675,0.203,50000000000.0,25000000000.0,22574587500.0,12187087500.0,156,83,16,699000000.0,0.0,120000000.0,99000000.0,49647000.0,22574587.5,24212693.58438036,24212693.58438036,6.160583941605839,25,14
h3_prize_structure,structure_standard,Standardní,Oficiální rozdělení fondu mezi výherní třídy.,189,350614,1000,25000000,0.5,120000000.0,0.36,0.0675,0.203,50000000000.0,25000000000.0,22663862500.0,12276362500.0,163,60,12,504000000.0,0.0,120000000.0,9000000.0,47439000.0,22663862.5,24358335.653320894,24358335.653320894,5.8125,23,14
h3_prize_structure,structure_standard,Standardní,Oficiální rozdělení fondu mezi výherní třídy.,190,350615,1000,25000000,0.5,120000000.0,0.36,0.0675,0.203,50000000000.0,25000000000.0,22654737500.0,12267237500.0,160,134,20,1146000000.0,0.0,120000000.0,27000000.0,54108000.0,22654737.5,24025545.315608215,24025545.315608215,6.176470588235294,25,14
h3_prize_structure,structure_standard,Standardní,Oficiální rozdělení fondu mezi výherní třídy.,191,350616,1000,25000000,0.5,120000000.0,0.36,0.0675,0.203,50000000000.0,25000000000.0,22550950000.0,12163450000.0,155,118,16,1014000000.0,0.0,120000000.0,99000000.0,52803000.0,22550950.0,23916034.090072293,23916034.090072293,6.401515151515151,34,14
h3_prize_structure,structure_standard,Standardní,Oficiální rozdělení fondu mezi výherní třídy.,192,350617,1000,25000000,0.5,120000000.0,0.36,0.0675,0.203,50000000000.0,25000000000.0,22645200000.0,12257700000.0,152,105,18,891000000.0,0.0,120000000.0,18000000.0,50949000.0,22645200.0,23999415.34621208,23999415.34621208,5.93006993006993,31,14
h3_prize_structure,structure_standard,Standardní,Oficiální rozdělení fondu mezi výherní třídy.,193,350618,1000,25000000,0.5,120000000.0,0.36,0.0675,0.203,50000000000.0,25000000000.0,22687250000.0,12299750000.0,182,38,10,312000000.0,0.0,120000000.0,9000000.0,42150000.0,22687250.0,23264976.35798283,23264976.35798283,5.177215189873418,25,14
h3_prize_structure,structure_standard,Standardní,Oficiální rozdělení fondu mezi výherní třídy.,194,350619,1000,25000000,0.5,120000000.0,0.36,0.0675,0.203,50000000000.0,25000000000.0,22571050000.0,12183550000.0,139,149,23,1272000000.0,0.0,120000000.0,72000000.0,59175000.0,22571050.0,25333910.463990748,25333910.463990748,7.619469026548672,33,14
h3_prize_structure,structure_standard,Standardní,Oficiální rozdělení fondu mezi výherní třídy.,195,350620,1000,25000000,0.5,120000000.0,0.36,0.0675,0.203,50000000000.0,25000000000.0,22605850000.0,12218350000.0,172,95,16,807000000.0,0.0,120000000.0,81000000.0,50736000.0,22605850.0,24209382.33985948,24209382.33985948,6.043795620437956,29,14
h3_prize_structure,structure_standard,Standardní,Oficiální rozdělení fondu mezi výherní třídy.,196,350621,1000,25000000,0.5,120000000.0,0.36,0.0675,0.203,50000000000.0,25000000000.0,22559187500.0,12171687500.0,172,127,16,1095000000.0,0.0,120000000.0,120000000.0,51606000.0,22559187.5,22844411.258469626,22844411.258469626,6.043795620437956,44,14
h3_prize_structure,structure_standard,Standardní,Oficiální rozdělení fondu mezi výherní třídy.,197,350622,1000,25000000,0.5,120000000.0,0.36,0.0675,0.203,50000000000.0,25000000000.0,22647350000.0,12259850000.0,157,110,17,939000000.0,0.0,120000000.0,0.0,52686000.0,22647350.0,24431910.70050601,24431910.70050601,6.484615384615385,29,14
h3_prize_structure,structure_standard,Standardní,Oficiální rozdělení fondu mezi výherní třídy.,198,350623,1000,25000000,0.5,120000000.0,0.36,0.0675,0.203,50000000000.0,25000000000.0,22619937500.0,12232437500.0,171,72,18,594000000.0,0.0,120000000.0,27000000.0,49608000.0,22619937.5,24967243.16784582,24967243.16784582,6.32824427480916,25,14
h3_prize_structure,structure_standard,Standardní,Oficiální rozdělení fondu mezi výherní třídy.,199,350624,1000,25000000,0.5,120000000.0,0.36,0.0675,0.203,50000000000.0,25000000000.0,22616237500.0,12228737500.0,163,80,17,669000000.0,0.0,120000000.0,90000000.0,50283000.0,22616237.5,24699973.38561003,24699973.38561003,6.0215827338129495,28,14
h3_prize_structure,structure_standard,Standardní,Oficiální rozdělení fondu mezi výherní třídy.,200,350625,1000,25000000,0.5,120000000.0,0.36,0.0675,0.203,50000000000.0,25000000000.0,22704850000.0,12317350000.0,172,89,13,762000000.0,0.0,120000000.0,0.0,48243000.0,22704850.0,23449862.131311134,23449862.131311134,5.671232876712328,36,14
h3_prize_structure,structure_aggressive,Vyšší skewness,Vyšší podíl jackpotu na úkor nižších tříd.,1,360426,1000,25000000,0.5,120000000.0,0.41,0.0475,0.17300000000000001,50000000000.0,25000000000.0,22524537500.0,13387037500.0,176,119,20,1074750000.0,0.0,120000000.0,112750000.0,53351500.0,22524537.5,25695813.483276684,25695813.483276684,5.802816901408451,26,12
h3_prize_structure,structure_aggressive,Vyšší skewness,Vyšší podíl jackpotu na úkor nižších tříd.,2,360427,1000,25000000,0.5,120000000.0,0.41,0.0475,0.17300000000000001,50000000000.0,25000000000.0,22667600000.0,13530100000.0,153,183,27,1680000000.0,0.0,120000000.0,0.0,60704000.0,22667600.0,26274179.249597885,26274179.249597885,6.669291338582677,31,12
h3_prize_structure,structure_aggressive,Vyšší skewness,Vyšší podíl jackpotu na úkor nižších tříd.,3,360428,1000,25000000,0.5,120000000.0,0.41,0.0475,0.17300000000000001,50000000000.0,25000000000.0,22578512500.0,13441012500.0,162,137,25,1223000000.0,0.0,120000000.0,82000000.0,55618750.0,22578512.5,26141898.84086643,26141898.84086643,5.901408450704225,22,12
h3_prize_structure,structure_aggressive,Vyšší skewness,Vyšší podíl jackpotu na úkor nižších tříd.,4,360429,1000,25000000,0.5,120000000.0,0.41,0.0475,0.17300000000000001,50000000000.0,25000000000.0,22645000000.0,13507500000.0,157,147,23,1340000000.0,0.0,120000000.0,20500000.0,58217000.0,22645000.0,26676412.80232408,26676412.80232408,6.153284671532846,30,12
h3_prize_structure,structure_aggressive,Vyšší skewness,Vyšší podíl jackpotu na úkor nižších tříd.,5,360430,1000,25000000,0.5,120000000.0,0.41,0.0475,0.17300000000000001,50000000000.0,25000000000.0,22604800000.0,13467300000.0,187,106,18,956000000.0,0.0,120000000.0,71750000.0,50596500.0,22604800.0,25222508.24085503,25222508.24085503,5.313725490196078,26,12
h3_prize_structure,structure_aggressive,Vyšší skewness,Vyšší podíl jackpotu na úkor nižších tříd.,6,360431,1000,25000000,0.5,120000000.0,0.41,0.0475,0.17300000000000001,50000000000.0,25000000000.0,22659550000.0,13522050000.0,170,111,22,978250000.0,0.0,120000000.0,10250000.0,53801750.0,22659550.0,26443868.122827645,26443868.122827645,5.971223021582734,33,12
h3_prize_structure,structure_aggressive,Vyšší skewness,Vyšší podíl jackpotu na úkor nižších tříd.,7,360432,1000,25000000,0.5,120000000.0,0.41,0.0475,0.17300000000000001,50000000000.0,25000000000.0,22658550000.0,13521050000.0,170,113,20,1013250000.0,0.0,120000000.0,0.0,53369500.0,22658550.0,26156402.741919614,26156402.741919614,5.533333333333333,27,12
h3_prize_structure,structure_aggressive,Vyšší skewness,Vyšší podíl jackpotu na úkor nižších tříd.,8,360433,1000,25000000,0.5,120000000.0,0.41,0.0475,0.17300000000000001,50000000000.0,25000000000.0,22654537500.0,13517037500.0,166,126,24,1117500000.0,0.0,120000000.0,10250000.0,55782000.0,22654537.5,26665828.335481044,26665828.335481044,6.415384615384616,28,12
h3_prize_structure,structure_aggressive,Vyšší skewness,Vyšší podíl jackpotu na úkor nižších tříd.,9,360434,1000,25000000,0.5,120000000.0,0.41,0.0475,0.17300000000000001,50000000000.0,25000000000.0,22546550000.0,13409050000.0,148,149,26,1338750000.0,0.0,120000000.0,51250000.0,58763250.0,22546550.0,26911218.861238893,26911218.861238893,6.708661417322834,33,12
h3_prize_structure,structure_aggressive,Vyšší skewness,Vyšší podíl jackpotu na úkor nižších tříd.,10,360435,1000,25000000,0.5,120000000.0,0.41,0.0475,0.17300000000000001,50000000000.0,25000000000.0,22623150000.0,13485650000.0,159,140,25,1253750000.0,0.0,120000000.0,41000000.0,56788500.0,22623150.0,26555052.4679862,26555052.4679862,6.323308270676692,33,12
h3_prize_structure,structure_aggressive,Vyšší skewness,Vyšší podíl jackpotu na úkor nižších tříd.,11,360436,1000,25000000,0.5,120000000.0,0.41,0.0475,0.17300000000000001,50000000000.0,25000000000.0,22665500000.0,13528000000.0,153,172,21,1610750000.0,0.0,120000000.0,0.0,59120000.0,22665500.0,25782554.36821573,25782554.36821573,6.465648854961832,36,12
h3_prize_structure,structure_aggressive,Vyšší skewness,Vyšší podíl jackpotu na úkor nižších tříd.,12,360437,1000,25000000,0.5,120000000.0,0.41,0.0475,0.17300000000000001,50000000000.0,25000000000.0,22547100000.0,13409600000.0,187,102,23,878750000.0,0.0,120000000.0,112750000.0,51228250.0,22547100.0,25939907.79840977,25939907.79840977,5.348684210526316,20,12
h3_prize_structure,structure_aggressive,Vyšší skewness,Vyšší podíl jackpotu na úkor nižších tříd.,13,360438,1000,25000000,0.5,120000000.0,0.41,0.0475,0.17300000000000001,50000000000.0,25000000000.0,22604650000.0,13467150000.0,163,111,21,985500000.0,0.0,120000000.0,30750000.0,53942250.0,22604650.0,26610661.88349136,26610661.88349136,5.8125,28,12
h3_prize_structure,structure_aggressive,Vyšší skewness,Vyšší podíl jackpotu na úkor nižších tříd.,14,360439,1000,25000000,0.5,120000000.0,0.41,0.0475,0.17300000000000001,50000000000.0,25000000000.0,22656850000.0,13519350000.0,180,82,18,710000000.0,0.0,120000000.0,10250000.0,49776750.0,22656850.0,26075124.55535927,26075124.55535927,5.359477124183006,26,12
h3_prize_structure,structure_aggressive,Vyšší skewness,Vyšší podíl jackpotu na úkor nižších tříd.,15,360440,1000,25000000,0.5,120000000.0,0.41,0.0475,0.17300000000000001,50000000000.0,25000000000.0,22599500000.0,13462000000.0,139,201,32,1828250000.0,0.0,120000000.0,0.0,64098750.0,22599500.0,27046051.00102416,27046051.00102416,7.827272727272727,27,12
h3_prize_structure,structure_aggressive,Vyšší skewness,Vyšší podíl jackpotu na úkor nižších tříd.,16,360441,1000,25000000,0.5,120000000.0,0.41,0.0475,0.17300000000000001,50000000000.0,25000000000.0,22603000000.0,13465500000.0,170,149,26,1338750000.0,0.0,120000000.0,0.0,57430750.0,22603000.0,26341738.097551573,26341738.097551573,6.1940298507462686,28,12
h3_prize_structure,structure_aggressive,Vyšší skewness,Vyšší podíl jackpotu na úkor nižších tříd.,17,360442,1000,25000000,0.5,120000000.0,0.41,0.0475,0.17300000000000001,50000000000.0,25000000000.0,22523187500.0,13385687500.0,181,79,22,650250000.0,0.0,120000000.0,102500000.0,49838750.0,22523187.5,26235858.78613646,26235858.78613646,5.3881578947368425,19,12
h3_prize_structure,structure_aggressive,Vyšší skewness,Vyšší podíl jackpotu na úkor nižších tříd.,18,360443,1000,25000000,0.5,120000000.0,0.41,0.0475,0.17300000000000001,50000000000.0,25000000000.0,22567100000.0,13429600000.0,167,169,27,1536500000.0,0.0,120000000.0,51250000.0,58460250.0,22567100.0,26032347.811713025,26032347.811713025,6.3106060606060606,32,12
h3_prize_structure,structure_aggressive,Vyšší skewness,Vyšší podíl jackpotu na úkor nižších tříd.,19,360444,1000,25000000,0.5,120000000.0,0.41,0.0475,0.17300000000000001,50000000000.0,25000000000.0,22617050000.0,13479550000.0,160,127,25,1120500000.0,0.0,120000000.0,30750000.0,55290000.0,22617050.0,26705394.9006095,26705394.9006095,6.043165467625899,26,12
h3_prize_structure,structure_aggressive,Vyšší skewness,Vyšší podíl jackpotu na úkor nižších tříd.,20,360445,1000,25000000,0.5,120000000.0,0.41,0.0475,0.17300000000000001,50000000000.0,25000000000.0,22600500000.0,13463000000.0,168,164,23,1514250000.0,0.0,120000000.0,41000000.0,56905250.0,22600500.0,25407728.642088413,25407728.642088413,5.985611510791367,37,12
h3_prize_structure,structure_aggressive,Vyšší skewness,Vyšší podíl jackpotu na úkor nižších tříd.,21,360446,1000,25000000,0.5,120000000.0,0.41,0.0475,0.17300000000000001,50000000000.0,25000000000.0,22633100000.0,13495600000.0,159,97,22,834750000.0,0.0,120000000.0,51250000.0,54069250.0,22633100.0,27276519.56152031,27276519.56152031,6.229629629629629,21,12
h3_prize_structure,structure_aggressive,Vyšší skewness,Vyšší podíl jackpotu na úkor nižších tříd.,22,360447,1000,25000000,0.5,120000000.0,0.41,0.0475,0.17300000000000001,50000000000.0,25000000000.0,22588237500.0,13450737500.0,176,124,20,1126000000.0,0.0,120000000.0,82000000.0,53787500.0,22588237.5,25731766.68633236,25731766.68633236,5.722222222222222,27,12
h3_prize_structure,structure_aggressive,Vyšší skewness,Vyšší podíl jackpotu na úkor nižších tříd.,23,360448,1000,25000000,0.5,120000000.0,0.41,0.0475,0.17300000000000001,50000000000.0,25000000000.0,22628800000.0,13491300000.0,170,78,20,654500000.0,0.0,120000000.0,61500000.0,50942750.0,22628800.0,26745852.773093626,26745852.773093626,5.845070422535211,19,12
h3_prize_structure,structure_aggressive,Vyšší skewness,Vyšší podíl jackpotu na úkor nižších tříd.,24,360449,1000,25000000,0.5,120000000.0,0.41,0.0475,0.17300000000000001,50000000000.0,25000000000.0,22542637500.0,13405137500.0,165,118,19,1071750000.0,0.0,120000000.0,120000000.0,54530250.0,22542637.5,25966176.91247296,25966176.91247296,5.921985815602837,33,12
h3_prize_structure,structure_aggressive,Vyšší skewness,Vyšší podíl jackpotu na úkor nižších tříd.,25,360450,1000,25000000,0.5,120000000.0,0.41,0.0475,0.17300000000000001,50000000000.0,25000000000.0,22650600000.0,13513100000.0,166,174,21,1631250000.0,0.0,120000000.0,0.0,57279250.0,22650600.0,24737107.341805346,24737107.341805346,6,42,12
h3_prize_structure,structure_aggressive,Vyšší skewness,Vyšší podíl jackpotu na úkor nižších tříd.,26,360451,1000,25000000,0.5,120000000.0,0.41,0.0475,0.17300000000000001,50000000000.0,25000000000.0,22658287500.0,13520787500.0,167,146,23,1329750000.0,0.0,120000000.0,20500000.0,56682500.0,22658287.5,26081462.578306336,26081462.578306336,6.125,28,12
h3_prize_structure,structure_aggressive,Vyšší skewness,Vyšší podíl jackpotu na úkor nižších tříd.,27,360452,1000,25000000,0.5,120000000.0,0.41,0.0475,0.17300000000000001,50000000000.0,25000000000.0,22657400000.0,13519900000.0,159,161,21,1498000000.0,0.0,120000000.0,0.0,57656500.0,22657400.0,25629530.628554244,25629530.628554244,6.276119402985074,32,12
h3_prize_structure,structure_aggressive,Vyšší skewness,Vyšší podíl jackpotu na úkor nižších tříd.,28,360453,1000,25000000,0.5,120000000.0,0.41,0.0475,0.17300000000000001,50000000000.0,25000000000.0,22671900000.0,13534400000.0,156,135,23,1217000000.0,0.0,120000000.0,0.0,56930750.0,22671900.0,26607754.797990754,26607754.797990754,6.645669291338582,32,12
h3_prize_structure,structure_aggressive,Vyšší skewness,Vyšší podíl jackpotu na úkor nižších tříd.,29,360454,1000,25000000,0.5,120000000.0,0.41,0.0475,0.17300000000000001,50000000000.0,25000000000.0,22668450000.0,13530950000.0,183,107,24,922750000.0,0.0,120000000.0,20500000.0,52425750.0,22668450.0,26287451.98944736,26287451.98944736,5.375,25,12
h3_prize_structure,structure_aggressive,Vyšší skewness,Vyšší podíl jackpotu na úkor nižších tříd.,30,360455,1000,25000000,0.5,120000000.0,0.41,0.0475,0.17300000000000001,50000000000.0,25000000000.0,22643150000.0,13505650000.0,152,157,23,1442500000.0,0.0,120000000.0,10250000.0,58115250.0,22643150.0,26234201.16141332,26234201.16141332,6.677165354330708,32,12
h3_prize_structure,structure_aggressive,Vyšší skewness,Vyšší podíl jackpotu na úkor nižších tříd.,31,360456,1000,25000000,0.5,120000000.0,0.41,0.0475,0.17300000000000001,50000000000.0,25000000000.0,22543787500.0,13406287500.0,175,140,25,1253750000.0,0.0,120000000.0,120000000.0,54605250.0,22543787.5,25548618.412961077,25548618.412961077,5.5369127516778525,23,12
h3_prize_structure,structure_aggressive,Vyšší skewness,Vyšší podíl jackpotu na úkor nižších tříd.,32,360457,1000,25000000,0.5,120000000.0,0.41,0.0475,0.17300000000000001,50000000000.0,25000000000.0,22615900000.0,13478400000.0,160,124,19,1133250000.0,0.0,120000000.0,41000000.0,55363000.0,22615900.0,26330763.987966623,26330763.987966623,6,26,12
h3_prize_structure,structure_aggressive,Vyšší skewness,Vyšší podíl jackpotu na úkor nižších tříd.,33,360458,1000,25000000,0.5,120000000.0,0.41,0.0475,0.17300000000000001,50000000000.0,25000000000.0,22588237500.0,13450737500.0,143,198,31,1804750000.0,0.0,120000000.0,20500000.0,63120750.0,22588237.5,26770663.361221436,26770663.361221436,7.082644628099174,30,12
h3_prize_structure,structure_aggressive,Vyšší skewness,Vyšší podíl jackpotu na úkor nižších tříd.,34,360459,1000,25000000,0.5,120000000.0,0.41,0.0475,0.17300000000000001,50000000000.0,25000000000.0,22636350000.0,13498850000.0,158,129,25,1141000000.0,0.0,120000000.0,20500000.0,55909250.0,22636350.0,26723864.918411408,26723864.918411408,6.057553956834532,25,12
h3_prize_structure,structure_aggressive,Vyšší skewness,Vyšší podíl jackpotu na úkor nižších tříd.,35,360460,1000,25000000,0.5,120000000.0,0.41,0.0475,0.17300000000000001,50000000000.0,25000000000.0,22571600000.0,13434100000.0,158,128,25,1130750000.0,0.0,120000000.0,102500000.0,55553500.0,22571600.0,26519470.364997864,26519470.364997864,6.378787878787879,21,12
h3_prize_structure,structure_aggressive,Vyšší skewness,Vyšší podíl jackpotu na úkor nižších tříd.,36,360461,1000,25000000,0.5,120000000.0,0.41,0.0475,0.17300000000000001,50000000000.0,25000000000.0,22660050000.0,13522550000.0,159,121,24,1066250000.0,0.0,120000000.0,10250000.0,56955250.0,22660050.0,27339611.39989923,27339611.39989923,6.469230769230769,29,12
h3_prize_structure,structure_aggressive,Vyšší skewness,Vyšší podíl jackpotu na úkor nižších tříd.,37,360462,1000,25000000,0.5,120000000.0,0.41,0.0475,0.17300000000000001,50000000000.0,25000000000.0,22646650000.0,13509150000.0,171,100,18,894500000.0,0.0,120000000.0,0.0,51526750.0,22646650.0,25919997.516926963,25919997.516926963,5.563758389261745,29,12
h3_prize_structure,structure_aggressive,Vyšší skewness,Vyšší podíl jackpotu na úkor nižších tříd.,38,360463,1000,25000000,0.5,120000000.0,0.41,0.0475,0.17300000000000001,50000000000.0,25000000000.0,22523787500.0,13386287500.0,170,145,21,1334000000.0,0.0,120000000.0,120000000.0,55295750.0,22523787.5,25167794.36226174,25167794.36226174,5.804195804195804,44,12
h3_prize_structure,structure_aggressive,Vyšší skewness,Vyšší podíl jackpotu na úkor nižších tříd.,39,360464,1000,25000000,0.5,120000000.0,0.41,0.0475,0.17300000000000001,50000000000.0,25000000000.0,22653850000.0,13516350000.0,148,163,30,1453250000.0,0.0,120000000.0,10250000.0,60414250.0,22653850.0,27400025.59629279,27400025.59629279,6.816,30,12
h3_prize_structure,structure_aggressive,Vyšší skewness,Vyšší podíl jackpotu na úkor nižších tříd.,40,360465,1000,25000000,0.5,120000000.0,0.41,0.0475,0.17300000000000001,50000000000.0,25000000000.0,22591050000.0,13453550000.0,168,135,26,1195250000.0,0.0,120000000.0,41000000.0,55402250.0,22591050.0,26272019.857588034,26272019.857588034,6.028985507246377,28,12
h3_prize_structure,structure_aggressive,Vyšší skewness,Vyšší podíl jackpotu na úkor nižších tříd.,41,360466,1000,25000000,0.5,120000000.0,0.41,0.0475,0.17300000000000001,50000000000.0,25000000000.0,22601850000.0,13464350000.0,142,188,23,1760250000.0,0.0,120000000.0,30750000.0,60892250.0,22601850.0,25722375.455573693,25722375.455573693,7.090909090909091,41,12
h3_prize_structure,structure_aggressive,Vyšší skewness,Vyšší podíl jackpotu na úkor nižších tříd.,42,360467,1000,25000000,0.5,120000000.0,0.41,0.0475,0.17300000000000001,50000000000.0,25000000000.0,22545500000.0,13408000000.0,162,111,24,963750000.0,0.0,120000000.0,120000000.0,53869250.0,22545500.0,26297460.994362175,26297460.994362175,5.943262411347518,24,12
h3_prize_structure,structure_aggressive,Vyšší skewness,Vyšší podíl jackpotu na úkor nižších tříd.,43,360468,1000,25000000,0.5,120000000.0,0.41,0.0475,0.17300000000000001,50000000000.0,25000000000.0,22656050000.0,13518550000.0,164,160,24,1466000000.0,0.0,120000000.0,10250000.0,57309750.0,22656050.0,25760920.323185273,25760920.323185273,6.057971014492754,38,12
h3_prize_structure,structure_aggressive,Vyšší skewness,Vyšší podíl jackpotu na úkor nižších tříd.,44,360469,1000,25000000,0.5,120000000.0,0.41,0.0475,0.17300000000000001,50000000000.0,25000000000.0,22541150000.0,13403650000.0,167,118,24,1035500000.0,0.0,120000000.0,120000000.0,54647750.0,22541150.0,26468396.89474034,26468396.89474034,6.3106060606060606,22,12
h3_prize_structure,structure_aggressive,Vyšší skewness,Vyšší podíl jackpotu na úkor nižších tříd.,45,360470,1000,25000000,0.5,120000000.0,0.41,0.0475,0.17300000000000001,50000000000.0,25000000000.0,22616837500.0,13479337500.0,176,128,26,1123500000.0,0.0,120000000.0,71750000.0,54275250.0,22616837.5,26160988.23448464,26160988.23448464,5.682758620689655,26,12
h3_prize_structure,structure_aggressive,Vyšší skewness,Vyšší podíl jackpotu na úkor nižších tříd.,46,360471,1000,25000000,0.5,120000000.0,0.41,0.0475,0.17300000000000001,50000000000.0,25000000000.0,22604750000.0,13467250000.0,156,199,27,1844000000.0,0.0,120000000.0,20500000.0,61455500.0,22604750.0,25886729.996998463,25886729.996998463,6.442748091603053,41,12
h3_prize_structure,structure_aggressive,Vyšší skewness,Vyšší podíl jackpotu na úkor nižších tříd.,47,360472,1000,25000000,0.5,120000000.0,0.41,0.0475,0.17300000000000001,50000000000.0,25000000000.0,22557400000.0,13419900000.0,157,130,26,1144000000.0,0.0,120000000.0,120000000.0,56647250.0,22557400.0,26637618.047415577,26637618.047415577,6.798387096774194,33,12
h3_prize_structure,structure_aggressive,Vyšší skewness,Vyšší podíl jackpotu na úkor nižších tříd.,48,360473,1000,25000000,0.5,120000000.0,0.41,0.0475,0.17300000000000001,50000000000.0,25000000000.0,22637337500.0,13499837500.0,160,138,23,1247750000.0,0.0,120000000.0,41000000.0,56214500.0,22637337.5,26336741.46638767,26336741.46638767,6.086956521739131,36,12
h3_prize_structure,structure_aggressive,Vyšší skewness,Vyšší podíl jackpotu na úkor nižších tříd.,49,360474,1000,25000000,0.5,120000000.0,0.41,0.0475,0.17300000000000001,50000000000.0,25000000000.0,22682200000.0,13544700000.0,156,134,23,1206750000.0,0.0,120000000.0,20500000.0,56687750.0,22682200.0,26667740.777201205,26667740.777201205,6.205882352941177,25,12
h3_prize_structure,structure_aggressive,Vyšší skewness,Vyšší podíl jackpotu na úkor nižších tříd.,50,360475,1000,25000000,0.5,120000000.0,0.41,0.0475,0.17300000000000001,50000000000.0,25000000000.0,22639850000.0,13502350000.0,167,146,21,1344250000.0,0.0,120000000.0,20500000.0,55989750.0,22639850.0,25806385.14936759,25806385.14936759,5.9928057553956835,33,12
h3_prize_structure,structure_aggressive,Vyšší skewness,Vyšší podíl jackpotu na úkor nižších tříd.,51,360476,1000,25000000,0.5,120000000.0,0.41,0.0475,0.17300000000000001,50000000000.0,25000000000.0,22575650000.0,13438150000.0,153,196,23,1842250000.0,0.0,120000000.0,61500000.0,60847750.0,22575650.0,25342772.72867947,25342772.72867947,6.565891472868217,53,12
h3_prize_structure,structure_aggressive,Vyšší skewness,Vyšší podíl jackpotu na úkor nižších tříd.,52,360477,1000,25000000,0.5,120000000.0,0.41,0.0475,0.17300000000000001,50000000000.0,25000000000.0,22691950000.0,13554450000.0,168,114,22,1009000000.0,0.0,120000000.0,0.0,53772250.0,22691950.0,26478596.784903463,26478596.784903463,6.072992700729927,25,12
h3_prize_structure,structure_aggressive,Vyšší skewness,Vyšší podíl jackpotu na úkor nižších tříd.,53,360478,1000,25000000,0.5,120000000.0,0.41,0.0475,0.17300000000000001,50000000000.0,25000000000.0,22609450000.0,13471950000.0,158,148,27,1321250000.0,0.0,120000000.0,41000000.0,57662250.0,22609450.0,26647316.5290147,26647316.5290147,6.5271317829457365,24,12
h3_prize_structure,structure_aggressive,Vyšší skewness,Vyšší podíl jackpotu na úkor nižších tříd.,54,360479,1000,25000000,0.5,120000000.0,0.41,0.0475,0.17300000000000001,50000000000.0,25000000000.0,22546737500.0,13409237500.0,164,147,21,1354500000.0,0.0,120000000.0,92250000.0,56540250.0,22546737.5,25763866.523919575,25763866.523919575,5.9714285714285715,48,12
h3_prize_structure,structure_aggressive,Vyšší skewness,Vyšší podíl jackpotu na úkor nižších tříd.,55,360480,1000,25000000,0.5,120000000.0,0.41,0.0475,0.17300000000000001,50000000000.0,25000000000.0,22686500000.0,13549000000.0,160,128,20,1167000000.0,0.0,120000000.0,10250000.0,54974750.0,22686500.0,26104646.957007483,26104646.957007483,6.043165467625899,34,12
h3_prize_structure,structure_aggressive,Vyšší skewness,Vyšší podíl jackpotu na úkor nižších tříd.,56,360481,1000,25000000,0.5,120000000.0,0.41,0.0475,0.17300000000000001,50000000000.0,25000000000.0,22669800000.0,13532300000.0,162,145,24,1312250000.0,0.0,120000000.0,0.0,56114500.0,22669800.0,26065016.74582236,26065016.74582236,6.116788321167883,38,12
h3_prize_structure,structure_aggressive,Vyšší skewness,Vyšší podíl jackpotu na úkor nižších tříd.,57,360482,1000,25000000,0.5,120000000.0,0.41,0.0475,0.17300000000000001,50000000000.0,25000000000.0,22623287500.0,13485787500.0,159,142,19,1317750000.0,0.0,120000000.0,30750000.0,56467250.0,22623287.5,25945042.090900406,25945042.090900406,6.138686131386861,50,12
h3_prize_structure,structure_aggressive,Vyšší skewness,Vyšší podíl jackpotu na úkor nižších tříd.,58,360483,1000,25000000,0.5,120000000.0,0.41,0.0475,0.17300000000000001,50000000000.0,25000000000.0,22647950000.0,13510450000.0,176,97,21,842000000.0,0.0,120000000.0,30750000.0,51637000.0,22647950.0,26259832.316629518,26259832.316629518,5.682758620689655,21,12
h3_prize_structure,structure_aggressive,Vyšší skewness,Vyšší podíl jackpotu na úkor nižších tříd.,59,360484,1000,25000000,0.5,120000000.0,0.41,0.0475,0.17300000000000001,50000000000.0,25000000000.0,22556500000.0,13419000000.0,186,116,22,1029500000.0,0.0,120000000.0,92250000.0,52731000.0,22556500.0,25571674.42210228,25571674.42210228,5.537414965986395,46,12
h3_prize_structure,structure_aggressive,Vyšší skewness,Vyšší podíl jackpotu na úkor nižších tříd.,60,360485,1000,25000000,0.5,120000000.0,0.41,0.0475,0.17300000000000001,50000000000.0,25000000000.0,22624087500.0,13486587500.0,169,158,24,1445500000.0,0.0,120000000.0,0.0,56946750.0,22624087.5,25666525.426099144,25666525.426099144,5.811188811188811,40,12
h3_prize_structure,structure_aggressive,Vyšší skewness,Vyšší podíl jackpotu na úkor nižších tříd.,61,360486,1000,25000000,0.5,120000000.0,0.41,0.0475,0.17300000000000001,50000000000.0,25000000000.0,22593750000.0,13456250000.0,153,188,25,1745750000.0,0.0,120000000.0,61500000.0,60601000.0,22593750.0,25911506.101296004,25911506.101296004,6.722222222222222,40,12
h3_prize_structure,structure_aggressive,Vyšší skewness,Vyšší podíl jackpotu na úkor nižších tříd.,62,360487,1000,25000000,0.5,120000000.0,0.41,0.0475,0.17300000000000001,50000000000.0,25000000000.0,22577050000.0,13439550000.0,169,125,25,1100000000.0,0.0,120000000.0,82000000.0,54763000.0,22577050.0,26311701.404460717,26311701.404460717,6.021739130434782,37,12
h3_prize_structure,structure_aggressive,Vyšší skewness,Vyšší podíl jackpotu na úkor nižších tříd.,63,360488,1000,25000000,0.5,120000000.0,0.41,0.0475,0.17300000000000001,50000000000.0,25000000000.0,22598850000.0,13461350000.0,168,135,24,1209750000.0,0.0,120000000.0,61500000.0,55785750.0,22598850.0,26311271.371362884,26311271.371362884,5.900709219858156,32,12
h3_prize_structure,structure_aggressive,Vyšší skewness,Vyšší podíl jackpotu na úkor nižších tříd.,64,360489,1000,25000000,0.5,120000000.0,0.41,0.0475,0.17300000000000001,50000000000.0,25000000000.0,22668887500.0,13531387500.0,186,76,15,670250000.0,0.0,120000000.0,0.0,49652500.0,22668887.5,25974231.117948297,25974231.117948297,5.773049645390071,25,12
h3_prize_structure,structure_aggressive,Vyšší skewness,Vyšší podíl jackpotu na úkor nižších tříd.,65,360490,1000,25000000,0.5,120000000.0,0.41,0.0475,0.17300000000000001,50000000000.0,25000000000.0,22650900000.0,13513400000.0,169,136,23,1227250000.0,0.0,120000000.0,10250000.0,56620250.0,22650900.0,26590341.182278953,26590341.182278953,6.295454545454546,28,12
h3_prize_structure,structure_aggressive,Vyšší skewness,Vyšší podíl jackpotu na úkor nižších tříd.,66,360491,1000,25000000,0.5,120000000.0,0.41,0.0475,0.17300000000000001,50000000000.0,25000000000.0,22674100000.0,13536600000.0,166,108,21,954750000.0,0.0,120000000.0,30750000.0,54094750.0,22674100.0,26736841.60835008,26736841.60835008,6,27,12
h3_prize_structure,structure_aggressive,Vyšší skewness,Vyšší podíl jackpotu na úkor nižších tříd.,67,360492,1000,25000000,0.5,120000000.0,0.41,0.0475,0.17300000000000001,50000000000.0,25000000000.0,22662500000.0,13525000000.0,164,139,25,1243500000.0,0.0,120000000.0,20500000.0,56637750.0,22662500.0,26587094.496202476,26587094.496202476,6.192592592592592,26,12
h3_prize_structure,structure_aggressive,Vyšší skewness,Vyšší podíl jackpotu na úkor nižších tříd.,68,360493,1000,25000000,0.5,120000000.0,0.41,0.0475,0.17300000000000001,50000000000.0,25000000000.0,22500150000.0,13362650000.0,146,156,27,1403250000.0,0.0,120000000.0,112750000.0,59227000.0,22500150.0,26554765.15575877,26554765.15575877,6.671875,30,12
h3_prize_structure,structure_aggressive,Vyšší skewness,Vyšší podíl jackpotu na úkor nižších tříd.,69,360494,1000,25000000,0.5,120000000.0,0.41,0.0475,0.17300000000000001,50000000000.0,25000000000.0,22633750000.0,13496250000.0,164,113,24,984250000.0,0.0,120000000.0,10250000.0,54744750.0,22633750.0,26831231.306771964,26831231.306771964,5.929078014184397,24,12
h3_prize_structure,structure_aggressive,Vyšší skewness,Vyšší podíl jackpotu na úkor nižších tříd.,70,360495,1000,25000000,0.5,120000000.0,0.41,0.0475,0.17300000000000001,50000000000.0,25000000000.0,22560350000.0,13422850000.0,171,116,19,1051250000.0,0.0,120000000.0,112750000.0,53900750.0,22560350.0,25856593.557108406,25856593.557108406,5.9640287769784175,31,12
h3_prize_structure,structure_aggressive,Vyšší skewness,Vyšší podíl jackpotu na úkor nižších tříd.,71,360496,1000,25000000,0.5,120000000.0,0.41,0.0475,0.17300000000000001,50000000000.0,25000000000.0,22637350000.0,13499850000.0,165,112,22,988500000.0,0.0,120000000.0,51250000.0,54116500.0,22637350.0,26681653.94943687,26681653.94943687,6.094890510948905,22,12
h3_prize_structure,structure_aggressive,Vyšší skewness,Vyšší podíl jackpotu na úkor nižších tříd.,72,360497,1000,25000000,0.5,120000000.0,0.41,0.0475,0.17300000000000001,50000000000.0,25000000000.0,22683937500.0,13546437500.0,172,107,20,951750000.0,0.0,120000000.0,0.0,52003750.0,22683937.5,25973065.657568105,25973065.657568105,5.594594594594595,40,12
h3_prize_structure,structure_aggressive,Vyšší skewness,Vyšší podíl jackpotu na úkor nižších tříd.,73,360498,1000,25000000,0.5,120000000.0,0.41,0.0475,0.17300000000000001,50000000000.0,25000000000.0,22631325000.0,13493825000.0,144,141,29,1235000000.0,0.0,120000000.0,30750000.0,58304250.0,22631325.0,27419467.200455867,27419467.200455867,6.584615384615384,23,12
h3_prize_structure,structure_aggressive,Vyšší skewness,Vyšší podíl jackpotu na úkor nižších tříd.,74,360499,1000,25000000,0.5,120000000.0,0.41,0.0475,0.17300000000000001,50000000000.0,25000000000.0,22623000000.0,13485500000.0,172,98,18,874000000.0,0.0,120000000.0,10250000.0,51092000.0,22623000.0,25837777.98108808,25837777.98108808,5.447368421052632,37,12
h3_prize_structure,structure_aggressive,Vyšší skewness,Vyšší podíl jackpotu na úkor nižších tříd.,75,360500,1000,25000000,0.5,120000000.0,0.41,0.0475,0.17300000000000001,50000000000.0,25000000000.0,22564650000.0,13427150000.0,163,122,21,1098250000.0,0.0,120000000.0,92250000.0,53530000.0,22564650.0,25743521.959465843,25743521.959465843,5.655405405405405,24,12
h3_prize_structure,structure_aggressive,Vyšší skewness,Vyšší podíl jackpotu na úkor nižších tříd.,76,360501,1000,25000000,0.5,120000000.0,0.41,0.0475,0.17300000000000001,50000000000.0,25000000000.0,22662500000.0,13525000000.0,164,89,23,745500000.0,0.0,120000000.0,0.0,52456250.0,22662500.0,27050541.468702618,27050541.468702618,5.929078014184397,24,12
h3_prize_structure,structure_aggressive,Vyšší skewness,Vyšší podíl jackpotu na úkor nižších tříd.,77,360502,1000,25000000,0.5,120000000.0,0.41,0.0475,0.17300000000000001,50000000000.0,25000000000.0,22587750000.0,13450250000.0,154,186,23,1739750000.0,0.0,120000000.0,51250000.0,60560000.0,22587750.0,25738369.459573384,25738369.459573384,6.768,34,12
h3_prize_structure,structure_aggressive,Vyšší skewness,Vyšší podíl jackpotu na úkor nižších tříd.,78,360503,1000,25000000,0.5,120000000.0,0.41,0.0475,0.17300000000000001,50000000000.0,25000000000.0,22558700000.0,13421200000.0,167,159,21,1477500000.0,0.0,120000000.0,51250000.0,57314000.0,22558700.0,25488464.534177024,25488464.534177024,6.2631578947368425,36,12
h3_prize_structure,structure_aggressive,Vyšší skewness,Vyšší podíl jackpotu na úkor nižších tříd.,79,360504,1000,25000000,0.5,120000000.0,0.41,0.0475,0.17300000000000001,50000000000.0,25000000000.0,22580137500.0,13442637500.0,166,139,19,1287000000.0,0.0,120000000.0,82000000.0,54713250.0,22580137.5,25344986.59769509,25344986.59769509,5.957142857142857,47,12
h3_prize_structure,structure_aggressive,Vyšší skewness,Vyšší podíl jackpotu na úkor nižších tříd.,80,360505,1000,25000000,0.5,120000000.0,0.41,0.0475,0.17300000000000001,50000000000.0,25000000000.0,22669800000.0,13532300000.0,154,145,23,1319500000.0,0.0,120000000.0,0.0,57454250.0,22669800.0,26368742.346953142,26368742.346953142,6.507692307692308,33,12
h3_prize_structure,structure_aggressive,Vyšší skewness,Vyšší podíl jackpotu na úkor nižších tříd.,81,360506,1000,25000000,0.5,120000000.0,0.41,0.0475,0.17300000000000001,50000000000.0,25000000000.0,22656200000.0,13518700000.0,169,149,20,1382250000.0,0.0,120000000.0,0.0,56582500.0,22656200.0,25626100.397056125,25626100.397056125,6.110294117647059,40,12
h3_prize_structure,structure_aggressive,Vyšší skewness,Vyšší podíl jackpotu na úkor nižších tříd.,82,360507,1000,25000000,0.5,120000000.0,0.41,0.0475,0.17300000000000001,50000000000.0,25000000000.0,22649387500.0,13511887500.0,147,162,22,1501000000.0,0.0,120000000.0,30750000.0,59337500.0,22649387.5,26430243.231591605,26430243.231591605,6.511450381679389,33,12
h3_prize_structure,structure_aggressive,Vyšší skewness,Vyšší podíl jackpotu na úkor nižších tříd.,83,360508,1000,25000000,0.5,120000000.0,0.41,0.0475,0.17300000000000001,50000000000.0,25000000000.0,22628300000.0,13490800000.0,176,128,20,1167000000.0,0.0,120000000.0,30750000.0,53365500.0,22628300.0,25463055.474746153,25463055.474746153,5.7622377622377625,31,12
h3_prize_structure,structure_aggressive,Vyšší skewness,Vyšší podíl jackpotu na úkor nižších tříd.,84,360509,1000,25000000,0.5,120000000.0,0.41,0.0475,0.17300000000000001,50000000000.0,25000000000.0,22660650000.0,13523150000.0,173,102,19,907750000.0,0.0,120000000.0,0.0,52087500.0,22660650.0,26002182.486812524,26002182.486812524,5.823943661971831,24,12
h3_prize_structure,structure_aggressive,Vyšší skewness,Vyšší podíl jackpotu na úkor nižších tříd.,85,360510,1000,25000000,0.5,120000000.0,0.41,0.0475,0.17300000000000001,50000000000.0,25000000000.0,22613250000.0,13475750000.0,195,114,19,1030750000.0,0.0,120000000.0,20500000.0,50913750.0,22613250.0,25037546.543890838,25037546.543890838,5.160256410256411,31,12
h3_prize_structure,structure_aggressive,Vyšší skewness,Vyšší podíl jackpotu na úkor nižších tříd.,86,360511,1000,25000000,0.5,120000000.0,0.41,0.0475,0.17300000000000001,50000000000.0,25000000000.0,22609050000.0,13471550000.0,146,138,20,1269500000.0,0.0,120000000.0,61500000.0,57035750.0,22609050.0,26409613.791146208,26409613.791146208,6.569230769230769,35,12
h3_prize_structure,structure_aggressive,Vyšší skewness,Vyšší podíl jackpotu na úkor nižších tříd.,87,360512,1000,25000000,0.5,120000000.0,0.41,0.0475,0.17300000000000001,50000000000.0,25000000000.0,22663850000.0,13526350000.0,168,198,25,1848250000.0,0.0,120000000.0,0.0,59587000.0,22663850.0,24963712.17742866,24963712.17742866,6.028985507246377,44,12
h3_prize_structure,structure_aggressive,Vyšší skewness,Vyšší podíl jackpotu na úkor nižších tříd.,88,360513,1000,25000000,0.5,120000000.0,0.41,0.0475,0.17300000000000001,50000000000.0,25000000000.0,22469337500.0,13331837500.0,176,146,21,1344250000.0,0.0,120000000.0,120000000.0,55590000.0,22469337.5,25212808.6985037,25212808.6985037,6.103703703703704,30,12
h3_prize_structure,structure_aggressive,Vyšší skewness,Vyšší podíl jackpotu na úkor nižších tříd.,89,360514,1000,25000000,0.5,120000000.0,0.41,0.0475,0.17300000000000001,50000000000.0,25000000000.0,22518500000.0,13381000000.0,150,173,24,1599250000.0,0.0,120000000.0,120000000.0,59218250.0,22518500.0,25730602.553185575,25730602.553185575,6.4393939393939394,44,12
h3_prize_structure,structure_aggressive,Vyšší skewness,Vyšší podíl jackpotu na úkor nižších tříd.,90,360515,1000,25000000,0.5,120000000.0,0.41,0.0475,0.17300000000000001,50000000000.0,25000000000.0,22590750000.0,13453250000.0,176,152,21,1405750000.0,0.0,120000000.0,51250000.0,55346500.0,22590750.0,25177920.425195962,25177920.425195962,5.605442176870748,28,12
h3_prize_structure,structure_aggressive,Vyšší skewness,Vyšší podíl jackpotu na úkor nižších tříd.,91,360516,1000,25000000,0.5,120000000.0,0.41,0.0475,0.17300000000000001,50000000000.0,25000000000.0,22661700000.0,13524200000.0,146,210,24,1978500000.0,0.0,120000000.0,30750000.0,63289250.0,22661700.0,25850744.63356907,25850744.63356907,7,30,12
h3_prize_structure,structure_aggressive,Vyšší skewness,Vyšší podíl jackpotu na úkor nižších tříd.,92,360517,1000,25000000,0.5,120000000.0,0.41,0.0475,0.17300000000000001,50000000000.0,25000000000.0,22630750000.0,13493250000.0,207,71,23,561000000.0,0.0,120000000.0,30750000.0,48020750.0,22630750.0,26086384.225060783,26086384.225060783,5.431506849315069,17,12
h3_prize_structure,structure_aggressive,Vyšší skewness,Vyšší podíl jackpotu na úkor nižších tříd.,93,360518,1000,25000000,0.5,120000000.0,0.41,0.0475,0.17300000000000001,50000000000.0,25000000000.0,22648450000.0,13510950000.0,166,122,19,1112750000.0,0.0,120000000.0,30750000.0,53893000.0,22648450.0,25898726.225386064,25898726.225386064,6,27,12
h3_prize_structure,structure_aggressive,Vyšší skewness,Vyšší podíl jackpotu na úkor nižších tříd.,94,360519,1000,25000000,0.5,120000000.0,0.41,0.0475,0.17300000000000001,50000000000.0,25000000000.0,22620500000.0,13483000000.0,178,116,21,1036750000.0,0.0,120000000.0,10250000.0,53640250.0,22620500.0,26264946.311576575,26264946.311576575,5.829787234042553,29,12
h3_prize_structure,structure_aggressive,Vyšší skewness,Vyšší podíl jackpotu na úkor nižších tříd.,95,360520,1000,25000000,0.5,120000000.0,0.41,0.0475,0.17300000000000001,50000000000.0,25000000000.0,22590250000.0,13452750000.0,169,106,19,948750000.0,0.0,120000000.0,82000000.0,52137000.0,22590250.0,25882657.65792802,25882657.65792802,5.811188811188811,20,12
h3_prize_structure,structure_aggressive,Vyšší skewness,Vyšší podíl jackpotu na úkor nižších tříd.,96,360521,1000,25000000,0.5,120000000.0,0.41,0.0475,0.17300000000000001,50000000000.0,25000000000.0,22615050000.0,13477550000.0,168,139,23,1258000000.0,0.0,120000000.0,41000000.0,56426750.0,22615050.0,26300018.65013597,26300018.65013597,6.117647058823529,35,12
h3_prize_structure,structure_aggressive,Vyšší skewness,Vyšší podíl jackpotu na úkor nižších tříd.,97,360522,1000,25000000,0.5,120000000.0,0.41,0.0475,0.17300000000000001,50000000000.0,25000000000.0,22629600000.0,13492100000.0,168,93,20,808250000.0,0.0,120000000.0,41000000.0,52230250.0,22629600.0,26633673.964363236,26633673.964363236,5.777777777777778,24,12
h3_prize_structure,structure_aggressive,Vyšší skewness,Vyšší podíl jackpotu na úkor nižších tříd.,98,360523,1000,25000000,0.5,120000000.0,0.41,0.0475,0.17300000000000001,50000000000.0,25000000000.0,22600137500.0,13462637500.0,175,107,19,959000000.0,0.0,120000000.0,30750000.0,50647750.0,22600137.5,25265619.725970384,25265619.725970384,5.357142857142857,27,12
h3_prize_structure,structure_aggressive,Vyšší skewness,Vyšší podíl jackpotu na úkor nižších tříd.,99,360524,1000,25000000,0.5,120000000.0,0.41,0.0475,0.17300000000000001,50000000000.0,25000000000.0,22639487500.0,13501987500.0,186,101,26,846750000.0,0.0,120000000.0,30750000.0,50512500.0,22639487.5,25893267.144058775,25893267.144058775,5.217948717948718,26,12
h3_prize_structure,structure_aggressive,Vyšší skewness,Vyšší podíl jackpotu na úkor nižších tříd.,100,360525,1000,25000000,0.5,120000000.0,0.41,0.0475,0.17300000000000001,50000000000.0,25000000000.0,22605300000.0,13467800000.0,154,144,28,1273000000.0,0.0,120000000.0,61500000.0,57236500.0,22605300.0,26801553.442104805,26801553.442104805,6.458015267175573,28,12
h3_prize_structure,structure_aggressive,Vyšší skewness,Vyšší podíl jackpotu na úkor nižších tříd.,101,360526,1000,25000000,0.5,120000000.0,0.41,0.0475,0.17300000000000001,50000000000.0,25000000000.0,22653050000.0,13515550000.0,172,139,25,1243500000.0,0.0,120000000.0,10250000.0,55407750.0,22653050.0,26118880.01422534,26118880.01422534,5.914285714285715,28,12
h3_prize_structure,structure_aggressive,Vyšší skewness,Vyšší podíl jackpotu na úkor nižších tříd.,102,360527,1000,25000000,0.5,120000000.0,0.41,0.0475,0.17300000000000001,50000000000.0,25000000000.0,22573637500.0,13436137500.0,160,165,23,1524500000.0,0.0,120000000.0,61500000.0,58245000.0,22573637.5,25830395.761095952,25830395.761095952,6.131386861313868,28,12
h3_prize_structure,structure_aggressive,Vyšší skewness,Vyšší podíl jackpotu na úkor nižších tříd.,103,360528,1000,25000000,0.5,120000000.0,0.41,0.0475,0.17300000000000001,50000000000.0,25000000000.0,22611750000.0,13474250000.0,165,141,26,1256750000.0,0.0,120000000.0,71750000.0,56778250.0,22611750.0,26371802.639135234,26371802.639135234,6.2781954887218046,29,12
h3_prize_structure,structure_aggressive,Vyšší skewness,Vyšší podíl jackpotu na úkor nižších tříd.,104,360529,1000,25000000,0.5,120000000.0,0.41,0.0475,0.17300000000000001,50000000000.0,25000000000.0,22691737500.0,13554237500.0,142,158,22,1460000000.0,0.0,120000000.0,10250000.0,58744750.0,22691737.5,26272326.3746731,26272326.3746731,6.6,34,12
h3_prize_structure,structure_aggressive,Vyšší skewness,Vyšší podíl jackpotu na úkor nižších tříd.,105,360530,1000,25000000,0.5,120000000.0,0.41,0.0475,0.17300000000000001,50000000000.0,25000000000.0,22608237500.0,13470737500.0,173,123,23,1094000000.0,0.0,120000000.0,51250000.0,54107000.0,22608237.5,26151504.971986674,26151504.971986674,5.823943661971831,23,12
h3_prize_structure,structure_aggressive,Vyšší skewness,Vyšší podíl jackpotu na úkor nižších tříd.,106,360531,1000,25000000,0.5,120000000.0,0.41,0.0475,0.17300000000000001,50000000000.0,25000000000.0,22550600000.0,13413100000.0,156,149,23,1360500000.0,0.0,120000000.0,120000000.0,57667750.0,22550600.0,26183976.96378455,26183976.96378455,6.298507462686567,26,12
h3_prize_structure,structure_aggressive,Vyšší skewness,Vyšší podíl jackpotu na úkor nižších tříd.,107,360532,1000,25000000,0.5,120000000.0,0.41,0.0475,0.17300000000000001,50000000000.0,25000000000.0,22601850000.0,13464350000.0,161,200,21,1897750000.0,0.0,120000000.0,20500000.0,60460750.0,22601850.0,24939355.927479364,24939355.927479364,6.503875968992248,44,12
h3_prize_structure,structure_aggressive,Vyšší skewness,Vyšší podíl jackpotu na úkor nižších tříd.,108,360533,1000,25000000,0.5,120000000.0,0.41,0.0475,0.17300000000000001,50000000000.0,25000000000.0,22663850000.0,13526350000.0,163,153,23,1401500000.0,0.0,120000000.0,0.0,56723000.0,22663850.0,25684625.27812115,25684625.27812115,6.0215827338129495,29,12
h3_prize_structure,structure_aggressive,Vyšší skewness,Vyšší podíl jackpotu na úkor nižších tříd.,109,360534,1000,25000000,0.5,120000000.0,0.41,0.0475,0.17300000000000001,50000000000.0,25000000000.0,22644587500.0,13507087500.0,179,132,20,1208000000.0,0.0,120000000.0,0.0,53579000.0,22644587.5,25315855.597058017,25315855.597058017,5.623287671232877,27,12
h3_prize_structure,structure_aggressive,Vyšší skewness,Vyšší podíl jackpotu na úkor nižších tříd.,110,360535,1000,25000000,0.5,120000000.0,0.41,0.0475,0.17300000000000001,50000000000.0,25000000000.0,22628800000.0,13491300000.0,143,195,25,1817500000.0,0.0,120000000.0,20500000.0,61974000.0,22628800.0,26013835.079818584,26013835.079818584,6.911290322580645,47,12
h3_prize_structure,structure_aggressive,Vyšší skewness,Vyšší podíl jackpotu na úkor nižších tříd.,111,360536,1000,25000000,0.5,120000000.0,0.41,0.0475,0.17300000000000001,50000000000.0,25000000000.0,22571900000.0,13434400000.0,163,118,21,1057250000.0,0.0,120000000.0,92250000.0,54249250.0,22571900.0,26143356.620564237,26143356.620564237,5.894366197183099,28,12
h3_prize_structure,structure_aggressive,Vyšší skewness,Vyšší podíl jackpotu na úkor nižších tříd.,112,360537,1000,25000000,0.5,120000000.0,0.41,0.0475,0.17300000000000001,50000000000.0,25000000000.0,22690387500.0,13552887500.0,149,140,23,1268250000.0,0.0,120000000.0,10250000.0,57807500.0,22690387.5,26882540.48180889,26882540.48180889,6.4961832061068705,39,12
h3_prize_structure,structure_aggressive,Vyšší skewness,Vyšší podíl jackpotu na úkor nižších tříd.,113,360538,1000,25000000,0.5,120000000.0,0.41,0.0475,0.17300000000000001,50000000000.0,25000000000.0,22636900000.0,13499400000.0,168,105,25,895000000.0,0.0,120000000.0,41000000.0,52926750.0,22636900.0,26475907.41391124,26475907.41391124,5.777777777777778,28,12
h3_prize_structure,structure_aggressive,Vyšší skewness,Vyšší podíl jackpotu na úkor nižších tříd.,114,360539,1000,25000000,0.5,120000000.0,0.41,0.0475,0.17300000000000001,50000000000.0,25000000000.0,22597050000.0,13459550000.0,179,131,21,1190500000.0,0.0,120000000.0,20500000.0,53861750.0,22597050.0,25488361.045730263,25488361.045730263,5.741258741258742,27,12
h3_prize_structure,structure_aggressive,Vyšší skewness,Vyšší podíl jackpotu na úkor nižších tříd.,115,360540,1000,25000000,0.5,120000000.0,0.41,0.0475,0.17300000000000001,50000000000.0,25000000000.0,22656187500.0,13518687500.0,161,154,20,1433500000.0,0.0,120000000.0,10250000.0,57418250.0,22656187.5,25905791.401173092,25905791.401173092,6.169117647058823,32,12
h3_prize_structure,structure_aggressive,Vyšší skewness,Vyšší podíl jackpotu na úkor nižších tříd.,116,360541,1000,25000000,0.5,120000000.0,0.41,0.0475,0.17300000000000001,50000000000.0,25000000000.0,22683850000.0,13546350000.0,161,149,21,1375000000.0,0.0,120000000.0,0.0,56770000.0,22683850.0,25944530.669825193,25944530.669825193,6.214814814814815,38,12
h3_prize_structure,structure_aggressive,Vyšší skewness,Vyšší podíl jackpotu na úkor nižších tříd.,117,360542,1000,25000000,0.5,120000000.0,0.41,0.0475,0.17300000000000001,50000000000.0,25000000000.0,22493750000.0,13356250000.0,149,145,26,1297750000.0,0.0,120000000.0,120000000.0,57494000.0,22493750.0,26328676.351793684,26328676.351793684,6.546153846153846,26,12
h3_prize_structure,structure_aggressive,Vyšší skewness,Vyšší podíl jackpotu na úkor nižších tříd.,118,360543,1000,25000000,0.5,120000000.0,0.41,0.0475,0.17300000000000001,50000000000.0,25000000000.0,22562500000.0,13425000000.0,157,160,22,1480500000.0,0.0,120000000.0,51250000.0,57508750.0,22562500.0,25554898.13616951,25554898.13616951,6.198529411764706,35,12
h3_prize_structure,structure_aggressive,Vyšší skewness,Vyšší podíl jackpotu na úkor nižších tříd.,119,360544,1000,25000000,0.5,120000000.0,0.41,0.0475,0.17300000000000001,50000000000.0,25000000000.0,22633400000.0,13495900000.0,160,135,23,1217000000.0,0.0,120000000.0,41000000.0,55916000.0,22633400.0,26307712.166587196,26307712.166587196,6.086956521739131,37,12
h3_prize_structure,structure_aggressive,Vyšší skewness,Vyšší podíl jackpotu na úkor nižších tříd.,120,360545,1000,25000000,0.5,120000000.0,0.41,0.0475,0.17300000000000001,50000000000.0,25000000000.0,22675250000.0,13537750000.0,187,70,13,623250000.0,0.0,120000000.0,0.0,48291000.0,22675250.0,25675260.95169239,25675260.95169239,5.313725490196078,26,12
h3_prize_structure,structure_aggressive,Vyšší skewness,Vyšší podíl jackpotu na úkor nižších tříd.,121,360546,1000,25000000,0.5,120000000.0,0.41,0.0475,0.17300000000000001,50000000000.0,25000000000.0,22568950000.0,13431450000.0,155,175,30,1576250000.0,0.0,120000000.0,102500000.0,60614000.0,22568950.0,26630750.61648657,26630750.61648657,6.76,35,12
h3_prize_structure,structure_aggressive,Vyšší skewness,Vyšší podíl jackpotu na úkor nižších tříd.,122,360547,1000,25000000,0.5,120000000.0,0.41,0.0475,0.17300000000000001,50000000000.0,25000000000.0,22521000000.0,13383500000.0,169,108,18,976500000.0,0.0,120000000.0,112750000.0,52394500.0,22521000.0,25668634.731905784,25668634.731905784,5.852112676056338,28,12
h3_prize_structure,structure_aggressive,Vyšší skewness,Vyšší podíl jackpotu na úkor nižších tříd.,123,360548,1000,25000000,0.5,120000000.0,0.41,0.0475,0.17300000000000001,50000000000.0,25000000000.0,22618050000.0,13480550000.0,149,161,24,1476250000.0,0.0,120000000.0,41000000.0,59233750.0,22618050.0,26528445.23709409,26528445.23709409,6.700787401574803,39,12
h3_prize_structure,structure_aggressive,Vyšší skewness,Vyšší podíl jackpotu na úkor nižších tříd.,124,360549,1000,25000000,0.5,120000000.0,0.41,0.0475,0.17300000000000001,50000000000.0,25000000000.0,22666300000.0,13528800000.0,168,149,28,1324250000.0,0.0,120000000.0,10250000.0,56022250.0,22666300.0,26086419.825457077,26086419.825457077,5.7379310344827585,26,12
h3_prize_structure,structure_aggressive,Vyšší skewness,Vyšší podíl jackpotu na úkor nižších tříd.,125,360550,1000,25000000,0.5,120000000.0,0.41,0.0475,0.17300000000000001,50000000000.0,25000000000.0,22515050000.0,13377550000.0,190,122,21,1098250000.0,0.0,120000000.0,120000000.0,51746500.0,22515050.0,24805258.8375429,24805258.8375429,5.259740259740259,37,12
h3_prize_structure,structure_aggressive,Vyšší skewness,Vyšší podíl jackpotu na úkor nižších tříd.,126,360551,1000,25000000,0.5,120000000.0,0.41,0.0475,0.17300000000000001,50000000000.0,25000000000.0,22655250000.0,13517750000.0,177,117,22,1039750000.0,0.0,120000000.0,30750000.0,53322500.0,22655250.0,26162330.45692795,26162330.45692795,5.636986301369863,23,12
h3_prize_structure,structure_aggressive,Vyšší skewness,Vyšší podíl jackpotu na úkor nižších tříd.,127,360552,1000,25000000,0.5,120000000.0,0.41,0.0475,0.17300000000000001,50000000000.0,25000000000.0,22574400000.0,13436900000.0,161,147,22,1347250000.0,0.0,120000000.0,51250000.0,56512500.0,22574400.0,25822480.605859693,25822480.605859693,6.0359712230215825,32,12
h3_prize_structure,structure_aggressive,Vyšší skewness,Vyšší podíl jackpotu na úkor nižších tříd.,128,360553,1000,25000000,0.5,120000000.0,0.41,0.0475,0.17300000000000001,50000000000.0,25000000000.0,22658200000.0,13520700000.0,149,139,19,1287000000.0,0.0,120000000.0,10250000.0,57788250.0,22658200.0,26671306.075256232,26671306.075256232,6.6484375,39,12
h3_prize_structure,structure_aggressive,Vyšší skewness,Vyšší podíl jackpotu na úkor nižších tříd.,129,360554,1000,25000000,0.5,120000000.0,0.41,0.0475,0.17300000000000001,50000000000.0,25000000000.0,22623287500.0,13485787500.0,172,134,27,1177750000.0,0.0,120000000.0,20500000.0,55039250.0,22623287.5,26126833.817908242,26126833.817908242,5.830985915492958,41,12
h3_prize_structure,structure_aggressive,Vyšší skewness,Vyšší podíl jackpotu na úkor nižších tříd.,130,360555,1000,25000000,0.5,120000000.0,0.41,0.0475,0.17300000000000001,50000000000.0,25000000000.0,22534700000.0,13397200000.0,162,161,22,1490750000.0,0.0,120000000.0,102500000.0,57505750.0,22534700.0,25551688.6117141,25551688.6117141,6.446153846153846,54,12
h3_prize_structure,structure_aggressive,Vyšší skewness,Vyšší podíl jackpotu na úkor nižších tříd.,131,360556,1000,25000000,0.5,120000000.0,0.41,0.0475,0.17300000000000001,50000000000.0,25000000000.0,22643850000.0,13506350000.0,166,144,22,1316500000.0,0.0,120000000.0,41000000.0,56316500.0,22643850.0,26023783.44279517,26023783.44279517,6.177777777777778,46,12
h3_prize_structure,structure_aggressive,Vyšší skewness,Vyšší podíl jackpotu na úkor nižších tříd.,132,360557,1000,25000000,0.5,120000000.0,0.41,0.0475,0.17300000000000001,50000000000.0,25000000000.0,22536137500.0,13398637500.0,151,164,25,1499750000.0,0.0,120000000.0,102500000.0,59340500.0,22536137.5,26326692.00141453,26326692.00141453,6.5813953488372094,38,12
h3_prize_structure,structure_aggressive,Vyšší skewness,Vyšší podíl jackpotu na úkor nižších tříd.,133,360558,1000,25000000,0.5,120000000.0,0.41,0.0475,0.17300000000000001,50000000000.0,25000000000.0,22633837500.0,13496337500.0,153,134,20,1228500000.0,0.0,120000000.0,0.0,55797250.0,22633837.5,26211922.86307595,26211922.86307595,6.182481751824818,25,12
h3_prize_structure,structure_aggressive,Vyšší skewness,Vyšší podíl jackpotu na úkor nižších tříd.,134,360559,1000,25000000,0.5,120000000.0,0.41,0.0475,0.17300000000000001,50000000000.0,25000000000.0,22626300000.0,13488800000.0,153,148,25,1335750000.0,0.0,120000000.0,82000000.0,57471750.0,22626300.0,26268519.720570475,26268519.720570475,6.368421052631579,30,12
h3_prize_structure,structure_aggressive,Vyšší skewness,Vyšší podíl jackpotu na úkor nižších tříd.,135,360560,1000,25000000,0.5,120000000.0,0.41,0.0475,0.17300000000000001,50000000000.0,25000000000.0,22624662500.0,13487162500.0,149,157,24,1435250000.0,0.0,120000000.0,0.0,58200250.0,22624662.5,26233567.589633014,26233567.589633014,6.546153846153846,33,12
h3_prize_structure,structure_aggressive,Vyšší skewness,Vyšší podíl jackpotu na úkor nižších tříd.,136,360561,1000,25000000,0.5,120000000.0,0.41,0.0475,0.17300000000000001,50000000000.0,25000000000.0,22629100000.0,13491600000.0,184,129,24,1148250000.0,0.0,120000000.0,10250000.0,53723000.0,22629100.0,25811244.5106779,25811244.5106779,5.589041095890411,36,12
h3_prize_structure,structure_aggressive,Vyšší skewness,Vyšší podíl jackpotu na úkor nižších tříd.,137,360562,1000,25000000,0.5,120000000.0,0.41,0.0475,0.17300000000000001,50000000000.0,25000000000.0,22575900000.0,13438400000.0,159,131,25,1161500000.0,0.0,120000000.0,112750000.0,56344000.0,22575900.0,26518560.560294367,26518560.560294367,6.229629629629629,28,12
h3_prize_structure,structure_aggressive,Vyšší skewness,Vyšší podíl jackpotu na úkor nižších tříd.,138,360563,1000,25000000,0.5,120000000.0,0.41,0.0475,0.17300000000000001,50000000000.0,25000000000.0,22686587500.0,13549087500.0,160,160,24,1466000000.0,0.0,120000000.0,10250000.0,58642250.0,22686587.5,26328975.678159107,26328975.678159107,6.5625,29,12
h3_prize_structure,structure_aggressive,Vyšší skewness,Vyšší podíl jackpotu na úkor nižších tříd.,139,360564,1000,25000000,0.5,120000000.0,0.41,0.0475,0.17300000000000001,50000000000.0,25000000000.0,22478150000.0,13340650000.0,169,133,22,1203750000.0,0.0,120000000.0,120000000.0,54832500.0,22478150.0,25615581.685323875,25615581.685323875,5.731034482758621,37,12
h3_prize_structure,structure_aggressive,Vyšší skewness,Vyšší podíl jackpotu na úkor nižších tříd.,140,360565,1000,25000000,0.5,120000000.0,0.41,0.0475,0.17300000000000001,50000000000.0,25000000000.0,22589450000.0,13451950000.0,157,135,24,1209750000.0,0.0,120000000.0,71750000.0,56923500.0,22589450.0,26807304.157589216,26807304.157589216,6.338345864661654,27,12
h3_prize_structure,structure_aggressive,Vyšší skewness,Vyšší podíl jackpotu na úkor nižších tříd.,141,360566,1000,25000000,0.5,120000000.0,0.41,0.0475,0.17300000000000001,50000000000.0,25000000000.0,22556637500.0,13419137500.0,156,187,23,1750000000.0,0.0,120000000.0,71750000.0,59890750.0,22556637.5,25315279.67157076,25315279.67157076,6.442748091603053,39,12
h3_prize_structure,structure_aggressive,Vyšší skewness,Vyšší podíl jackpotu na úkor nižších tříd.,142,360567,1000,25000000,0.5,120000000.0,0.41,0.0475,0.17300000000000001,50000000000.0,25000000000.0,22626650000.0,13489150000.0,161,134,17,1250250000.0,0.0,120000000.0,20500000.0,54876000.0,22626650.0,25545391.214023322,25545391.214023322,5.8671328671328675,32,12
h3_prize_structure,structure_aggressive,Vyšší skewness,Vyšší podíl jackpotu na úkor nižších tříd.,143,360568,1000,25000000,0.5,120000000.0,0.41,0.0475,0.17300000000000001,50000000000.0,25000000000.0,22635400000.0,13497900000.0,181,125,25,1100000000.0,0.0,120000000.0,30750000.0,54066000.0,22635400.0,26260038.210939452,26260038.210939452,6.022058823529412,26,12
h3_prize_structure,structure_aggressive,Vyšší skewness,Vyšší podíl jackpotu na úkor nižších tříd.,144,360569,1000,25000000,0.5,120000000.0,0.41,0.0475,0.17300000000000001,50000000000.0,25000000000.0,22528800000.0,13391300000.0,156,161,24,1476250000.0,0.0,120000000.0,120000000.0,57952500.0,22528800.0,25798653.56099035,25798653.56099035,6.298507462686567,30,12
h3_prize_structure,structure_aggressive,Vyšší skewness,Vyšší podíl jackpotu na úkor nižších tříd.,145,360570,1000,25000000,0.5,120000000.0,0.41,0.0475,0.17300000000000001,50000000000.0,25000000000.0,22517337500.0,13379837500.0,161,160,23,1473250000.0,0.0,120000000.0,120000000.0,56866000.0,22517337.5,25225949.18070168,25225949.18070168,6.169117647058823,29,12
h3_prize_structure,structure_aggressive,Vyšší skewness,Vyšší podíl jackpotu na úkor nižších tříd.,146,360571,1000,25000000,0.5,120000000.0,0.41,0.0475,0.17300000000000001,50000000000.0,25000000000.0,22628300000.0,13490800000.0,158,198,25,1848250000.0,0.0,120000000.0,20500000.0,60612000.0,22628300.0,25492844.959125295,25492844.959125295,6.1911764705882355,33,12
h3_prize_structure,structure_aggressive,Vyšší skewness,Vyšší podíl jackpotu na úkor nižších tříd.,147,360572,1000,25000000,0.5,120000000.0,0.41,0.0475,0.17300000000000001,50000000000.0,25000000000.0,22615900000.0,13478400000.0,148,170,25,1561250000.0,0.0,120000000.0,61500000.0,60573000.0,22615900.0,26596561.00306955,26596561.00306955,6.870967741935484,55,12
h3_prize_structure,structure_aggressive,Vyšší skewness,Vyšší podíl jackpotu na úkor nižších tříd.,148,360573,1000,25000000,0.5,120000000.0,0.41,0.0475,0.17300000000000001,50000000000.0,25000000000.0,22642350000.0,13504850000.0,176,110,26,939000000.0,0.0,120000000.0,10250000.0,52925000.0,22642350.0,26643806.202896386,26643806.202896386,5.6438356164383565,24,12
h3_prize_structure,structure_aggressive,Vyšší skewness,Vyšší podíl jackpotu na úkor nižších tříd.,149,360574,1000,25000000,0.5,120000000.0,0.41,0.0475,0.17300000000000001,50000000000.0,25000000000.0,22644500000.0,13507000000.0,153,153,26,1379750000.0,0.0,120000000.0,0.0,58761500.0,22644500.0,26783253.531824697,26783253.531824697,6.669291338582677,33,12
h3_prize_structure,structure_aggressive,Vyšší skewness,Vyšší podíl jackpotu na úkor nižších tříd.,150,360575,1000,25000000,0.5,120000000.0,0.41,0.0475,0.17300000000000001,50000000000.0,25000000000.0,22694100000.0,13556600000.0,165,147,19,1369000000.0,0.0,120000000.0,0.0,56380500.0,22694100.0,25641706.947666336,25641706.947666336,6.185185185185185,48,12
h3_prize_structure,structure_aggressive,Vyšší skewness,Vyšší podíl jackpotu na úkor nižších tříd.,151,360576,1000,25000000,0.5,120000000.0,0.41,0.0475,0.17300000000000001,50000000000.0,25000000000.0,22658200000.0,13520700000.0,156,137,24,1230250000.0,0.0,120000000.0,10250000.0,56323000.0,22658200.0,26483995.03020645,26483995.03020645,6.542635658914729,36,12
h3_prize_structure,structure_aggressive,Vyšší skewness,Vyšší podíl jackpotu na úkor nižších tříd.,152,360577,1000,25000000,0.5,120000000.0,0.41,0.0475,0.17300000000000001,50000000000.0,25000000000.0,22610750000.0,13473250000.0,168,109,24,943250000.0,0.0,120000000.0,41000000.0,52799000.0,22610750.0,26341956.968636557,26341956.968636557,5.859154929577465,23,12
h3_prize_structure,structure_aggressive,Vyšší skewness,Vyšší podíl jackpotu na úkor nižších tříd.,153,360578,1000,25000000,0.5,120000000.0,0.41,0.0475,0.17300000000000001,50000000000.0,25000000000.0,22650950000.0,13513450000.0,161,114,26,980000000.0,0.0,120000000.0,0.0,54850250.0,22650950.0,27011780.70023337,27011780.70023337,5.992857142857143,22,12
h3_prize_structure,structure_aggressive,Vyšší skewness,Vyšší podíl jackpotu na úkor nižších tříd.,154,360579,1000,25000000,0.5,120000000.0,0.41,0.0475,0.17300000000000001,50000000000.0,25000000000.0,22575350000.0,13437850000.0,170,114,25,987250000.0,0.0,120000000.0,82000000.0,53586500.0,22575350.0,26404353.23725048,26404353.23725048,5.886524822695035,30,12
h3_prize_structure,structure_aggressive,Vyšší skewness,Vyšší podíl jackpotu na úkor nižších tříd.,155,360580,1000,25000000,0.5,120000000.0,0.41,0.0475,0.17300000000000001,50000000000.0,25000000000.0,22621000000.0,13483500000.0,154,180,25,1663750000.0,0.0,120000000.0,0.0,60051000.0,22621000.0,26038400.66133095,26038400.66133095,6.661417322834645,35,12
h3_prize_structure,structure_aggressive,Vyšší skewness,Vyšší podíl jackpotu na úkor nižších tříd.,156,360581,1000,25000000,0.5,120000000.0,0.41,0.0475,0.17300000000000001,50000000000.0,25000000000.0,22629100000.0,13491600000.0,154,258,24,2470500000.0,0.0,120000000.0,0.0,65851250.0,22629100.0,24488573.216706604,24488573.216706604,6.991735537190083,69,12
h3_prize_structure,structure_aggressive,Vyšší skewness,Vyšší podíl jackpotu na úkor nižších tříd.,157,360582,1000,25000000,0.5,120000000.0,0.41,0.0475,0.17300000000000001,50000000000.0,25000000000.0,22619700000.0,13482200000.0,184,111,18,1007250000.0,0.0,120000000.0,20500000.0,52006250.0,22619700.0,25496254.468254745,25496254.468254745,5.706293706293707,32,12
h3_prize_structure,structure_aggressive,Vyšší skewness,Vyšší podíl jackpotu na úkor nižších tříd.,158,360583,1000,25000000,0.5,120000000.0,0.41,0.0475,0.17300000000000001,50000000000.0,25000000000.0,22692950000.0,13555450000.0,165,153,16,1452250000.0,0.0,120000000.0,0.0,55564250.0,22692950.0,24827228.55651633,24827228.55651633,6.0071942446043165,43,12
h3_prize_structure,structure_aggressive,Vyšší skewness,Vyšší podíl jackpotu na úkor nižších tříd.,159,360584,1000,25000000,0.5,120000000.0,0.41,0.0475,0.17300000000000001,50000000000.0,25000000000.0,22666000000.0,13528500000.0,162,154,20,1433500000.0,0.0,120000000.0,0.0,57551500.0,22666000.0,25622398.287435938,25622398.287435938,6.207407407407407,39,12
h3_prize_structure,structure_aggressive,Vyšší skewness,Vyšší podíl jackpotu na úkor nižších tříd.,160,360585,1000,25000000,0.5,120000000.0,0.41,0.0475,0.17300000000000001,50000000000.0,25000000000.0,22593250000.0,13455750000.0,157,159,23,1463000000.0,0.0,120000000.0,41000000.0,57883750.0,22593250.0,26082931.524993505,26082931.524993505,6.338345864661654,37,12
h3_prize_structure,structure_aggressive,Vyšší skewness,Vyšší podíl jackpotu na úkor nižších tříd.,161,360586,1000,25000000,0.5,120000000.0,0.41,0.0475,0.17300000000000001,50000000000.0,25000000000.0,22524500000.0,13387000000.0,158,156,25,1417750000.0,0.0,120000000.0,120000000.0,57704000.0,22524500.0,25949400.27727038,25949400.27727038,6.101449275362318,25,12
h3_prize_structure,structure_aggressive,Vyšší skewness,Vyšší podíl jackpotu na úkor nižších tříd.,162,360587,1000,25000000,0.5,120000000.0,0.41,0.0475,0.17300000000000001,50000000000.0,25000000000.0,22659000000.0,13521500000.0,155,115,27,983000000.0,0.0,120000000.0,10250000.0,54963000.0,22659000.0,27081723.431126017,27081723.431126017,6.2592592592592595,25,12
h3_prize_structure,structure_aggressive,Vyšší skewness,Vyšší podíl jackpotu na úkor nižších tříd.,163,360588,1000,25000000,0.5,120000000.0,0.41,0.0475,0.17300000000000001,50000000000.0,25000000000.0,22652600000.0,13515100000.0,179,69,14,605750000.0,0.0,120000000.0,0.0,48020250.0,22652600.0,25682913.05985363,25682913.05985363,5.401315789473684,23,12
h3_prize_structure,structure_aggressive,Vyšší skewness,Vyšší podíl jackpotu na úkor nižších tříd.,164,360589,1000,25000000,0.5,120000000.0,0.41,0.0475,0.17300000000000001,50000000000.0,25000000000.0,22525737500.0,13388237500.0,165,136,22,1234500000.0,0.0,120000000.0,120000000.0,55889500.0,22525737.5,25837686.91731796,25837686.91731796,5.964285714285714,49,12
h3_prize_structure,structure_aggressive,Vyšší skewness,Vyšší podíl jackpotu na úkor nižších tříd.,165,360590,1000,25000000,0.5,120000000.0,0.41,0.0475,0.17300000000000001,50000000000.0,25000000000.0,22653537500.0,13516037500.0,163,121,22,1080750000.0,0.0,120000000.0,10250000.0,54663500.0,22653537.5,26448024.19638079,26448024.19638079,5.978571428571429,28,12
h3_prize_structure,structure_aggressive,Vyšší skewness,Vyšší podíl jackpotu na úkor nižších tříd.,166,360591,1000,25000000,0.5,120000000.0,0.41,0.0475,0.17300000000000001,50000000000.0,25000000000.0,22500850000.0,13363350000.0,163,116,24,1015000000.0,0.0,120000000.0,120000000.0,55186750.0,22500850.0,26777607.655978158,26777607.655978158,6.154411764705882,25,12
h3_prize_structure,structure_aggressive,Vyšší skewness,Vyšší podíl jackpotu na úkor nižších tříd.,167,360592,1000,25000000,0.5,120000000.0,0.41,0.0475,0.17300000000000001,50000000000.0,25000000000.0,22660487500.0,13522987500.0,168,132,23,1186250000.0,0.0,120000000.0,0.0,55197250.0,22660487.5,26099643.24791804,26099643.24791804,5.859154929577465,35,12
h3_prize_structure,structure_aggressive,Vyšší skewness,Vyšší podíl jackpotu na úkor nižších tříd.,168,360593,1000,25000000,0.5,120000000.0,0.41,0.0475,0.17300000000000001,50000000000.0,25000000000.0,22668087500.0,13530587500.0,156,146,21,1344250000.0,0.0,120000000.0,0.0,57937250.0,22668087.5,26449671.959186822,26449671.959186822,6.298507462686567,36,12
h3_prize_structure,structure_aggressive,Vyšší skewness,Vyšší podíl jackpotu na úkor nižších tříd.,169,360594,1000,25000000,0.5,120000000.0,0.41,0.0475,0.17300000000000001,50000000000.0,25000000000.0,22652250000.0,13514750000.0,164,149,23,1360500000.0,0.0,120000000.0,10250000.0,56663250.0,22652250.0,25962887.116757642,25962887.116757642,6.057971014492754,32,12
h3_prize_structure,structure_aggressive,Vyšší skewness,Vyšší podíl jackpotu na úkor nižších tříd.,170,360595,1000,25000000,0.5,120000000.0,0.41,0.0475,0.17300000000000001,50000000000.0,25000000000.0,22560850000.0,13423350000.0,167,139,27,1229000000.0,0.0,120000000.0,112750000.0,56541250.0,22560850.0,26549643.96705726,26549643.96705726,5.95,33,12
h3_prize_structure,structure_aggressive,Vyšší skewness,Vyšší podíl jackpotu na úkor nižších tříd.,171,360596,1000,25000000,0.5,120000000.0,0.41,0.0475,0.17300000000000001,50000000000.0,25000000000.0,22574050000.0,13436550000.0,156,145,24,1312250000.0,0.0,120000000.0,92250000.0,57723750.0,22574050.0,26466943.2329746,26466943.2329746,6.645669291338582,25,12
h3_prize_structure,structure_aggressive,Vyšší skewness,Vyšší podíl jackpotu na úkor nižších tříd.,172,360597,1000,25000000,0.5,120000000.0,0.41,0.0475,0.17300000000000001,50000000000.0,25000000000.0,22570325000.0,13432825000.0,166,122,23,1083750000.0,0.0,120000000.0,102500000.0,54878750.0,22570325.0,26323752.12535012,26323752.12535012,6.177777777777778,32,12
h3_prize_structure,structure_aggressive,Vyšší skewness,Vyšší podíl jackpotu na úkor nižších tříd.,173,360598,1000,25000000,0.5,120000000.0,0.41,0.0475,0.17300000000000001,50000000000.0,25000000000.0,22679550000.0,13542050000.0,170,89,21,760000000.0,0.0,120000000.0,10250000.0,53096000.0,22679550.0,27163086.704156063,27163086.704156063,6.1940298507462686,23,12
h3_prize_structure,structure_aggressive,Vyšší skewness,Vyšší podíl jackpotu na úkor nižších tříd.,174,360599,1000,25000000,0.5,120000000.0,0.41,0.0475,0.17300000000000001,50000000000.0,25000000000.0,22586800000.0,13449300000.0,151,136,25,1212750000.0,0.0,120000000.0,51250000.0,57446250.0,22586800.0,27031881.561593156,27031881.561593156,6.5813953488372094,30,12
h3_prize_structure,structure_aggressive,Vyšší skewness,Vyšší podíl jackpotu na úkor nižších tříd.,175,360600,1000,25000000,0.5,120000000.0,0.41,0.0475,0.17300000000000001,50000000000.0,25000000000.0,22627150000.0,13489650000.0,174,159,21,1477500000.0,0.0,120000000.0,41000000.0,56012250.0,22627150.0,25101861.193495195,25101861.193495195,5.816901408450704,35,12
h3_prize_structure,structure_aggressive,Vyšší skewness,Vyšší podíl jackpotu na úkor nižších tříd.,176,360601,1000,25000000,0.5,120000000.0,0.41,0.0475,0.17300000000000001,50000000000.0,25000000000.0,22598787500.0,13461287500.0,156,172,25,1581750000.0,0.0,120000000.0,10250000.0,58742500.0,22598787.5,25820205.4830339,25820205.4830339,6.393939393939394,31,12
h3_prize_structure,structure_aggressive,Vyšší skewness,Vyšší podíl jackpotu na úkor nižších tříd.,177,360602,1000,25000000,0.5,120000000.0,0.41,0.0475,0.17300000000000001,50000000000.0,25000000000.0,22633400000.0,13495900000.0,156,139,24,1250750000.0,0.0,120000000.0,10250000.0,56429750.0,22633400.0,26374702.736523874,26374702.736523874,6.115942028985507,30,12
h3_prize_structure,structure_aggressive,Vyšší skewness,Vyšší podíl jackpotu na úkor nižších tříd.,178,360603,1000,25000000,0.5,120000000.0,0.41,0.0475,0.17300000000000001,50000000000.0,25000000000.0,22633400000.0,13495900000.0,165,117,25,1018000000.0,0.0,120000000.0,0.0,55094500.0,22633400.0,26952552.65165064,26952552.65165064,6.139705882352941,24,12
h3_prize_structure,structure_aggressive,Vyšší skewness,Vyšší podíl jackpotu na úkor nižších tříd.,179,360604,1000,25000000,0.5,120000000.0,0.41,0.0475,0.17300000000000001,50000000000.0,25000000000.0,22636050000.0,13498550000.0,161,120,23,1063250000.0,0.0,120000000.0,20500000.0,54915500.0,22636050.0,26589656.0319516,26589656.0319516,6.079710144927536,30,12
h3_prize_structure,structure_aggressive,Vyšší skewness,Vyšší podíl jackpotu na úkor nižších tříd.,180,360605,1000,25000000,0.5,120000000.0,0.41,0.0475,0.17300000000000001,50000000000.0,25000000000.0,22584537500.0,13447037500.0,157,135,21,1231500000.0,0.0,120000000.0,0.0,56873500.0,22584537.5,26590118.93198945,26590118.93198945,6.291044776119403,34,12
h3_prize_structure,structure_aggressive,Vyšší skewness,Vyšší podíl jackpotu na úkor nižších tříd.,181,360606,1000,25000000,0.5,120000000.0,0.41,0.0475,0.17300000000000001,50000000000.0,25000000000.0,22574487500.0,13436987500.0,152,144,22,1316500000.0,0.0,120000000.0,61500000.0,57105750.0,22574487.5,26158788.996599093,26158788.996599093,6.281481481481482,31,12
h3_prize_structure,structure_aggressive,Vyšší skewness,Vyšší podíl jackpotu na úkor nižších tříd.,182,360607,1000,25000000,0.5,120000000.0,0.41,0.0475,0.17300000000000001,50000000000.0,25000000000.0,22578900000.0,13441400000.0,162,138,27,1218750000.0,0.0,120000000.0,120000000.0,56769750.0,22578900.0,26586901.188179113,26586901.188179113,6.161764705882353,27,12
h3_prize_structure,structure_aggressive,Vyšší skewness,Vyšší podíl jackpotu na úkor nižších tříd.,183,360608,1000,25000000,0.5,120000000.0,0.41,0.0475,0.17300000000000001,50000000000.0,25000000000.0,22683500000.0,13546000000.0,153,146,26,1308000000.0,0.0,120000000.0,10250000.0,57716500.0,22683500.0,26772343.056781564,26772343.056781564,6.32089552238806,25,12
h3_prize_structure,structure_aggressive,Vyšší skewness,Vyšší podíl jackpotu na úkor nižších tříd.,184,360609,1000,25000000,0.5,120000000.0,0.41,0.0475,0.17300000000000001,50000000000.0,25000000000.0,22508300000.0,13370800000.0,142,160,24,1466000000.0,0.0,120000000.0,120000000.0,59585250.0,22508300.0,26224257.112642866,26224257.112642866,6.703125,45,12
h3_prize_structure,structure_aggressive,Vyšší skewness,Vyšší podíl jackpotu na úkor nižších tříd.,185,360610,1000,25000000,0.5,120000000.0,0.41,0.0475,0.17300000000000001,50000000000.0,25000000000.0,22540850000.0,13403350000.0,156,193,23,1811500000.0,0.0,120000000.0,120000000.0,60600500.0,22540850.0,25271639.811802875,25271639.811802875,6.59375,45,12
h3_prize_structure,structure_aggressive,Vyšší skewness,Vyšší podíl jackpotu na úkor nižších tříd.,186,360611,1000,25000000,0.5,120000000.0,0.41,0.0475,0.17300000000000001,50000000000.0,25000000000.0,22596400000.0,13458900000.0,162,154,19,1440750000.0,0.0,120000000.0,92250000.0,56513250.0,22596400.0,25305068.10976805,25305068.10976805,6.072463768115942,42,12
h3_prize_structure,structure_aggressive,Vyšší skewness,Vyšší podíl jackpotu na úkor nižších tříd.,187,360612,1000,25000000,0.5,120000000.0,0.41,0.0475,0.17300000000000001,50000000000.0,25000000000.0,22552250000.0,13414750000.0,176,137,27,1208500000.0,0.0,120000000.0,92250000.0,56014250.0,22552250.0,26469769.217684917,26469769.217684917,5.971014492753623,21,12
h3_prize_structure,structure_aggressive,Vyšší skewness,Vyšší podíl jackpotu na úkor nižších tříd.,188,360613,1000,25000000,0.5,120000000.0,0.41,0.0475,0.17300000000000001,50000000000.0,25000000000.0,22514987500.0,13377487500.0,177,153,18,1437750000.0,0.0,120000000.0,102500000.0,54504250.0,22514987.5,24354578.3022637,24354578.3022637,5.636986301369863,44,12
h3_prize_structure,structure_aggressive,Vyšší skewness,Vyšší podíl jackpotu na úkor nižších tříd.,189,360614,1000,25000000,0.5,120000000.0,0.41,0.0475,0.17300000000000001,50000000000.0,25000000000.0,22535200000.0,13397700000.0,156,173,30,1555750000.0,0.0,120000000.0,102500000.0,58918500.0,22535200.0,26166180.57646167,26166180.57646167,6.0285714285714285,33,12
h3_prize_structure,structure_aggressive,Vyšší skewness,Vyšší podíl jackpotu na úkor nižších tříd.,190,360615,1000,25000000,0.5,120000000.0,0.41,0.0475,0.17300000000000001,50000000000.0,25000000000.0,22624800000.0,13487300000.0,165,138,22,1255000000.0,0.0,120000000.0,0.0,55360750.0,22624800.0,25900310.90469765,25900310.90469765,5.880281690140845,31,12
h3_prize_structure,structure_aggressive,Vyšší skewness,Vyšší podíl jackpotu na úkor nižších tříd.,191,360616,1000,25000000,0.5,120000000.0,0.41,0.0475,0.17300000000000001,50000000000.0,25000000000.0,22613400000.0,13475900000.0,168,97,18,863750000.0,0.0,120000000.0,41000000.0,51699750.0,22613400.0,26149222.367787536,26149222.367787536,5.659863945578231,24,12
h3_prize_structure,structure_aggressive,Vyšší skewness,Vyšší podíl jackpotu na úkor nižších tříd.,192,360617,1000,25000000,0.5,120000000.0,0.41,0.0475,0.17300000000000001,50000000000.0,25000000000.0,22579200000.0,13441700000.0,172,132,19,1215250000.0,0.0,120000000.0,71750000.0,55052000.0,22579200.0,25784283.43700868,25784283.43700868,5.830985915492958,34,12
h3_prize_structure,structure_aggressive,Vyšší skewness,Vyšší podíl jackpotu na úkor nižších tříd.,193,360618,1000,25000000,0.5,120000000.0,0.41,0.0475,0.17300000000000001,50000000000.0,25000000000.0,22638050000.0,13500550000.0,191,90,16,806500000.0,0.0,120000000.0,0.0,50372000.0,22638050.0,25752679.660522707,25752679.660522707,5.287581699346405,35,12
h3_prize_structure,structure_aggressive,Vyšší skewness,Vyšší podíl jackpotu na úkor nižších tříd.,194,360619,1000,25000000,0.5,120000000.0,0.41,0.0475,0.17300000000000001,50000000000.0,25000000000.0,22528250000.0,13390750000.0,164,172,19,1625250000.0,0.0,120000000.0,120000000.0,57023000.0,22528250.0,24398248.696115464,24398248.696115464,6.057971014492754,42,12
h3_prize_structure,structure_aggressive,Vyšší skewness,Vyšší podíl jackpotu na úkor nižších tříd.,195,360620,1000,25000000,0.5,120000000.0,0.41,0.0475,0.17300000000000001,50000000000.0,25000000000.0,22560350000.0,13422850000.0,144,121,22,1080750000.0,0.0,120000000.0,71750000.0,57205500.0,22560350.0,27372239.685080577,27372239.685080577,7.016393442622951,26,12
h3_prize_structure,structure_aggressive,Vyšší skewness,Vyšší podíl jackpotu na úkor nižších tříd.,196,360621,1000,25000000,0.5,120000000.0,0.41,0.0475,0.17300000000000001,50000000000.0,25000000000.0,22546887500.0,13409387500.0,164,152,24,1384000000.0,0.0,120000000.0,112750000.0,56442000.0,22546887.5,25642889.496283248,25642889.496283248,5.9714285714285715,27,12
h3_prize_structure,structure_aggressive,Vyšší skewness,Vyšší podíl jackpotu na úkor nižších tříd.,197,360622,1000,25000000,0.5,120000000.0,0.41,0.0475,0.17300000000000001,50000000000.0,25000000000.0,22598787500.0,13461287500.0,186,124,20,1126000000.0,0.0,120000000.0,30750000.0,52906000.0,22598787.5,25379947.39821369,25379947.39821369,5.575342465753424,26,12
h3_prize_structure,structure_aggressive,Vyšší skewness,Vyšší podíl jackpotu na úkor nižších tříd.,198,360623,1000,25000000,0.5,120000000.0,0.41,0.0475,0.17300000000000001,50000000000.0,25000000000.0,22582150000.0,13444650000.0,153,166,26,1513000000.0,0.0,120000000.0,61500000.0,59450250.0,22582150.0,26447369.980349652,26447369.980349652,6.722222222222222,33,12
h3_prize_structure,structure_aggressive,Vyšší skewness,Vyšší podíl jackpotu na úkor nižších tříd.,199,360624,1000,25000000,0.5,120000000.0,0.41,0.0475,0.17300000000000001,50000000000.0,25000000000.0,22606525000.0,13469025000.0,169,139,22,1265250000.0,0.0,120000000.0,30750000.0,55347500.0,22606525.0,25815857.897557367,25815857.897557367,5.852112676056338,40,12
h3_prize_structure,structure_aggressive,Vyšší skewness,Vyšší podíl jackpotu na úkor nižších tříd.,200,360625,1000,25000000,0.5,120000000.0,0.41,0.0475,0.17300000000000001,50000000000.0,25000000000.0,22652387500.0,13514887500.0,143,211,25,1981500000.0,0.0,120000000.0,20500000.0,62981750.0,22652387.5,25691060.253638692,25691060.253638692,7.024590163934426,40,12
h3_prize_structure,structure_flatter,Nižší skewness,Plošší rozdělení s menším podílem jackpotu.,1,370426,1000,25000000,0.5,120000000.0,0.31,0.08750000000000001,0.233,50000000000.0,25000000000.0,22688137500.0,11050637500.0,162,70,13,493750000.0,0.0,120000000.0,7750000.0,45737250.0,22688137.5,22208465.377809063,22208465.377809063,5.985714285714286,33,16
h3_prize_structure,structure_flatter,Nižší skewness,Plošší rozdělení s menším podílem jackpotu.,2,370427,1000,25000000,0.5,120000000.0,0.31,0.08750000000000001,0.233,50000000000.0,25000000000.0,22651500000.0,11014000000.0,151,89,17,626000000.0,0.0,120000000.0,15500000.0,48002250.0,22651500.0,22446276.367139384,22446276.367139384,6.383458646616542,28,16
h3_prize_structure,structure_flatter,Nižší skewness,Plošší rozdělení s menším podílem jackpotu.,3,370428,1000,25000000,0.5,120000000.0,0.31,0.08750000000000001,0.233,50000000000.0,25000000000.0,22670850000.0,11033350000.0,178,44,9,307250000.0,0.0,120000000.0,15500000.0,40501000.0,22670850.0,21155892.97991224,21155892.97991224,5.372549019607843,28,16
h3_prize_structure,structure_flatter,Nižší skewness,Plošší rozdělení s menším podílem jackpotu.,4,370429,1000,25000000,0.5,120000000.0,0.31,0.08750000000000001,0.233,50000000000.0,25000000000.0,22672150000.0,11034650000.0,144,97,12,706750000.0,0.0,120000000.0,15500000.0,50639500.0,22672150.0,22710832.588822015,22710832.588822015,6.959349593495935,43,16
h3_prize_structure,structure_flatter,Nižší skewness,Plošší rozdělení s menším podílem jackpotu.,5,370430,1000,25000000,0.5,120000000.0,0.31,0.08750000000000001,0.233,50000000000.0,25000000000.0,22561050000.0,10923550000.0,164,73,11,524500000.0,0.0,120000000.0,116250000.0,46321750.0,22561050.0,21809676.531244107,21809676.531244107,6.333333333333333,27,16
h3_prize_structure,structure_flatter,Nižší skewness,Plošší rozdělení s menším podílem jackpotu.,6,370431,1000,25000000,0.5,120000000.0,0.31,0.08750000000000001,0.233,50000000000.0,25000000000.0,22685050000.0,11047550000.0,162,65,12,458750000.0,0.0,120000000.0,7750000.0,46381000.0,22685050.0,22557097.53043374,22557097.53043374,6.253731343283582,30,16
h3_prize_structure,structure_flatter,Nižší skewness,Plošší rozdělení s menším podílem jackpotu.,7,370432,1000,25000000,0.5,120000000.0,0.31,0.08750000000000001,0.233,50000000000.0,25000000000.0,22622200000.0,10984700000.0,150,58,12,404500000.0,0.0,120000000.0,54250000.0,46672500.0,22622200.0,22904844.185455617,22904844.185455617,6.390977443609023,25,16
h3_prize_structure,structure_flatter,Nižší skewness,Plošší rozdělení s menším podílem jackpotu.,8,370433,1000,25000000,0.5,120000000.0,0.31,0.08750000000000001,0.233,50000000000.0,25000000000.0,22693650000.0,11056150000.0,158,95,13,687500000.0,0.0,120000000.0,0.0,47427500.0,22693650.0,21747473.466531694,21747473.466531694,6.427480916030534,36,16
h3_prize_structure,structure_flatter,Nižší skewness,Plošší rozdělení s menším podílem jackpotu.,9,370434,1000,25000000,0.5,120000000.0,0.31,0.08750000000000001,0.233,50000000000.0,25000000000.0,22613625000.0,10976125000.0,164,53,11,369500000.0,0.0,120000000.0,62000000.0,42891000.0,22613625.0,21602187.90242958,21602187.90242958,5.805555555555555,35,16
h3_prize_structure,structure_flatter,Nižší skewness,Plošší rozdělení s menším podílem jackpotu.,10,370435,1000,25000000,0.5,120000000.0,0.31,0.08750000000000001,0.233,50000000000.0,25000000000.0,22633400000.0,10995900000.0,158,102,13,741750000.0,0.0,120000000.0,23250000.0,47608750.0,22633400.0,21541068.2056392,21541068.2056392,6.1911764705882355,41,16
h3_prize_structure,structure_flatter,Nižší skewness,Plošší rozdělení s menším podílem jackpotu.,11,370436,1000,25000000,0.5,120000000.0,0.31,0.08750000000000001,0.233,50000000000.0,25000000000.0,22675837500.0,11038337500.0,171,22,8,140500000.0,0.0,120000000.0,15500000.0,39546500.0,22675837.5,21713717.00860642,21713717.00860642,5.921428571428572,21,16
h3_prize_structure,structure_flatter,Nižší skewness,Plošší rozdělení s menším podílem jackpotu.,12,370437,1000,25000000,0.5,120000000.0,0.31,0.08750000000000001,0.233,50000000000.0,25000000000.0,22634300000.0,10996800000.0,150,71,12,505250000.0,0.0,120000000.0,0.0,46597250.0,22634300.0,22434893.43656439,22434893.43656439,6.589147286821706,42,16
h3_prize_structure,structure_flatter,Nižší skewness,Plošší rozdělení s menším podílem jackpotu.,13,370438,1000,25000000,0.5,120000000.0,0.31,0.08750000000000001,0.233,50000000000.0,25000000000.0,22664400000.0,11026900000.0,162,67,13,470500000.0,0.0,120000000.0,7750000.0,45199000.0,22664400.0,22096596.177692164,22096596.177692164,6.072463768115942,28,16
h3_prize_structure,structure_flatter,Nižší skewness,Plošší rozdělení s menším podílem jackpotu.,14,370439,1000,25000000,0.5,120000000.0,0.31,0.08750000000000001,0.233,50000000000.0,25000000000.0,22613600000.0,10976100000.0,165,73,11,524500000.0,0.0,120000000.0,46500000.0,44787250.0,22613600.0,21550206.03242577,21550206.03242577,5.964285714285714,35,16
h3_prize_structure,structure_flatter,Nižší skewness,Plošší rozdělení s menším podílem jackpotu.,15,370440,1000,25000000,0.5,120000000.0,0.31,0.08750000000000001,0.233,50000000000.0,25000000000.0,22670000000.0,11032500000.0,160,67,10,481750000.0,0.0,120000000.0,0.0,46217750.0,22670000.0,22309546.163021784,22309546.163021784,6.666666666666667,37,16
h3_prize_structure,structure_flatter,Nižší skewness,Plošší rozdělení s menším podílem jackpotu.,16,370441,1000,25000000,0.5,120000000.0,0.31,0.08750000000000001,0.233,50000000000.0,25000000000.0,22643300000.0,11005800000.0,158,70,10,505000000.0,0.0,120000000.0,31000000.0,44423250.0,22643300.0,21492257.794610597,21492257.794610597,5.971631205673759,33,16
h3_prize_structure,structure_flatter,Nižší skewness,Plošší rozdělení s menším podílem jackpotu.,17,370442,1000,25000000,0.5,120000000.0,0.31,0.08750000000000001,0.233,50000000000.0,25000000000.0,22659650000.0,11022150000.0,164,36,11,237750000.0,0.0,120000000.0,38750000.0,43501500.0,22659650.0,22674142.52794359,22674142.52794359,6.057971014492754,25,16
h3_prize_structure,structure_flatter,Nižší skewness,Plošší rozdělení s menším podílem jackpotu.,18,370443,1000,25000000,0.5,120000000.0,0.31,0.08750000000000001,0.233,50000000000.0,25000000000.0,22686650000.0,11049150000.0,181,38,10,257000000.0,0.0,120000000.0,7750000.0,41149000.0,22686650.0,21761990.70116289,21761990.70116289,5.6875,24,16
h3_prize_structure,structure_flatter,Nižší skewness,Plošší rozdělení s menším podílem jackpotu.,19,370444,1000,25000000,0.5,120000000.0,0.31,0.08750000000000001,0.233,50000000000.0,25000000000.0,22687950000.0,11050450000.0,149,86,16,606500000.0,0.0,120000000.0,0.0,48971250.0,22687950.0,22833370.47607076,22833370.47607076,6.700787401574803,32,16
h3_prize_structure,structure_flatter,Nižší skewness,Plošší rozdělení s menším podílem jackpotu.,20,370445,1000,25000000,0.5,120000000.0,0.31,0.08750000000000001,0.233,50000000000.0,25000000000.0,22609300000.0,10971800000.0,168,33,8,225750000.0,0.0,120000000.0,62000000.0,41137750.0,22609300.0,21782714.098798618,21782714.098798618,5.900709219858156,23,16
h3_prize_structure,structure_flatter,Nižší skewness,Plošší rozdělení s menším podílem jackpotu.,21,370446,1000,25000000,0.5,120000000.0,0.31,0.08750000000000001,0.233,50000000000.0,25000000000.0,22602487500.0,10964987500.0,153,94,13,679750000.0,0.0,120000000.0,69750000.0,47563250.0,22602487.5,21737856.931367308,21737856.931367308,6.942622950819672,32,16
h3_prize_structure,structure_flatter,Nižší skewness,Plošší rozdělení s menším podílem jackpotu.,22,370447,1000,25000000,0.5,120000000.0,0.31,0.08750000000000001,0.233,50000000000.0,25000000000.0,22651350000.0,11013850000.0,156,94,13,679750000.0,0.0,120000000.0,23250000.0,47129250.0,22651350.0,21730499.089471,21730499.089471,6.393939393939394,34,16
h3_prize_structure,structure_flatter,Nižší skewness,Plošší rozdělení s menším podílem jackpotu.,23,370448,1000,25000000,0.5,120000000.0,0.31,0.08750000000000001,0.233,50000000000.0,25000000000.0,22668250000.0,11030750000.0,166,55,7,400000000.0,0.0,120000000.0,31000000.0,42014500.0,22668250.0,21129402.013249215,21129402.013249215,5.914893617021277,29,16
h3_prize_structure,structure_flatter,Nižší skewness,Plošší rozdělení s menším podílem jackpotu.,24,370449,1000,25000000,0.5,120000000.0,0.31,0.08750000000000001,0.233,50000000000.0,25000000000.0,22634700000.0,10997200000.0,157,68,12,482000000.0,0.0,120000000.0,31000000.0,45942750.0,22634700.0,22162865.922754664,22162865.922754664,6.484615384615385,30,16
h3_prize_structure,structure_flatter,Nižší skewness,Plošší rozdělení s menším podílem jackpotu.,25,370450,1000,25000000,0.5,120000000.0,0.31,0.08750000000000001,0.233,50000000000.0,25000000000.0,22647200000.0,11009700000.0,159,78,9,570750000.0,0.0,120000000.0,0.0,45425750.0,22647200.0,21492825.015804693,21492825.015804693,6.323308270676692,38,16
h3_prize_structure,structure_flatter,Nižší skewness,Plošší rozdělení s menším podílem jackpotu.,26,370451,1000,25000000,0.5,120000000.0,0.31,0.08750000000000001,0.233,50000000000.0,25000000000.0,22651050000.0,11013550000.0,154,62,12,435500000.0,0.0,120000000.0,31000000.0,46331000.0,22651050.0,22633410.62229685,22633410.62229685,6.507692307692308,34,16
h3_prize_structure,structure_flatter,Nižší skewness,Plošší rozdělení s menším podílem jackpotu.,27,370452,1000,25000000,0.5,120000000.0,0.31,0.08750000000000001,0.233,50000000000.0,25000000000.0,22659287500.0,11021787500.0,162,81,10,590250000.0,0.0,120000000.0,38750000.0,44890750.0,22659287.5,21235628.320080236,21235628.320080236,6.072463768115942,30,16
h3_prize_structure,structure_flatter,Nižší skewness,Plošší rozdělení s menším podílem jackpotu.,28,370453,1000,25000000,0.5,120000000.0,0.31,0.08750000000000001,0.233,50000000000.0,25000000000.0,22624350000.0,10986850000.0,153,76,12,544000000.0,0.0,120000000.0,31000000.0,46251750.0,22624350.0,22094369.974667754,22094369.974667754,6.6171875,48,16
h3_prize_structure,structure_flatter,Nižší skewness,Plošší rozdělení s menším podílem jackpotu.,29,370454,1000,25000000,0.5,120000000.0,0.31,0.08750000000000001,0.233,50000000000.0,25000000000.0,22570100000.0,10932600000.0,151,56,15,377750000.0,0.0,120000000.0,120000000.0,45871000.0,22570100.0,22621137.150682766,22621137.150682766,6.530769230769231,25,16
h3_prize_structure,structure_flatter,Nižší skewness,Plošší rozdělení s menším podílem jackpotu.,30,370455,1000,25000000,0.5,120000000.0,0.31,0.08750000000000001,0.233,50000000000.0,25000000000.0,22565250000.0,10927750000.0,138,123,15,897000000.0,0.0,120000000.0,77500000.0,51462000.0,22565250.0,21996797.03814853,21996797.03814853,7.183333333333334,36,16
h3_prize_structure,structure_flatter,Nižší skewness,Plošší rozdělení s menším podílem jackpotu.,31,370456,1000,25000000,0.5,120000000.0,0.31,0.08750000000000001,0.233,50000000000.0,25000000000.0,22663100000.0,11025600000.0,147,82,9,601750000.0,0.0,120000000.0,31000000.0,47099250.0,22663100.0,21945356.76151108,21945356.76151108,6.716535433070866,35,16
h3_prize_structure,structure_flatter,Nižší skewness,Plošší rozdělení s menším podílem jackpotu.,32,370457,1000,25000000,0.5,120000000.0,0.31,0.08750000000000001,0.233,50000000000.0,25000000000.0,22616687500.0,10979187500.0,176,30,8,202500000.0,0.0,120000000.0,69750000.0,40560750.0,22616687.5,21624042.90792066,21624042.90792066,5.971014492753623,23,16
h3_prize_structure,structure_flatter,Nižší skewness,Plošší rozdělení s menším podílem jackpotu.,33,370458,1000,25000000,0.5,120000000.0,0.31,0.08750000000000001,0.233,50000000000.0,25000000000.0,22565250000.0,10927750000.0,145,68,14,474500000.0,0.0,120000000.0,116250000.0,48229250.0,22565250.0,22915443.044756956,22915443.044756956,6.84,27,16
h3_prize_structure,structure_flatter,Nižší skewness,Plošší rozdělení s menším podílem jackpotu.,34,370459,1000,25000000,0.5,120000000.0,0.31,0.08750000000000001,0.233,50000000000.0,25000000000.0,22639000000.0,11001500000.0,183,19,5,128500000.0,0.0,120000000.0,38750000.0,37159500.0,22639000.0,20818882.751002755,20818882.751002755,5.483221476510067,19,16
h3_prize_structure,structure_flatter,Nižší skewness,Plošší rozdělení s menším podílem jackpotu.,35,370460,1000,25000000,0.5,120000000.0,0.31,0.08750000000000001,0.233,50000000000.0,25000000000.0,22611450000.0,10973950000.0,168,41,7,291500000.0,0.0,120000000.0,62000000.0,41799250.0,22611450.0,21586933.232803125,21586933.232803125,5.900709219858156,35,16
h3_prize_structure,structure_flatter,Nižší skewness,Plošší rozdělení s menším podílem jackpotu.,36,370461,1000,25000000,0.5,120000000.0,0.31,0.08750000000000001,0.233,50000000000.0,25000000000.0,22660950000.0,11023450000.0,149,69,16,474750000.0,0.0,120000000.0,23250000.0,46784000.0,22660950.0,22759105.92702402,22759105.92702402,6.700787401574803,27,16
h3_prize_structure,structure_flatter,Nižší skewness,Plošší rozdělení s menším podílem jackpotu.,37,370462,1000,25000000,0.5,120000000.0,0.31,0.08750000000000001,0.233,50000000000.0,25000000000.0,22569800000.0,10932300000.0,149,76,13,540250000.0,0.0,120000000.0,120000000.0,47185750.0,22569800.0,22177413.238698512,22177413.238698512,6.753968253968254,34,16
h3_prize_structure,structure_flatter,Nižší skewness,Plošší rozdělení s menším podílem jackpotu.,38,370463,1000,25000000,0.5,120000000.0,0.31,0.08750000000000001,0.233,50000000000.0,25000000000.0,22691587500.0,11054087500.0,166,88,14,629500000.0,0.0,120000000.0,0.0,46909250.0,22691587.5,21907642.65926605,21907642.65926605,6.177777777777778,35,16
h3_prize_structure,structure_flatter,Nižší skewness,Plošší rozdělení s menším podílem jackpotu.,39,370464,1000,25000000,0.5,120000000.0,0.31,0.08750000000000001,0.233,50000000000.0,25000000000.0,22647600000.0,11010100000.0,150,107,12,784250000.0,0.0,120000000.0,38750000.0,49320750.0,22647600.0,21818541.409544315,21818541.409544315,6.854838709677419,44,16
h3_prize_structure,structure_flatter,Nižší skewness,Plošší rozdělení s menším podílem jackpotu.,40,370465,1000,25000000,0.5,120000000.0,0.31,0.08750000000000001,0.233,50000000000.0,25000000000.0,22678600000.0,11041100000.0,166,62,12,435500000.0,0.0,120000000.0,0.0,44037000.0,22678600.0,21884933.448379505,21884933.448379505,6.043478260869565,30,16
h3_prize_structure,structure_flatter,Nižší skewness,Plošší rozdělení s menším podílem jackpotu.,41,370466,1000,25000000,0.5,120000000.0,0.31,0.08750000000000001,0.233,50000000000.0,25000000000.0,22636850000.0,10999350000.0,155,56,12,389000000.0,0.0,120000000.0,38750000.0,44409750.0,22636850.0,22224814.275433216,22224814.275433216,6.213235294117647,28,16
h3_prize_structure,structure_flatter,Nižší skewness,Plošší rozdělení s menším podílem jackpotu.,42,370467,1000,25000000,0.5,120000000.0,0.31,0.08750000000000001,0.233,50000000000.0,25000000000.0,22601550000.0,10964050000.0,148,69,11,493500000.0,0.0,120000000.0,69750000.0,47004250.0,22601550.0,22437337.856740046,22437337.856740046,6.604651162790698,45,16
h3_prize_structure,structure_flatter,Nižší skewness,Plošší rozdělení s menším podílem jackpotu.,43,370468,1000,25000000,0.5,120000000.0,0.31,0.08750000000000001,0.233,50000000000.0,25000000000.0,22625500000.0,10988000000.0,156,76,16,529000000.0,0.0,120000000.0,62000000.0,46399500.0,22625500.0,22312788.9281013,22312788.9281013,6.160583941605839,34,16
h3_prize_structure,structure_flatter,Nižší skewness,Plošší rozdělení s menším podílem jackpotu.,44,370469,1000,25000000,0.5,120000000.0,0.31,0.08750000000000001,0.233,50000000000.0,25000000000.0,22669187500.0,11031687500.0,178,68,8,497000000.0,0.0,120000000.0,23250000.0,44136500.0,22669187.5,21445252.347456623,21445252.347456623,5.871428571428571,35,16
h3_prize_structure,structure_flatter,Nižší skewness,Plošší rozdělení s menším podílem jackpotu.,45,370470,1000,25000000,0.5,120000000.0,0.31,0.08750000000000001,0.233,50000000000.0,25000000000.0,22650800000.0,11013300000.0,155,98,18,692000000.0,0.0,120000000.0,15500000.0,50109250.0,22650800.0,22821044.331055492,22821044.331055492,6.6015625,34,16
h3_prize_structure,structure_flatter,Nižší skewness,Plošší rozdělení s menším podílem jackpotu.,46,370471,1000,25000000,0.5,120000000.0,0.31,0.08750000000000001,0.233,50000000000.0,25000000000.0,22626400000.0,10988900000.0,184,60,13,416250000.0,0.0,120000000.0,38750000.0,41708500.0,22626400.0,21183726.96293077,21183726.96293077,5.513513513513513,31,16
h3_prize_structure,structure_flatter,Nižší skewness,Plošší rozdělení s menším podílem jackpotu.,47,370472,1000,25000000,0.5,120000000.0,0.31,0.08750000000000001,0.233,50000000000.0,25000000000.0,22556450000.0,10918950000.0,167,74,13,524750000.0,0.0,120000000.0,120000000.0,45163250.0,22556450.0,21463378.599314228,21463378.599314228,5.95,30,16
h3_prize_structure,structure_flatter,Nižší skewness,Plošší rozdělení s menším podílem jackpotu.,48,370473,1000,25000000,0.5,120000000.0,0.31,0.08750000000000001,0.233,50000000000.0,25000000000.0,22542937500.0,10905437500.0,161,79,13,563500000.0,0.0,120000000.0,120000000.0,45724500.0,22542937.5,21442765.48226333,21442765.48226333,6.0359712230215825,28,16
h3_prize_structure,structure_flatter,Nižší skewness,Plošší rozdělení s menším podílem jackpotu.,49,370474,1000,25000000,0.5,120000000.0,0.31,0.08750000000000001,0.233,50000000000.0,25000000000.0,22625400000.0,10987900000.0,138,133,18,963250000.0,0.0,120000000.0,23250000.0,53565250.0,22625400.0,22598085.42421238,22598085.42421238,7.12396694214876,38,16
h3_prize_structure,structure_flatter,Nižší skewness,Plošší rozdělení s menším podílem jackpotu.,50,370475,1000,25000000,0.5,120000000.0,0.31,0.08750000000000001,0.233,50000000000.0,25000000000.0,22660550000.0,11023050000.0,180,38,8,264500000.0,0.0,120000000.0,7750000.0,39281000.0,22660550.0,20978355.302489754,20978355.302489754,5.290322580645161,25,16
h3_prize_structure,structure_flatter,Nižší skewness,Plošší rozdělení s menším podílem jackpotu.,51,370476,1000,25000000,0.5,120000000.0,0.31,0.08750000000000001,0.233,50000000000.0,25000000000.0,22670850000.0,11033350000.0,169,54,13,369750000.0,0.0,120000000.0,7750000.0,43476250.0,22670850.0,22065391.063325845,22065391.063325845,5.8936170212765955,25,16
h3_prize_structure,structure_flatter,Nižší skewness,Plošší rozdělení s menším podílem jackpotu.,52,370477,1000,25000000,0.5,120000000.0,0.31,0.08750000000000001,0.233,50000000000.0,25000000000.0,22664037500.0,11026537500.0,158,69,10,497250000.0,0.0,120000000.0,23250000.0,45589750.0,22664037.5,22033707.968810964,22033707.968810964,6.378787878787879,27,16
h3_prize_structure,structure_flatter,Nižší skewness,Plošší rozdělení s menším podílem jackpotu.,53,370478,1000,25000000,0.5,120000000.0,0.31,0.08750000000000001,0.233,50000000000.0,25000000000.0,22647600000.0,11010100000.0,168,128,12,947000000.0,0.0,120000000.0,31000000.0,49136000.0,22647600.0,20834177.43132663,20834177.43132663,6.351145038167939,53,16
h3_prize_structure,structure_flatter,Nižší skewness,Plošší rozdělení s menším podílem jackpotu.,54,370479,1000,25000000,0.5,120000000.0,0.31,0.08750000000000001,0.233,50000000000.0,25000000000.0,22679350000.0,11041850000.0,165,67,13,470500000.0,0.0,120000000.0,0.0,43215000.0,22679350.0,21392797.411219973,21392797.411219973,5.880281690140845,31,16
h3_prize_structure,structure_flatter,Nižší skewness,Plošší rozdělení s menším podílem jackpotu.,55,370480,1000,25000000,0.5,120000000.0,0.31,0.08750000000000001,0.233,50000000000.0,25000000000.0,22626800000.0,10989300000.0,170,32,10,210500000.0,0.0,120000000.0,69750000.0,41413250.0,22626800.0,21960666.013579827,21960666.013579827,5.928571428571429,24,16
h3_prize_structure,structure_flatter,Nižší skewness,Plošší rozdělení s menším podílem jackpotu.,56,370481,1000,25000000,0.5,120000000.0,0.31,0.08750000000000001,0.233,50000000000.0,25000000000.0,22670750000.0,11033250000.0,175,51,10,357750000.0,0.0,120000000.0,0.0,42763250.0,22670750.0,21770320.552015305,21770320.552015305,5.4635761589403975,31,16
h3_prize_structure,structure_flatter,Nižší skewness,Plošší rozdělení s menším podílem jackpotu.,57,370482,1000,25000000,0.5,120000000.0,0.31,0.08750000000000001,0.233,50000000000.0,25000000000.0,22660950000.0,11023450000.0,159,61,11,431500000.0,0.0,120000000.0,15500000.0,45075500.0,22660950.0,22122320.800438184,22122320.800438184,6.007142857142857,32,16
h3_prize_structure,structure_flatter,Nižší skewness,Plošší rozdělení s menším podílem jackpotu.,58,370483,1000,25000000,0.5,120000000.0,0.31,0.08750000000000001,0.233,50000000000.0,25000000000.0,22632850000.0,10995350000.0,147,114,12,838500000.0,0.0,120000000.0,23250000.0,49881750.0,22632850.0,21642067.793478053,21642067.793478053,6.76984126984127,44,16
h3_prize_structure,structure_flatter,Nižší skewness,Plošší rozdělení s menším podílem jackpotu.,59,370484,1000,25000000,0.5,120000000.0,0.31,0.08750000000000001,0.233,50000000000.0,25000000000.0,22629950000.0,10992450000.0,160,95,13,687500000.0,0.0,120000000.0,46500000.0,47590250.0,22629950.0,21805035.439033344,21805035.439033344,6.315789473684211,35,16
h3_prize_structure,structure_flatter,Nižší skewness,Plošší rozdělení s menším podílem jackpotu.,60,370485,1000,25000000,0.5,120000000.0,0.31,0.08750000000000001,0.233,50000000000.0,25000000000.0,22682900000.0,11045400000.0,157,91,16,645250000.0,0.0,120000000.0,0.0,47362500.0,22682900.0,22042632.274526563,22042632.274526563,6.435114503816794,28,16
h3_prize_structure,structure_flatter,Nižší skewness,Plošší rozdělení s menším podílem jackpotu.,61,370486,1000,25000000,0.5,120000000.0,0.31,0.08750000000000001,0.233,50000000000.0,25000000000.0,22578750000.0,10941250000.0,148,140,12,1040000000.0,0.0,120000000.0,46500000.0,52242250.0,22578750.0,21466976.05480334,21466976.05480334,7.220338983050848,40,16
h3_prize_structure,structure_flatter,Nižší skewness,Plošší rozdělení s menším podílem jackpotu.,62,370487,1000,25000000,0.5,120000000.0,0.31,0.08750000000000001,0.233,50000000000.0,25000000000.0,22671787500.0,11034287500.0,162,56,10,396500000.0,0.0,120000000.0,0.0,43913500.0,22671787.5,21940253.45594471,21940253.45594471,5.819444444444445,29,16
h3_prize_structure,structure_flatter,Nižší skewness,Plošší rozdělení s menším podílem jackpotu.,63,370488,1000,25000000,0.5,120000000.0,0.31,0.08750000000000001,0.233,50000000000.0,25000000000.0,22688137500.0,11050637500.0,162,68,13,478250000.0,0.0,120000000.0,7750000.0,44722250.0,22688137.5,21911263.871291034,21911263.871291034,6.161764705882353,31,16
h3_prize_structure,structure_flatter,Nižší skewness,Plošší rozdělení s menším podílem jackpotu.,64,370489,1000,25000000,0.5,120000000.0,0.31,0.08750000000000001,0.233,50000000000.0,25000000000.0,22677962500.0,11040462500.0,186,26,5,182750000.0,0.0,120000000.0,23250000.0,37565500.0,22677962.5,20661717.010387685,20661717.010387685,5.217948717948718,27,16
h3_prize_structure,structure_flatter,Nižší skewness,Plošší rozdělení s menším podílem jackpotu.,65,370490,1000,25000000,0.5,120000000.0,0.31,0.08750000000000001,0.233,50000000000.0,25000000000.0,22609300000.0,10971800000.0,165,36,7,252750000.0,0.0,120000000.0,69750000.0,40804000.0,22609300.0,21462657.88549964,21462657.88549964,5.758620689655173,27,16
h3_prize_structure,structure_flatter,Nižší skewness,Plošší rozdělení s menším podílem jackpotu.,66,370491,1000,25000000,0.5,120000000.0,0.31,0.08750000000000001,0.233,50000000000.0,25000000000.0,22578700000.0,10941200000.0,174,79,11,571000000.0,0.0,120000000.0,108500000.0,43918500.0,22578700.0,20784393.214861963,20784393.214861963,5.581081081081081,31,16
h3_prize_structure,structure_flatter,Nižší skewness,Plošší rozdělení s menším podílem jackpotu.,67,370492,1000,25000000,0.5,120000000.0,0.31,0.08750000000000001,0.233,50000000000.0,25000000000.0,22548900000.0,10911400000.0,179,25,7,167500000.0,0.0,120000000.0,116250000.0,38523000.0,22548900.0,20843928.343524884,20843928.343524884,5.585034013605442,21,16
h3_prize_structure,structure_flatter,Nižší skewness,Plošší rozdělení s menším podílem jackpotu.,68,370493,1000,25000000,0.5,120000000.0,0.31,0.08750000000000001,0.233,50000000000.0,25000000000.0,22656200000.0,11018700000.0,168,63,11,447000000.0,0.0,120000000.0,38750000.0,43091250.0,22656200.0,21363800.49429408,21363800.49429408,5.698630136986301,40,16
h3_prize_structure,structure_flatter,Nižší skewness,Plošší rozdělení s menším podílem jackpotu.,69,370494,1000,25000000,0.5,120000000.0,0.31,0.08750000000000001,0.233,50000000000.0,25000000000.0,22671600000.0,11034100000.0,179,24,5,167250000.0,0.0,120000000.0,7750000.0,38534500.0,22671600.0,21126516.240024053,21126516.240024053,5.296774193548387,24,16
h3_prize_structure,structure_flatter,Nižší skewness,Plošší rozdělení s menším podílem jackpotu.,70,370495,1000,25000000,0.5,120000000.0,0.31,0.08750000000000001,0.233,50000000000.0,25000000000.0,22668250000.0,11030750000.0,180,47,8,334250000.0,0.0,120000000.0,38750000.0,40384250.0,22668250.0,20982744.20654982,20982744.20654982,5.290322580645161,30,16
h3_prize_structure,structure_flatter,Nižší skewness,Plošší rozdělení s menším podílem jackpotu.,71,370496,1000,25000000,0.5,120000000.0,0.31,0.08750000000000001,0.233,50000000000.0,25000000000.0,22652200000.0,11014700000.0,150,106,12,776500000.0,0.0,120000000.0,31000000.0,47953000.0,22652200.0,21303557.922563076,21303557.922563076,6.692913385826771,53,16
h3_prize_structure,structure_flatter,Nižší skewness,Plošší rozdělení s menším podílem jackpotu.,72,370497,1000,25000000,0.5,120000000.0,0.31,0.08750000000000001,0.233,50000000000.0,25000000000.0,22677025000.0,11039525000.0,157,84,8,621000000.0,0.0,120000000.0,0.0,46382000.0,22677025.0,21409524.982163314,21409524.982163314,6.198529411764706,62,16
h3_prize_structure,structure_flatter,Nižší skewness,Plošší rozdělení s menším podílem jackpotu.,73,370498,1000,25000000,0.5,120000000.0,0.31,0.08750000000000001,0.233,50000000000.0,25000000000.0,22623100000.0,10985600000.0,154,48,11,330750000.0,0.0,120000000.0,38750000.0,44158750.0,22623100.0,22439284.890343543,22439284.890343543,6.175182481751825,26,16
h3_prize_structure,structure_flatter,Nižší skewness,Plošší rozdělení s menším podílem jackpotu.,74,370499,1000,25000000,0.5,120000000.0,0.31,0.08750000000000001,0.233,50000000000.0,25000000000.0,22653200000.0,11015700000.0,151,105,13,765000000.0,0.0,120000000.0,15500000.0,48526750.0,22653200.0,21744310.744652268,21744310.744652268,6.335820895522388,37,16
h3_prize_structure,structure_flatter,Nižší skewness,Plošší rozdělení s menším podílem jackpotu.,75,370500,1000,25000000,0.5,120000000.0,0.31,0.08750000000000001,0.233,50000000000.0,25000000000.0,22618750000.0,10981250000.0,156,82,10,598000000.0,0.0,120000000.0,69750000.0,48157250.0,22618750.0,22288267.338164713,22288267.338164713,6.542635658914729,40,16
h3_prize_structure,structure_flatter,Nižší skewness,Plošší rozdělení s menším podílem jackpotu.,76,370501,1000,25000000,0.5,120000000.0,0.31,0.08750000000000001,0.233,50000000000.0,25000000000.0,22624437500.0,10986937500.0,170,72,11,516750000.0,0.0,120000000.0,54250000.0,44783500.0,22624437.5,21595272.06276512,21595272.06276512,5.804195804195804,26,16
h3_prize_structure,structure_flatter,Nižší skewness,Plošší rozdělení s menším podílem jackpotu.,77,370502,1000,25000000,0.5,120000000.0,0.31,0.08750000000000001,0.233,50000000000.0,25000000000.0,22605850000.0,10968350000.0,155,84,14,598500000.0,0.0,120000000.0,69750000.0,47723500.0,22605850.0,22309665.355569545,22309665.355569545,6.1678832116788325,30,16
h3_prize_structure,structure_flatter,Nižší skewness,Plošší rozdělení s menším podílem jackpotu.,78,370503,1000,25000000,0.5,120000000.0,0.31,0.08750000000000001,0.233,50000000000.0,25000000000.0,22676450000.0,11038950000.0,175,52,7,376750000.0,0.0,120000000.0,7750000.0,41143000.0,22676450.0,20918610.08522077,20918610.08522077,5.5,35,16
h3_prize_structure,structure_flatter,Nižší skewness,Plošší rozdělení s menším podílem jackpotu.,79,370504,1000,25000000,0.5,120000000.0,0.31,0.08750000000000001,0.233,50000000000.0,25000000000.0,22620987500.0,10983487500.0,158,73,12,520750000.0,0.0,120000000.0,54250000.0,46139750.0,22620987.5,22020103.64828226,22020103.64828226,6.427480916030534,27,16
h3_prize_structure,structure_flatter,Nižší skewness,Plošší rozdělení s menším podílem jackpotu.,80,370505,1000,25000000,0.5,120000000.0,0.31,0.08750000000000001,0.233,50000000000.0,25000000000.0,22637300000.0,10999800000.0,153,90,12,652500000.0,0.0,120000000.0,7750000.0,47071500.0,22637300.0,21795405.564246792,21795405.564246792,6.32089552238806,30,16
h3_prize_structure,structure_flatter,Nižší skewness,Plošší rozdělení s menším podílem jackpotu.,81,370506,1000,25000000,0.5,120000000.0,0.31,0.08750000000000001,0.233,50000000000.0,25000000000.0,22651350000.0,11013850000.0,178,90,14,645000000.0,0.0,120000000.0,23250000.0,44677000.0,22651350.0,21023911.759648822,21023911.759648822,5.591836734693878,37,16
h3_prize_structure,structure_flatter,Nižší skewness,Plošší rozdělení s menším podílem jackpotu.,82,370507,1000,25000000,0.5,120000000.0,0.31,0.08750000000000001,0.233,50000000000.0,25000000000.0,22674600000.0,11037100000.0,173,23,10,140750000.0,0.0,120000000.0,0.0,40054250.0,22674600.0,21901241.97026278,21901241.97026278,5.743055555555555,20,16
h3_prize_structure,structure_flatter,Nižší skewness,Plošší rozdělení s menším podílem jackpotu.,83,370508,1000,25000000,0.5,120000000.0,0.31,0.08750000000000001,0.233,50000000000.0,25000000000.0,22643300000.0,11005800000.0,168,62,9,446750000.0,0.0,120000000.0,38750000.0,43374000.0,22643300.0,21463201.534486882,21463201.534486882,6.028985507246377,27,16
h3_prize_structure,structure_flatter,Nižší skewness,Plošší rozdělení s menším podílem jackpotu.,84,370509,1000,25000000,0.5,120000000.0,0.31,0.08750000000000001,0.233,50000000000.0,25000000000.0,22655437500.0,11017937500.0,179,52,12,358000000.0,0.0,120000000.0,31000000.0,43054000.0,22655437.5,21854301.62095883,21854301.62095883,5.741258741258742,32,16
h3_prize_structure,structure_flatter,Nižší skewness,Plošší rozdělení s menším podílem jackpotu.,85,370510,1000,25000000,0.5,120000000.0,0.31,0.08750000000000001,0.233,50000000000.0,25000000000.0,22665700000.0,11028200000.0,151,58,13,400750000.0,0.0,120000000.0,7750000.0,45824000.0,22665700.0,22761981.20792652,22761981.20792652,6.383458646616542,26,16
h3_prize_structure,structure_flatter,Nižší skewness,Plošší rozdělení s menším podílem jackpotu.,86,370511,1000,25000000,0.5,120000000.0,0.31,0.08750000000000001,0.233,50000000000.0,25000000000.0,22685500000.0,11048000000.0,141,73,15,509500000.0,0.0,120000000.0,0.0,49050250.0,22685500.0,23273196.272751193,23273196.272751193,6.817460317460317,29,16
h3_prize_structure,structure_flatter,Nižší skewness,Plošší rozdělení s menším podílem jackpotu.,87,370512,1000,25000000,0.5,120000000.0,0.31,0.08750000000000001,0.233,50000000000.0,25000000000.0,22611300000.0,10973800000.0,176,64,8,466000000.0,0.0,120000000.0,77500000.0,42300250.0,22611300.0,20687478.51503416,20687478.51503416,5.6438356164383565,35,16
h3_prize_structure,structure_flatter,Nižší skewness,Plošší rozdělení s menším podílem jackpotu.,88,370513,1000,25000000,0.5,120000000.0,0.31,0.08750000000000001,0.233,50000000000.0,25000000000.0,22652750000.0,11015250000.0,165,49,12,334750000.0,0.0,120000000.0,54250000.0,43430250.0,22652750.0,22079508.711416114,22079508.711416114,6.094890510948905,27,16
h3_prize_structure,structure_flatter,Nižší skewness,Plošší rozdělení s menším podílem jackpotu.,89,370514,1000,25000000,0.5,120000000.0,0.31,0.08750000000000001,0.233,50000000000.0,25000000000.0,22669937500.0,11032437500.0,152,95,16,676250000.0,0.0,120000000.0,7750000.0,48679500.0,22669937.5,22222255.59888878,22222255.59888878,6.573643410852713,37,16
h3_prize_structure,structure_flatter,Nižší skewness,Plošší rozdělení s menším podílem jackpotu.,90,370515,1000,25000000,0.5,120000000.0,0.31,0.08750000000000001,0.233,50000000000.0,25000000000.0,22644600000.0,11007100000.0,163,59,5,438500000.0,0.0,120000000.0,31000000.0,42843000.0,22644600.0,21121392.0194669,21121392.0194669,6.154411764705882,45,16
h3_prize_structure,structure_flatter,Nižší skewness,Plošší rozdělení s menším podílem jackpotu.,91,370516,1000,25000000,0.5,120000000.0,0.31,0.08750000000000001,0.233,50000000000.0,25000000000.0,22622200000.0,10984700000.0,152,93,12,675750000.0,0.0,120000000.0,54250000.0,47400500.0,22622200.0,21661940.983208314,21661940.983208314,6.677165354330708,38,16
h3_prize_structure,structure_flatter,Nižší skewness,Plošší rozdělení s menším podílem jackpotu.,92,370517,1000,25000000,0.5,120000000.0,0.31,0.08750000000000001,0.233,50000000000.0,25000000000.0,22686350000.0,11048850000.0,179,29,6,202250000.0,0.0,120000000.0,7750000.0,39161750.0,22686350.0,21198541.722899243,21198541.722899243,5.366013071895424,26,16
h3_prize_structure,structure_flatter,Nižší skewness,Plošší rozdělení s menším podílem jackpotu.,93,370518,1000,25000000,0.5,120000000.0,0.31,0.08750000000000001,0.233,50000000000.0,25000000000.0,22687587500.0,11050087500.0,159,88,12,637000000.0,0.0,120000000.0,0.0,47033000.0,22687587.5,21862185.92881539,21862185.92881539,6.371212121212121,31,16
h3_prize_structure,structure_flatter,Nižší skewness,Plošší rozdělení s menším podílem jackpotu.,94,370519,1000,25000000,0.5,120000000.0,0.31,0.08750000000000001,0.233,50000000000.0,25000000000.0,22680750000.0,11043250000.0,172,83,11,602000000.0,0.0,120000000.0,0.0,44243500.0,22680750.0,20945008.162746083,20945008.162746083,5.710344827586207,54,16
h3_prize_structure,structure_flatter,Nižší skewness,Plošší rozdělení s menším podílem jackpotu.,95,370520,1000,25000000,0.5,120000000.0,0.31,0.08750000000000001,0.233,50000000000.0,25000000000.0,22645450000.0,11007950000.0,168,30,7,206250000.0,0.0,120000000.0,46500000.0,41269750.0,22645450.0,21934336.137606263,21934336.137606263,5.985611510791367,23,16
h3_prize_structure,structure_flatter,Nižší skewness,Plošší rozdělení s menším podílem jackpotu.,96,370521,1000,25000000,0.5,120000000.0,0.31,0.08750000000000001,0.233,50000000000.0,25000000000.0,22654800000.0,11017300000.0,162,112,9,834250000.0,0.0,120000000.0,15500000.0,47591500.0,22654800.0,20844256.80997046,20844256.80997046,6.253731343283582,53,16
h3_prize_structure,structure_flatter,Nižší skewness,Plošší rozdělení s menším podílem jackpotu.,97,370522,1000,25000000,0.5,120000000.0,0.31,0.08750000000000001,0.233,50000000000.0,25000000000.0,22676750000.0,11039250000.0,155,111,15,804000000.0,0.0,120000000.0,0.0,49092000.0,22676750.0,21697892.68425623,21697892.68425623,6.353383458646617,31,16
h3_prize_structure,structure_flatter,Nižší skewness,Plošší rozdělení s menším podílem jackpotu.,98,370523,1000,25000000,0.5,120000000.0,0.31,0.08750000000000001,0.233,50000000000.0,25000000000.0,22664850000.0,11027350000.0,173,57,11,400500000.0,0.0,120000000.0,0.0,43254750.0,22664850.0,21727462.96688824,21727462.96688824,5.992753623188406,31,16
h3_prize_structure,structure_flatter,Nižší skewness,Plošší rozdělení s menším podílem jackpotu.,99,370524,1000,25000000,0.5,120000000.0,0.31,0.08750000000000001,0.233,50000000000.0,25000000000.0,22575700000.0,10938200000.0,161,54,10,381000000.0,0.0,120000000.0,108500000.0,43332500.0,22575700.0,21625276.05627267,21625276.05627267,6.0359712230215825,27,16
h3_prize_structure,structure_flatter,Nižší skewness,Plošší rozdělení s menším podílem jackpotu.,100,370525,1000,25000000,0.5,120000000.0,0.31,0.08750000000000001,0.233,50000000000.0,25000000000.0,22665700000.0,11028200000.0,181,43,9,299500000.0,0.0,120000000.0,7750000.0,40776250.0,22665700.0,21364169.501995627,21364169.501995627,5.6875,26,16
h3_prize_structure,structure_flatter,Nižší skewness,Plošší rozdělení s menším podílem jackpotu.,101,370526,1000,25000000,0.5,120000000.0,0.31,0.08750000000000001,0.233,50000000000.0,25000000000.0,22653200000.0,11015700000.0,156,81,9,594000000.0,0.0,120000000.0,15500000.0,46080250.0,22653200.0,21559652.70499504,21559652.70499504,6.442748091603053,36,16
h3_prize_structure,structure_flatter,Nižší skewness,Plošší rozdělení s menším podílem jackpotu.,102,370527,1000,25000000,0.5,120000000.0,0.31,0.08750000000000001,0.233,50000000000.0,25000000000.0,22673750000.0,11036250000.0,175,73,10,528250000.0,0.0,120000000.0,0.0,44411250.0,22673750.0,21438475.88886626,21438475.88886626,6.0661764705882355,30,16
h3_prize_structure,structure_flatter,Nižší skewness,Plošší rozdělení s menším podílem jackpotu.,103,370528,1000,25000000,0.5,120000000.0,0.31,0.08750000000000001,0.233,50000000000.0,25000000000.0,22667400000.0,11029900000.0,159,64,11,454750000.0,0.0,120000000.0,23250000.0,45761000.0,22667400.0,22323552.970797457,22323552.970797457,6.323308270676692,31,16
h3_prize_structure,structure_flatter,Nižší skewness,Plošší rozdělení s menším podílem jackpotu.,104,370529,1000,25000000,0.5,120000000.0,0.31,0.08750000000000001,0.233,50000000000.0,25000000000.0,22656200000.0,11018700000.0,171,46,10,319000000.0,0.0,120000000.0,46500000.0,42775500.0,22656200.0,21928367.963895533,21928367.963895533,5.838028169014085,30,16
h3_prize_structure,structure_flatter,Nižší skewness,Plošší rozdělení s menším podílem jackpotu.,105,370530,1000,25000000,0.5,120000000.0,0.31,0.08750000000000001,0.233,50000000000.0,25000000000.0,22572887500.0,10935387500.0,177,37,6,264250000.0,0.0,120000000.0,120000000.0,39494000.0,22572887.5,20602939.2337257,20602939.2337257,5.450331125827814,27,16
h3_prize_structure,structure_flatter,Nižší skewness,Plošší rozdělení s menším podílem jackpotu.,106,370531,1000,25000000,0.5,120000000.0,0.31,0.08750000000000001,0.233,50000000000.0,25000000000.0,22664700000.0,11027200000.0,155,57,12,396750000.0,0.0,120000000.0,7750000.0,44816500.0,22664700.0,22342959.045524836,22342959.045524836,6.401515151515151,25,16
h3_prize_structure,structure_flatter,Nižší skewness,Plošší rozdělení s menším podílem jackpotu.,107,370532,1000,25000000,0.5,120000000.0,0.31,0.08750000000000001,0.233,50000000000.0,25000000000.0,22665700000.0,11028200000.0,159,83,14,590750000.0,0.0,120000000.0,15500000.0,47944500.0,22665700.0,22505900.637610573,22505900.637610573,6.371212121212121,32,16
h3_prize_structure,structure_flatter,Nižší skewness,Plošší rozdělení s menším podílem jackpotu.,108,370533,1000,25000000,0.5,120000000.0,0.31,0.08750000000000001,0.233,50000000000.0,25000000000.0,22676450000.0,11038950000.0,161,27,9,175500000.0,0.0,120000000.0,15500000.0,42188750.0,22676450.0,22504964.405603934,22504964.405603934,6.124087591240876,21,16
h3_prize_structure,structure_flatter,Nižší skewness,Plošší rozdělení s menším podílem jackpotu.,109,370534,1000,25000000,0.5,120000000.0,0.31,0.08750000000000001,0.233,50000000000.0,25000000000.0,22617450000.0,10979950000.0,190,30,7,206250000.0,0.0,120000000.0,85250000.0,39231500.0,22617450.0,21102636.39921562,21102636.39921562,5.364238410596027,27,16
h3_prize_structure,structure_flatter,Nižší skewness,Plošší rozdělení s menším podílem jackpotu.,110,370535,1000,25000000,0.5,120000000.0,0.31,0.08750000000000001,0.233,50000000000.0,25000000000.0,22629550000.0,10992050000.0,168,74,12,528500000.0,0.0,120000000.0,31000000.0,43849500.0,22629550.0,21239589.433355343,21239589.433355343,5.859154929577465,31,16
h3_prize_structure,structure_flatter,Nižší skewness,Plošší rozdělení s menším podílem jackpotu.,111,370536,1000,25000000,0.5,120000000.0,0.31,0.08750000000000001,0.233,50000000000.0,25000000000.0,22655887500.0,11018387500.0,157,73,15,509500000.0,0.0,120000000.0,0.0,45609250.0,22655887.5,22164601.65993501,22164601.65993501,6.2444444444444445,26,16
h3_prize_structure,structure_flatter,Nižší skewness,Plošší rozdělení s menším podílem jackpotu.,112,370537,1000,25000000,0.5,120000000.0,0.31,0.08750000000000001,0.233,50000000000.0,25000000000.0,22670850000.0,11033350000.0,174,61,10,435250000.0,0.0,120000000.0,0.0,42366750.0,22670850.0,21112594.17450873,21112594.17450873,5.619047619047619,29,16
h3_prize_structure,structure_flatter,Nižší skewness,Plošší rozdělení s menším podílem jackpotu.,113,370538,1000,25000000,0.5,120000000.0,0.31,0.08750000000000001,0.233,50000000000.0,25000000000.0,22658800000.0,11021300000.0,185,37,7,260500000.0,0.0,120000000.0,15500000.0,38072000.0,22658800.0,20425215.11661505,20425215.11661505,5.1257861635220126,30,16
h3_prize_structure,structure_flatter,Nižší skewness,Plošší rozdělení s menším podílem jackpotu.,114,370539,1000,25000000,0.5,120000000.0,0.31,0.08750000000000001,0.233,50000000000.0,25000000000.0,22675900000.0,11038400000.0,178,60,12,420000000.0,0.0,120000000.0,0.0,42092000.0,22675900.0,21208003.776640553,21208003.776640553,5.591836734693878,28,16
h3_prize_structure,structure_flatter,Nižší skewness,Plošší rozdělení s menším podílem jackpotu.,115,370540,1000,25000000,0.5,120000000.0,0.31,0.08750000000000001,0.233,50000000000.0,25000000000.0,22643300000.0,11005800000.0,178,117,15,850500000.0,0.0,120000000.0,0.0,47983000.0,22643300.0,21062461.159845494,21062461.159845494,5.829787234042553,39,16
h3_prize_structure,structure_flatter,Nižší skewness,Plošší rozdělení s menším podílem jackpotu.,116,370541,1000,25000000,0.5,120000000.0,0.31,0.08750000000000001,0.233,50000000000.0,25000000000.0,22654500000.0,11017000000.0,159,82,14,583000000.0,0.0,120000000.0,7750000.0,46731750.0,22654500.0,22096158.144573458,22096158.144573458,6.276119402985074,29,16
h3_prize_structure,structure_flatter,Nižší skewness,Plošší rozdělení s menším podílem jackpotu.,117,370542,1000,25000000,0.5,120000000.0,0.31,0.08750000000000001,0.233,50000000000.0,25000000000.0,22663950000.0,11026450000.0,156,80,11,578750000.0,0.0,120000000.0,23250000.0,46913750.0,22663950.0,22054243.421561755,22054243.421561755,6.442748091603053,29,16
h3_prize_structure,structure_flatter,Nižší skewness,Plošší rozdělení s menším podílem jackpotu.,118,370543,1000,25000000,0.5,120000000.0,0.31,0.08750000000000001,0.233,50000000000.0,25000000000.0,22614750000.0,10977250000.0,151,84,11,609750000.0,0.0,120000000.0,62000000.0,47711500.0,22614750.0,22145061.97637523,22145061.97637523,6.431818181818182,33,16
h3_prize_structure,structure_flatter,Nižší skewness,Plošší rozdělení s menším podílem jackpotu.,119,370544,1000,25000000,0.5,120000000.0,0.31,0.08750000000000001,0.233,50000000000.0,25000000000.0,22678237500.0,11040737500.0,160,74,11,532250000.0,0.0,120000000.0,15500000.0,44721250.0,22678237.5,21492144.124071095,21492144.124071095,5.957446808510638,28,16
h3_prize_structure,structure_flatter,Nižší skewness,Plošší rozdělení s menším podílem jackpotu.,120,370545,1000,25000000,0.5,120000000.0,0.31,0.08750000000000001,0.233,50000000000.0,25000000000.0,22665700000.0,11028200000.0,160,44,7,314750000.0,0.0,120000000.0,15500000.0,42787000.0,22665700.0,21895838.38335495,21895838.38335495,5.957446808510638,28,16
h3_prize_structure,structure_flatter,Nižší skewness,Plošší rozdělení s menším podílem jackpotu.,121,370546,1000,25000000,0.5,120000000.0,0.31,0.08750000000000001,0.233,50000000000.0,25000000000.0,22639387500.0,11001887500.0,149,101,16,722750000.0,0.0,120000000.0,0.0,50337250.0,22639387.5,22749074.734614894,22749074.734614894,6.808,35,16
h3_prize_structure,structure_flatter,Nižší skewness,Plošší rozdělení s menším podílem jackpotu.,122,370547,1000,25000000,0.5,120000000.0,0.31,0.08750000000000001,0.233,50000000000.0,25000000000.0,22658250000.0,11020750000.0,155,54,10,381000000.0,0.0,120000000.0,15500000.0,44936750.0,22658250.0,22388575.645572007,22388575.645572007,6.401515151515151,33,16
h3_prize_structure,structure_flatter,Nižší skewness,Plošší rozdělení s menším podílem jackpotu.,123,370548,1000,25000000,0.5,120000000.0,0.31,0.08750000000000001,0.233,50000000000.0,25000000000.0,22620900000.0,10983400000.0,162,71,13,501500000.0,0.0,120000000.0,77500000.0,45485250.0,22620900.0,21945513.73720834,21945513.73720834,6.396946564885496,36,16
h3_prize_structure,structure_flatter,Nižší skewness,Plošší rozdělení s menším podílem jackpotu.,124,370549,1000,25000000,0.5,120000000.0,0.31,0.08750000000000001,0.233,50000000000.0,25000000000.0,22657887500.0,11020387500.0,165,58,8,419500000.0,0.0,120000000.0,23250000.0,42634250.0,22657887.5,21267842.25523581,21267842.25523581,5.680272108843537,34,16
h3_prize_structure,structure_flatter,Nižší skewness,Plošší rozdělení s menším podílem jackpotu.,125,370550,1000,25000000,0.5,120000000.0,0.31,0.08750000000000001,0.233,50000000000.0,25000000000.0,22672150000.0,11034650000.0,182,45,11,307500000.0,0.0,120000000.0,0.0,40667750.0,22672150.0,21260287.906740587,21260287.906740587,5.489932885906041,28,16
h3_prize_structure,structure_flatter,Nižší skewness,Plošší rozdělení s menším podílem jackpotu.,126,370551,1000,25000000,0.5,120000000.0,0.31,0.08750000000000001,0.233,50000000000.0,25000000000.0,22639450000.0,11001950000.0,184,48,7,345750000.0,0.0,120000000.0,7750000.0,40934250.0,22639450.0,20977994.68961464,20977994.68961464,5.476510067114094,28,16
h3_prize_structure,structure_flatter,Nižší skewness,Plošší rozdělení s menším podílem jackpotu.,127,370552,1000,25000000,0.5,120000000.0,0.31,0.08750000000000001,0.233,50000000000.0,25000000000.0,22663500000.0,11026000000.0,162,59,11,416000000.0,0.0,120000000.0,46500000.0,44913000.0,22663500.0,22215465.73335792,22215465.73335792,6.253731343283582,29,16
h3_prize_structure,structure_flatter,Nižší skewness,Plošší rozdělení s menším podílem jackpotu.,128,370553,1000,25000000,0.5,120000000.0,0.31,0.08750000000000001,0.233,50000000000.0,25000000000.0,22663550000.0,11026050000.0,179,32,8,218000000.0,0.0,120000000.0,7750000.0,39708000.0,22663550.0,21411230.55542348,21411230.55542348,5.510067114093959,21,16
h3_prize_structure,structure_flatter,Nižší skewness,Plošší rozdělení s menším podílem jackpotu.,129,370554,1000,25000000,0.5,120000000.0,0.31,0.08750000000000001,0.233,50000000000.0,25000000000.0,22621350000.0,10983850000.0,174,18,7,113250000.0,0.0,120000000.0,62000000.0,38760250.0,22621350.0,21482764.525951963,21482764.525951963,5.581081081081081,20,16
h3_prize_structure,structure_flatter,Nižší skewness,Plošší rozdělení s menším podílem jackpotu.,130,370555,1000,25000000,0.5,120000000.0,0.31,0.08750000000000001,0.233,50000000000.0,25000000000.0,22715600000.0,11078100000.0,146,144,15,1059750000.0,0.0,120000000.0,0.0,53160500.0,22715600.0,21841750.768654056,21841750.768654056,7.116666666666666,36,16
h3_prize_structure,structure_flatter,Nižší skewness,Plošší rozdělení s menším podílem jackpotu.,131,370556,1000,25000000,0.5,120000000.0,0.31,0.08750000000000001,0.233,50000000000.0,25000000000.0,22675150000.0,11037650000.0,178,39,5,283500000.0,0.0,120000000.0,15500000.0,40404250.0,22675150.0,21121073.599073984,21121073.599073984,5.554054054054054,43,16
h3_prize_structure,structure_flatter,Nižší skewness,Plošší rozdělení s menším podílem jackpotu.,132,370557,1000,25000000,0.5,120000000.0,0.31,0.08750000000000001,0.233,50000000000.0,25000000000.0,22526287500.0,10888787500.0,165,67,14,466750000.0,0.0,120000000.0,120000000.0,45117750.0,22526287.5,21814633.657790218,21814633.657790218,5.964285714285714,25,16
h3_prize_structure,structure_flatter,Nižší skewness,Plošší rozdělení s menším podílem jackpotu.,133,370558,1000,25000000,0.5,120000000.0,0.31,0.08750000000000001,0.233,50000000000.0,25000000000.0,22671787500.0,11034287500.0,171,43,12,288250000.0,0.0,120000000.0,15500000.0,43500750.0,22671787.5,22481093.65024517,22481093.65024517,5.879432624113475,24,16
h3_prize_structure,structure_flatter,Nižší skewness,Plošší rozdělení s menším podílem jackpotu.,134,370559,1000,25000000,0.5,120000000.0,0.31,0.08750000000000001,0.233,50000000000.0,25000000000.0,22652350000.0,11014850000.0,156,46,11,315250000.0,0.0,120000000.0,15500000.0,44608500.0,22652350.0,22686137.550881155,22686137.550881155,6.645669291338582,23,16
h3_prize_structure,structure_flatter,Nižší skewness,Plošší rozdělení s menším podílem jackpotu.,135,370560,1000,25000000,0.5,120000000.0,0.31,0.08750000000000001,0.233,50000000000.0,25000000000.0,22630337500.0,10992837500.0,153,98,17,695750000.0,0.0,120000000.0,46500000.0,49772000.0,22630337.5,22604883.593868468,22604883.593868468,6.830645161290323,41,16
h3_prize_structure,structure_flatter,Nižší skewness,Plošší rozdělení s menším podílem jackpotu.,136,370561,1000,25000000,0.5,120000000.0,0.31,0.08750000000000001,0.233,50000000000.0,25000000000.0,22642475000.0,11004975000.0,152,76,15,532750000.0,0.0,120000000.0,23250000.0,48317500.0,22642475.0,22917441.091598228,22917441.091598228,6.677165354330708,38,16
h3_prize_structure,structure_flatter,Nižší skewness,Plošší rozdělení s menším podílem jackpotu.,137,370562,1000,25000000,0.5,120000000.0,0.31,0.08750000000000001,0.233,50000000000.0,25000000000.0,22638150000.0,11000650000.0,168,42,9,291750000.0,0.0,120000000.0,23250000.0,42198500.0,22638150.0,21839877.336594637,21839877.336594637,5.942857142857143,27,16
h3_prize_structure,structure_flatter,Nižší skewness,Plošší rozdělení s menším podílem jackpotu.,138,370563,1000,25000000,0.5,120000000.0,0.31,0.08750000000000001,0.233,50000000000.0,25000000000.0,22611050000.0,10973550000.0,157,72,11,516750000.0,0.0,120000000.0,7750000.0,45744500.0,22611050.0,21984719.36135415,21984719.36135415,6.153284671532846,36,16
h3_prize_structure,structure_flatter,Nižší skewness,Plošší rozdělení s menším podílem jackpotu.,139,370564,1000,25000000,0.5,120000000.0,0.31,0.08750000000000001,0.233,50000000000.0,25000000000.0,22675600000.0,11038100000.0,162,45,12,303750000.0,0.0,120000000.0,0.0,43748500.0,22675600.0,22474308.10147445,22474308.10147445,5.985714285714286,24,16
h3_prize_structure,structure_flatter,Nižší skewness,Plošší rozdělení s menším podílem jackpotu.,140,370565,1000,25000000,0.5,120000000.0,0.31,0.08750000000000001,0.233,50000000000.0,25000000000.0,22667575000.0,11030075000.0,186,41,13,269000000.0,0.0,120000000.0,0.0,40606500.0,22667575.0,21607595.514815502,21607595.514815502,5.0875,21,16
h3_prize_structure,structure_flatter,Nižší skewness,Plošší rozdělení s menším podílem jackpotu.,141,370566,1000,25000000,0.5,120000000.0,0.31,0.08750000000000001,0.233,50000000000.0,25000000000.0,22650200000.0,11012700000.0,149,80,14,567500000.0,0.0,120000000.0,0.0,47793750.0,22650200.0,22445732.555655207,22445732.555655207,6.398496240601504,33,16
h3_prize_structure,structure_flatter,Nižší skewness,Plošší rozdělení s menším podílem jackpotu.,142,370567,1000,25000000,0.5,120000000.0,0.31,0.08750000000000001,0.233,50000000000.0,25000000000.0,22651050000.0,11013550000.0,186,56,7,407750000.0,0.0,120000000.0,15500000.0,41111500.0,22651050.0,20795741.785218917,20795741.785218917,5.285714285714286,33,16
h3_prize_structure,structure_flatter,Nižší skewness,Plošší rozdělení s menším podílem jackpotu.,143,370568,1000,25000000,0.5,120000000.0,0.31,0.08750000000000001,0.233,50000000000.0,25000000000.0,22565437500.0,10927937500.0,150,100,14,722500000.0,0.0,120000000.0,120000000.0,49240500.0,22565437.5,21905620.211257286,21905620.211257286,6.854838709677419,28,16
h3_prize_structure,structure_flatter,Nižší skewness,Plošší rozdělení s menším podílem jackpotu.,144,370569,1000,25000000,0.5,120000000.0,0.31,0.08750000000000001,0.233,50000000000.0,25000000000.0,22627887500.0,10990387500.0,171,51,8,365250000.0,0.0,120000000.0,54250000.0,42065500.0,22627887.5,21306257.58887735,21306257.58887735,5.921428571428572,38,16
h3_prize_structure,structure_flatter,Nižší skewness,Plošší rozdělení s menším podílem jackpotu.,145,370570,1000,25000000,0.5,120000000.0,0.31,0.08750000000000001,0.233,50000000000.0,25000000000.0,22623800000.0,10986300000.0,137,132,18,955500000.0,0.0,120000000.0,31000000.0,53755250.0,22623800.0,22686866.32305132,22686866.32305132,7.5701754385964914,37,16
h3_prize_structure,structure_flatter,Nižší skewness,Plošší rozdělení s menším podílem jackpotu.,146,370571,1000,25000000,0.5,120000000.0,0.31,0.08750000000000001,0.233,50000000000.0,25000000000.0,22667000000.0,11029500000.0,168,53,11,369500000.0,0.0,120000000.0,0.0,43456750.0,22667000.0,21996580.097824298,21996580.097824298,5.777777777777778,26,16
h3_prize_structure,structure_flatter,Nižší skewness,Plošší rozdělení s menším podílem jackpotu.,147,370572,1000,25000000,0.5,120000000.0,0.31,0.08750000000000001,0.233,50000000000.0,25000000000.0,22612300000.0,10974800000.0,142,94,17,664750000.0,0.0,120000000.0,62000000.0,49516750.0,22612300.0,22701221.74487532,22701221.74487532,6.975609756097561,31,16
h3_prize_structure,structure_flatter,Nižší skewness,Plošší rozdělení s menším podílem jackpotu.,148,370573,1000,25000000,0.5,120000000.0,0.31,0.08750000000000001,0.233,50000000000.0,25000000000.0,22657500000.0,11020000000.0,178,92,11,671750000.0,0.0,120000000.0,0.0,43610750.0,22657500.0,20257006.041120686,20257006.041120686,5.169811320754717,66,16
h3_prize_structure,structure_flatter,Nižší skewness,Plošší rozdělení s menším podílem jackpotu.,149,370574,1000,25000000,0.5,120000000.0,0.31,0.08750000000000001,0.233,50000000000.0,25000000000.0,22562800000.0,10925300000.0,159,42,11,284250000.0,0.0,120000000.0,100750000.0,42966000.0,22562800.0,22097584.962162722,22097584.962162722,6.276119402985074,24,16
h3_prize_structure,structure_flatter,Nižší skewness,Plošší rozdělení s menším podílem jackpotu.,150,370575,1000,25000000,0.5,120000000.0,0.31,0.08750000000000001,0.233,50000000000.0,25000000000.0,22590437500.0,10952937500.0,181,29,6,202250000.0,0.0,120000000.0,85250000.0,38557250.0,22590437.5,20801557.182452563,20801557.182452563,5.352941176470588,22,16
h3_prize_structure,structure_flatter,Nižší skewness,Plošší rozdělení s menším podílem jackpotu.,151,370576,1000,25000000,0.5,120000000.0,0.31,0.08750000000000001,0.233,50000000000.0,25000000000.0,22681900000.0,11044400000.0,173,77,10,559250000.0,0.0,120000000.0,23250000.0,44589000.0,22681900.0,21270262.74849467,21270262.74849467,5.783216783216783,35,16
h3_prize_structure,structure_flatter,Nižší skewness,Plošší rozdělení s menším podílem jackpotu.,152,370577,1000,25000000,0.5,120000000.0,0.31,0.08750000000000001,0.233,50000000000.0,25000000000.0,22625275000.0,10987775000.0,158,81,10,590250000.0,0.0,120000000.0,7750000.0,46712000.0,22625275.0,21949360.41748996,21949360.41748996,6.378787878787879,28,16
h3_prize_structure,structure_flatter,Nižší skewness,Plošší rozdělení s menším podílem jackpotu.,153,370578,1000,25000000,0.5,120000000.0,0.31,0.08750000000000001,0.233,50000000000.0,25000000000.0,22667400000.0,11029900000.0,166,61,9,439000000.0,0.0,120000000.0,7750000.0,43633750.0,22667400.0,21569575.03614756,21569575.03614756,6.043478260869565,32,16
h3_prize_structure,structure_flatter,Nižší skewness,Plošší rozdělení s menším podílem jackpotu.,154,370579,1000,25000000,0.5,120000000.0,0.31,0.08750000000000001,0.233,50000000000.0,25000000000.0,22666187500.0,11028687500.0,175,58,10,412000000.0,0.0,120000000.0,23250000.0,41627000.0,22666187.5,21009718.093565505,21009718.093565505,5.5369127516778525,36,16
h3_prize_structure,structure_flatter,Nižší skewness,Plošší rozdělení s menším podílem jackpotu.,155,370580,1000,25000000,0.5,120000000.0,0.31,0.08750000000000001,0.233,50000000000.0,25000000000.0,22671600000.0,11034100000.0,186,60,9,431250000.0,0.0,120000000.0,7750000.0,40685000.0,22671600.0,20603614.08685379,20603614.08685379,5.285714285714286,26,16
h3_prize_structure,structure_flatter,Nižší skewness,Plošší rozdělení s menším podílem jackpotu.,156,370581,1000,25000000,0.5,120000000.0,0.31,0.08750000000000001,0.233,50000000000.0,25000000000.0,22699337500.0,11061837500.0,175,45,12,303750000.0,0.0,120000000.0,0.0,42183000.0,22699337.5,21929176.10666994,21929176.10666994,5.809859154929577,24,16
h3_prize_structure,structure_flatter,Nižší skewness,Plošší rozdělení s menším podílem jackpotu.,157,370582,1000,25000000,0.5,120000000.0,0.31,0.08750000000000001,0.233,50000000000.0,25000000000.0,22692800000.0,11055300000.0,171,63,9,454500000.0,0.0,120000000.0,7750000.0,42943750.0,22692800.0,21278145.670147106,21278145.670147106,5.9640287769784175,37,16
h3_prize_structure,structure_flatter,Nižší skewness,Plošší rozdělení s menším podílem jackpotu.,158,370583,1000,25000000,0.5,120000000.0,0.31,0.08750000000000001,0.233,50000000000.0,25000000000.0,22593375000.0,10955875000.0,157,80,16,560000000.0,0.0,120000000.0,85250000.0,47158500.0,22593375.0,22270111.728993975,22270111.728993975,6.2444444444444445,29,16
h3_prize_structure,structure_flatter,Nižší skewness,Plošší rozdělení s menším podílem jackpotu.,159,370584,1000,25000000,0.5,120000000.0,0.31,0.08750000000000001,0.233,50000000000.0,25000000000.0,22628250000.0,10990750000.0,171,53,9,377000000.0,0.0,120000000.0,31000000.0,42635000.0,22628250.0,21604718.56881038,21604718.56881038,5.879432624113475,29,16
h3_prize_structure,structure_flatter,Nižší skewness,Plošší rozdělení s menším podílem jackpotu.,160,370585,1000,25000000,0.5,120000000.0,0.31,0.08750000000000001,0.233,50000000000.0,25000000000.0,22601100000.0,10963600000.0,172,45,11,307500000.0,0.0,120000000.0,77500000.0,42651750.0,22601100.0,21919935.30533336,21919935.30533336,6.17910447761194,28,16
h3_prize_structure,structure_flatter,Nižší skewness,Plošší rozdělení s menším podílem jackpotu.,161,370586,1000,25000000,0.5,120000000.0,0.31,0.08750000000000001,0.233,50000000000.0,25000000000.0,22678237500.0,11040737500.0,181,35,7,245000000.0,0.0,120000000.0,23250000.0,37878500.0,22678237.5,20481251.70857103,20481251.70857103,5.283870967741936,23,16
h3_prize_structure,structure_flatter,Nižší skewness,Plošší rozdělení s menším podílem jackpotu.,162,370587,1000,25000000,0.5,120000000.0,0.31,0.08750000000000001,0.233,50000000000.0,25000000000.0,22581300000.0,10943800000.0,147,100,16,715000000.0,0.0,120000000.0,100750000.0,50194000.0,22581300.0,22522891.029128566,22522891.029128566,6.934959349593496,29,16
h3_prize_structure,structure_flatter,Nižší skewness,Plošší rozdělení s menším podílem jackpotu.,163,370588,1000,25000000,0.5,120000000.0,0.31,0.08750000000000001,0.233,50000000000.0,25000000000.0,22667400000.0,11029900000.0,170,56,8,404000000.0,0.0,120000000.0,23250000.0,40642750.0,22667400.0,20677881.11098427,20677881.11098427,5.763888888888889,28,16
h3_prize_structure,structure_flatter,Nižší skewness,Plošší rozdělení s menším podílem jackpotu.,164,370589,1000,25000000,0.5,120000000.0,0.31,0.08750000000000001,0.233,50000000000.0,25000000000.0,22669550000.0,11032050000.0,166,95,11,695000000.0,0.0,120000000.0,0.0,46512750.0,22669550.0,21284107.81069998,21284107.81069998,6.465116279069767,41,16
h3_prize_structure,structure_flatter,Nižší skewness,Plošší rozdělení s menším podílem jackpotu.,165,370590,1000,25000000,0.5,120000000.0,0.31,0.08750000000000001,0.233,50000000000.0,25000000000.0,22635550000.0,10998050000.0,172,71,12,505250000.0,0.0,120000000.0,23250000.0,43288000.0,22635550.0,21190390.951973964,21190390.951973964,5.63265306122449,27,16
h3_prize_structure,structure_flatter,Nižší skewness,Plošší rozdělení s menším podílem jackpotu.,166,370591,1000,25000000,0.5,120000000.0,0.31,0.08750000000000001,0.233,50000000000.0,25000000000.0,22651137500.0,11013637500.0,163,77,13,548000000.0,0.0,120000000.0,7750000.0,45430250.0,22651137.5,21815081.08195667,21815081.08195667,6.065217391304348,34,16
h3_prize_structure,structure_flatter,Nižší skewness,Plošší rozdělení s menším podílem jackpotu.,167,370592,1000,25000000,0.5,120000000.0,0.31,0.08750000000000001,0.233,50000000000.0,25000000000.0,22596437500.0,10958937500.0,167,50,10,350000000.0,0.0,120000000.0,100750000.0,43147000.0,22596437.5,21764012.382022846,21764012.382022846,6.036231884057971,26,16
h3_prize_structure,structure_flatter,Nižší skewness,Plošší rozdělení s menším podílem jackpotu.,168,370593,1000,25000000,0.5,120000000.0,0.31,0.08750000000000001,0.233,50000000000.0,25000000000.0,22606237500.0,10968737500.0,165,63,13,439500000.0,0.0,120000000.0,62000000.0,44091250.0,22606237.5,21877535.93871677,21877535.93871677,6.050724637681159,30,16
h3_prize_structure,structure_flatter,Nižší skewness,Plošší rozdělení s menším podílem jackpotu.,169,370594,1000,25000000,0.5,120000000.0,0.31,0.08750000000000001,0.233,50000000000.0,25000000000.0,22632787500.0,10995287500.0,157,70,15,486250000.0,0.0,120000000.0,54250000.0,47822250.0,22632787.5,22994892.37061339,22994892.37061339,6.637795275590551,28,16
h3_prize_structure,structure_flatter,Nižší skewness,Plošší rozdělení s menším podílem jackpotu.,170,370595,1000,25000000,0.5,120000000.0,0.31,0.08750000000000001,0.233,50000000000.0,25000000000.0,22585600000.0,10948100000.0,158,79,13,563500000.0,0.0,120000000.0,77500000.0,46577000.0,22585600.0,22064755.44029437,22064755.44029437,6.476923076923077,44,16
h3_prize_structure,structure_flatter,Nižší skewness,Plošší rozdělení s menším podílem jackpotu.,171,370596,1000,25000000,0.5,120000000.0,0.31,0.08750000000000001,0.233,50000000000.0,25000000000.0,22690650000.0,11053150000.0,162,65,10,466250000.0,0.0,120000000.0,0.0,44420000.0,22690650.0,21734439.378035497,21734439.378035497,5.985714285714286,35,16
h3_prize_structure,structure_flatter,Nižší skewness,Plošší rozdělení s menším podílem jackpotu.,172,370597,1000,25000000,0.5,120000000.0,0.31,0.08750000000000001,0.233,50000000000.0,25000000000.0,22662737500.0,11025237500.0,164,87,13,625500000.0,0.0,120000000.0,23250000.0,46614750.0,22662737.5,21731894.916512545,21731894.916512545,6.192592592592592,33,16
h3_prize_structure,structure_flatter,Nižší skewness,Plošší rozdělení s menším podílem jackpotu.,173,370598,1000,25000000,0.5,120000000.0,0.31,0.08750000000000001,0.233,50000000000.0,25000000000.0,22658800000.0,11021300000.0,144,83,15,587000000.0,0.0,120000000.0,7750000.0,47623000.0,22658800.0,22424974.63900461,22424974.63900461,6.74015748031496,33,16
h3_prize_structure,structure_flatter,Nižší skewness,Plošší rozdělení s menším podílem jackpotu.,174,370599,1000,25000000,0.5,120000000.0,0.31,0.08750000000000001,0.233,50000000000.0,25000000000.0,22620987500.0,10983487500.0,154,92,14,660500000.0,0.0,120000000.0,69750000.0,50063000.0,22620987.5,22735049.256183583,22735049.256183583,6.878048780487805,50,16
h3_prize_structure,structure_flatter,Nižší skewness,Plošší rozdělení s menším podílem jackpotu.,175,370600,1000,25000000,0.5,120000000.0,0.31,0.08750000000000001,0.233,50000000000.0,25000000000.0,22541037500.0,10903537500.0,162,62,11,439250000.0,0.0,120000000.0,120000000.0,43947750.0,22541037.5,21486440.167692825,21486440.167692825,5.943262411347518,28,16
h3_prize_structure,structure_flatter,Nižší skewness,Plošší rozdělení s menším podílem jackpotu.,176,370601,1000,25000000,0.5,120000000.0,0.31,0.08750000000000001,0.233,50000000000.0,25000000000.0,22604150000.0,10966650000.0,151,97,12,706750000.0,0.0,120000000.0,54250000.0,48516000.0,22604150.0,21982335.64199901,21982335.64199901,6.902439024390244,34,16
h3_prize_structure,structure_flatter,Nižší skewness,Plošší rozdělení s menším podílem jackpotu.,177,370602,1000,25000000,0.5,120000000.0,0.31,0.08750000000000001,0.233,50000000000.0,25000000000.0,22673937500.0,11036437500.0,169,31,4,225250000.0,0.0,120000000.0,15500000.0,40060250.0,22673937.5,21302760.52304827,21302760.52304827,5.731034482758621,33,16
h3_prize_structure,structure_flatter,Nižší skewness,Plošší rozdělení s menším podílem jackpotu.,178,370603,1000,25000000,0.5,120000000.0,0.31,0.08750000000000001,0.233,50000000000.0,25000000000.0,22636000000.0,10998500000.0,168,80,11,578750000.0,0.0,120000000.0,15500000.0,44441500.0,22636000.0,21227505.835589822,21227505.835589822,5.900709219858156,39,16
h3_prize_structure,structure_flatter,Nižší skewness,Plošší rozdělení s menším podílem jackpotu.,179,370604,1000,25000000,0.5,120000000.0,0.31,0.08750000000000001,0.233,50000000000.0,25000000000.0,22645387500.0,11007887500.0,191,40,9,276250000.0,0.0,120000000.0,46500000.0,38881750.0,22645387.5,20681383.660942364,20681383.660942364,5.1528662420382165,26,16
h3_prize_structure,structure_flatter,Nižší skewness,Plošší rozdělení s menším podílem jackpotu.,180,370605,1000,25000000,0.5,120000000.0,0.31,0.08750000000000001,0.233,50000000000.0,25000000000.0,22642537500.0,11005037500.0,156,59,15,401000000.0,0.0,120000000.0,15500000.0,45781500.0,22642537.5,22686186.947509352,22686186.947509352,6.115942028985507,25,16
h3_prize_structure,structure_flatter,Nižší skewness,Plošší rozdělení s menším podílem jackpotu.,181,370606,1000,25000000,0.5,120000000.0,0.31,0.08750000000000001,0.233,50000000000.0,25000000000.0,22679750000.0,11042250000.0,144,95,19,665000000.0,0.0,120000000.0,0.0,51024250.0,22679750.0,23289580.340519235,23289580.340519235,6.903225806451613,33,16
h3_prize_structure,structure_flatter,Nižší skewness,Plošší rozdělení s menším podílem jackpotu.,182,370607,1000,25000000,0.5,120000000.0,0.31,0.08750000000000001,0.233,50000000000.0,25000000000.0,22664037500.0,11026537500.0,158,75,12,536250000.0,0.0,120000000.0,7750000.0,45682250.0,22664037.5,21926838.990261313,21926838.990261313,6.378787878787879,32,16
h3_prize_structure,structure_flatter,Nižší skewness,Plošší rozdělení s menším podílem jackpotu.,183,370608,1000,25000000,0.5,120000000.0,0.31,0.08750000000000001,0.233,50000000000.0,25000000000.0,22539550000.0,10902050000.0,163,87,12,629250000.0,0.0,120000000.0,120000000.0,45107250.0,22539550.0,20893659.404170923,20893659.404170923,5.978571428571429,33,16
h3_prize_structure,structure_flatter,Nižší skewness,Plošší rozdělení s menším podílem jackpotu.,184,370609,1000,25000000,0.5,120000000.0,0.31,0.08750000000000001,0.233,50000000000.0,25000000000.0,22620050000.0,10982550000.0,170,52,9,369250000.0,0.0,120000000.0,54250000.0,40996000.0,22620050.0,20900256.708889965,20900256.708889965,5.724137931034483,30,16
h3_prize_structure,structure_flatter,Nižší skewness,Plošší rozdělení s menším podílem jackpotu.,185,370610,1000,25000000,0.5,120000000.0,0.31,0.08750000000000001,0.233,50000000000.0,25000000000.0,22658250000.0,11020750000.0,183,52,10,365500000.0,0.0,120000000.0,7750000.0,42077250.0,22658250.0,21540086.337744795,21540086.337744795,5.713286713286713,26,16
h3_prize_structure,structure_flatter,Nižší skewness,Plošší rozdělení s menším podílem jackpotu.,186,370611,1000,25000000,0.5,120000000.0,0.31,0.08750000000000001,0.233,50000000000.0,25000000000.0,22584750000.0,10947250000.0,166,80,9,586250000.0,0.0,120000000.0,93000000.0,44797750.0,22584750.0,21000825.696564887,21000825.696564887,5.914893617021277,29,16
h3_prize_structure,structure_flatter,Nižší skewness,Plošší rozdělení s menším podílem jackpotu.,187,370612,1000,25000000,0.5,120000000.0,0.31,0.08750000000000001,0.233,50000000000.0,25000000000.0,22610150000.0,10972650000.0,163,79,12,567250000.0,0.0,120000000.0,46500000.0,46201000.0,22610150.0,21868937.890933342,21868937.890933342,6.2,39,16
h3_prize_structure,structure_flatter,Nižší skewness,Plošší rozdělení s menším podílem jackpotu.,188,370613,1000,25000000,0.5,120000000.0,0.31,0.08750000000000001,0.233,50000000000.0,25000000000.0,22700187500.0,11062687500.0,154,81,15,571500000.0,0.0,120000000.0,7750000.0,46701000.0,22700187.5,22216977.266745668,22216977.266745668,6.220588235294118,28,16
h3_prize_structure,structure_flatter,Nižší skewness,Plošší rozdělení s menším podílem jackpotu.,189,370614,1000,25000000,0.5,120000000.0,0.31,0.08750000000000001,0.233,50000000000.0,25000000000.0,22636000000.0,10998500000.0,171,56,12,389000000.0,0.0,120000000.0,31000000.0,42681500.0,22636000.0,21629297.353358477,21629297.353358477,5.921428571428572,27,16
h3_prize_structure,structure_flatter,Nižší skewness,Plošší rozdělení s menším podílem jackpotu.,190,370615,1000,25000000,0.5,120000000.0,0.31,0.08750000000000001,0.233,50000000000.0,25000000000.0,22645625000.0,11008125000.0,173,51,12,350250000.0,0.0,120000000.0,15500000.0,42786750.0,22645625.0,21879944.610804547,21879944.610804547,5.865248226950355,27,16
h3_prize_structure,structure_flatter,Nižší skewness,Plošší rozdělení s menším podílem jackpotu.,191,370616,1000,25000000,0.5,120000000.0,0.31,0.08750000000000001,0.233,50000000000.0,25000000000.0,22672237500.0,11034737500.0,178,33,5,237000000.0,0.0,120000000.0,0.0,38529500.0,22672237.5,20705668.291553494,20705668.291553494,5.516778523489933,36,16
h3_prize_structure,structure_flatter,Nižší skewness,Plošší rozdělení s menším podílem jackpotu.,192,370617,1000,25000000,0.5,120000000.0,0.31,0.08750000000000001,0.233,50000000000.0,25000000000.0,22684600000.0,11047100000.0,173,55,9,392500000.0,0.0,120000000.0,15500000.0,41549750.0,22684600.0,21131949.33838334,21131949.33838334,5.587837837837838,40,16
h3_prize_structure,structure_flatter,Nižší skewness,Plošší rozdělení s menším podílem jackpotu.,193,370618,1000,25000000,0.5,120000000.0,0.31,0.08750000000000001,0.233,50000000000.0,25000000000.0,22630400000.0,10992900000.0,172,53,7,384500000.0,0.0,120000000.0,38750000.0,41658250.0,22630400.0,21076521.55456398,21076521.55456398,5.594594594594595,29,16
h3_prize_structure,structure_flatter,Nižší skewness,Plošší rozdělení s menším podílem jackpotu.,194,370619,1000,25000000,0.5,120000000.0,0.31,0.08750000000000001,0.233,50000000000.0,25000000000.0,22665250000.0,11027750000.0,174,32,8,218000000.0,0.0,120000000.0,23250000.0,41211500.0,22665250.0,21886866.608482357,21886866.608482357,5.858156028368795,22,16
h3_prize_structure,structure_flatter,Nižší skewness,Plošší rozdělení s menším podílem jackpotu.,195,370620,1000,25000000,0.5,120000000.0,0.31,0.08750000000000001,0.233,50000000000.0,25000000000.0,22659650000.0,11022150000.0,135,98,16,699500000.0,0.0,120000000.0,23250000.0,51411000.0,22659650.0,23132777.381401915,23132777.381401915,7.330508474576271,30,16
h3_prize_structure,structure_flatter,Nižší skewness,Plošší rozdělení s menším podílem jackpotu.,196,370621,1000,25000000,0.5,120000000.0,0.31,0.08750000000000001,0.233,50000000000.0,25000000000.0,22659650000.0,11022150000.0,173,64,10,458500000.0,0.0,120000000.0,31000000.0,42781000.0,22659650.0,21210596.157993767,21210596.157993767,5.703448275862069,40,16
h3_prize_structure,structure_flatter,Nižší skewness,Plošší rozdělení s menším podílem jackpotu.,197,370622,1000,25000000,0.5,120000000.0,0.31,0.08750000000000001,0.233,50000000000.0,25000000000.0,22685050000.0,11047550000.0,185,36,9,245250000.0,0.0,120000000.0,15500000.0,39448000.0,22685050.0,21151070.871175766,21151070.871175766,5.3618421052631575,27,16
h3_prize_structure,structure_flatter,Nižší skewness,Plošší rozdělení s menším podílem jackpotu.,198,370623,1000,25000000,0.5,120000000.0,0.31,0.08750000000000001,0.233,50000000000.0,25000000000.0,22584287500.0,10946787500.0,183,31,8,210250000.0,0.0,120000000.0,85250000.0,39820500.0,22584287.5,21319795.45571659,21319795.45571659,5.170886075949367,25,16
h3_prize_structure,structure_flatter,Nižší skewness,Plošší rozdělení s menším podílem jackpotu.,199,370624,1000,25000000,0.5,120000000.0,0.31,0.08750000000000001,0.233,50000000000.0,25000000000.0,22681600000.0,11044100000.0,168,67,9,485500000.0,0.0,120000000.0,15500000.0,44175500.0,22681600.0,21559245.845808245,21559245.845808245,6.351145038167939,31,16
h3_prize_structure,structure_flatter,Nižší skewness,Plošší rozdělení s menším podílem jackpotu.,200,370625,1000,25000000,0.5,120000000.0,0.31,0.08750000000000001,0.233,50000000000.0,25000000000.0,22688050000.0,11050550000.0,150,76,16,529000000.0,0.0,120000000.0,0.0,48313750.0,22688050.0,22920621.821789652,22920621.821789652,6.692913385826771,29,16
